solid OpenSCAD_Model
  facet normal 0 0 -1
    outer loop
      vertex -13 -16 35
      vertex -5.262878652352843 -4.6154207057004815 35
      vertex -4.949747468305833 -4.949747468305833 35
    endloop
  endfacet
  facet normal 0 0 -1
    outer loop
      vertex -13 -16 35
      vertex -5.553473382038646 -4.261330003061045 35
      vertex -5.262878652352843 -4.6154207057004815 35
    endloop
  endfacet
  facet normal 0 0 -1
    outer loop
      vertex -13 -16 35
      vertex -5.820287286117817 -3.8889916311372152 35
      vertex -5.553473382038646 -4.261330003061045 35
    endloop
  endfacet
  facet normal 0 0 -1
    outer loop
      vertex -13 -16 35
      vertex -4.949747468305833 -4.949747468305833 35
      vertex -4.6154207057004815 -5.262878652352843 35
    endloop
  endfacet
  facet normal 0 0 -1
    outer loop
      vertex -13 -16 35
      vertex -4.261330003061045 -5.553473382038646 35
      vertex -3.8889916311372152 -5.820287286117817 35
    endloop
  endfacet
  facet normal 0 0 -1
    outer loop
      vertex -13 -16 35
      vertex -3.8889916311372152 -5.820287286117817 35
      vertex -3.5 -6.06217782649107 35
    endloop
  endfacet
  facet normal 0 0 -1
    outer loop
      vertex -13 -16 35
      vertex -3.5 -6.06217782649107 35
      vertex -3.096020831533009 -6.278109190728818 35
    endloop
  endfacet
  facet normal 0 0 -1
    outer loop
      vertex -13 -16 35
      vertex -4.6154207057004815 -5.262878652352843 35
      vertex -4.261330003061045 -5.553473382038646 35
    endloop
  endfacet
  facet normal -1 0 0
    outer loop
      vertex -13 -16 35
      vertex -13 -14 37
      vertex -13 14 37
    endloop
  endfacet
  facet normal 0 0 -1
    outer loop
      vertex -13 -16 35
      vertex -13 16 35
      vertex -6.62851090646574 -2.250076257122131 35
    endloop
  endfacet
  facet normal 0 0 -1
    outer loop
      vertex -13 -16 35
      vertex -6.467156727579007 -2.6787840265556286 35
      vertex -6.278109190728818 -3.096020831533009 35
    endloop
  endfacet
  facet normal 0 0 -1
    outer loop
      vertex -13 -16 35
      vertex -6.278109190728818 -3.096020831533009 35
      vertex -6.06217782649107 -3.5 35
    endloop
  endfacet
  facet normal 0 0 -1
    outer loop
      vertex -13 -16 35
      vertex -6.06217782649107 -3.5 35
      vertex -5.820287286117817 -3.8889916311372152 35
    endloop
  endfacet
  facet normal 0 0 -1
    outer loop
      vertex -13 -16 35
      vertex -6.62851090646574 -2.250076257122131 35
      vertex -6.467156727579007 -2.6787840265556286 35
    endloop
  endfacet
  facet normal 0 0 -1
    outer loop
      vertex -13 -16 35
      vertex -3.096020831533009 -6.278109190728818 35
      vertex -2.6787840265556286 -6.467156727579007 35
    endloop
  endfacet
  facet normal 0 0 -1
    outer loop
      vertex -13 -16 35
      vertex -2.6787840265556286 -6.467156727579007 35
      vertex -2.250076257122131 -6.62851090646574 35
    endloop
  endfacet
  facet normal 0 0 -1
    outer loop
      vertex -13 -16 35
      vertex -2.250076257122131 -6.62851090646574 35
      vertex -1.8117333157176452 -6.761480784023478 35
    endloop
  endfacet
  facet normal 0 0 -1
    outer loop
      vertex -13 -16 35
      vertex -1.8117333157176452 -6.761480784023478 35
      vertex -1.3656322541128978 -6.865496962822613 35
    endloop
  endfacet
  facet normal 0 0 -1
    outer loop
      vertex -13 -16 35
      vertex -1.3656322541128978 -6.865496962822613 35
      vertex -0.913683345540361 -6.940114029616673 35
    endloop
  endfacet
  facet normal 0 0 -1
    outer loop
      vertex -13 -16 35
      vertex -0.913683345540361 -6.940114029616673 35
      vertex -0.4578219046110014 -6.985012462670224 35
    endloop
  endfacet
  facet normal 0 0 -1
    outer loop
      vertex -13 -16 35
      vertex -0.4578219046110014 -6.985012462670224 35
      vertex 0 -7 35
    endloop
  endfacet
  facet normal 0 0 -1
    outer loop
      vertex -13 -16 35
      vertex 0 -7 35
      vertex 0.4578219046110014 -6.985012462670224 35
    endloop
  endfacet
  facet normal 0 0 -1
    outer loop
      vertex -13 -16 35
      vertex 0.4578219046110014 -6.985012462670224 35
      vertex 0.913683345540361 -6.940114029616673 35
    endloop
  endfacet
  facet normal 0 0 -1
    outer loop
      vertex -13 -16 35
      vertex 0.913683345540361 -6.940114029616673 35
      vertex 1.3656322541128978 -6.865496962822613 35
    endloop
  endfacet
  facet normal 0 0 -1
    outer loop
      vertex -13 -16 35
      vertex 1.3656322541128978 -6.865496962822613 35
      vertex 1.8117333157176452 -6.761480784023478 35
    endloop
  endfacet
  facet normal -1 0 0
    outer loop
      vertex -13 -16 35
      vertex -13 -16 80
      vertex -13 -14 37
    endloop
  endfacet
  facet normal -1 0 0
    outer loop
      vertex -13 -14 37
      vertex -13 -16 80
      vertex -13 -14 78
    endloop
  endfacet
  facet normal -1 0 0
    outer loop
      vertex -13 -16 80
      vertex -13 16 80
      vertex -13 -14 78
    endloop
  endfacet
  facet normal 0 0 1
    outer loop
      vertex -13 -16 80
      vertex -1.6629392246050905 -1.1111404660392044 80
      vertex -13 16 80
    endloop
  endfacet
  facet normal 0 -1 0
    outer loop
      vertex -13 -16 35
      vertex 13 -16 80
      vertex -13 -16 80
    endloop
  endfacet
  facet normal 0 0 1
    outer loop
      vertex -13 -16 80
      vertex -1.5867066805824703 -1.2175228580174413 80
      vertex -1.6629392246050905 -1.1111404660392044 80
    endloop
  endfacet
  facet normal 0 0 1
    outer loop
      vertex -13 -16 80
      vertex -1.503679614957955 -1.3186916302001377 80
      vertex -1.5867066805824703 -1.2175228580174413 80
    endloop
  endfacet
  facet normal 0 0 1
    outer loop
      vertex -13 -16 80
      vertex -1.4142135623730951 -1.4142135623730951 80
      vertex -1.503679614957955 -1.3186916302001377 80
    endloop
  endfacet
  facet normal 0 0 1
    outer loop
      vertex -13 -16 80
      vertex -0.8845773804380026 -1.7937454830653765 80
      vertex -1 -1.7320508075688772 80
    endloop
  endfacet
  facet normal 0 0 1
    outer loop
      vertex -13 -16 80
      vertex -0.7653668647301796 -1.8477590650225735 80
      vertex -0.8845773804380026 -1.7937454830653765 80
    endloop
  endfacet
  facet normal 0 0 1
    outer loop
      vertex -13 -16 80
      vertex -1.3186916302001377 -1.503679614957955 80
      vertex -1.4142135623730951 -1.4142135623730951 80
    endloop
  endfacet
  facet normal 0 0 1
    outer loop
      vertex -13 -16 80
      vertex -1.1111404660392044 -1.6629392246050905 80
      vertex -1.2175228580174413 -1.5867066805824703 80
    endloop
  endfacet
  facet normal 0 0 1
    outer loop
      vertex -13 -16 80
      vertex -1.2175228580174413 -1.5867066805824703 80
      vertex -1.3186916302001377 -1.503679614957955 80
    endloop
  endfacet
  facet normal 0 0 1
    outer loop
      vertex -13 -16 80
      vertex -1 -1.7320508075688772 80
      vertex -1.1111404660392044 -1.6629392246050905 80
    endloop
  endfacet
  facet normal 0 0 1
    outer loop
      vertex -13 -16 80
      vertex -0.6428789306063232 -1.8938602589902114 80
      vertex -0.7653668647301796 -1.8477590650225735 80
    endloop
  endfacet
  facet normal 0 0 1
    outer loop
      vertex -13 -16 80
      vertex -0.5176380902050415 -1.9318516525781366 80
      vertex -0.6428789306063232 -1.8938602589902114 80
    endloop
  endfacet
  facet normal 0 0 1
    outer loop
      vertex -13 -16 80
      vertex -0.3901806440322565 -1.9615705608064609 80
      vertex -0.5176380902050415 -1.9318516525781366 80
    endloop
  endfacet
  facet normal 0 0 1
    outer loop
      vertex -13 -16 80
      vertex -0.26105238444010315 -1.9828897227476208 80
      vertex -0.3901806440322565 -1.9615705608064609 80
    endloop
  endfacet
  facet normal 0 0 1
    outer loop
      vertex -13 -16 80
      vertex -0.13080625846028612 -1.995717846477207 80
      vertex -0.26105238444010315 -1.9828897227476208 80
    endloop
  endfacet
  facet normal 0 0 1
    outer loop
      vertex -13 -16 80
      vertex 0 -2 80
      vertex -0.13080625846028612 -1.995717846477207 80
    endloop
  endfacet
  facet normal 0 0 1
    outer loop
      vertex -13 -16 80
      vertex 0.13080625846028612 -1.995717846477207 80
      vertex 0 -2 80
    endloop
  endfacet
  facet normal 0 0 1
    outer loop
      vertex -13 -16 80
      vertex 0.26105238444010315 -1.9828897227476208 80
      vertex 0.13080625846028612 -1.995717846477207 80
    endloop
  endfacet
  facet normal 0 0 1
    outer loop
      vertex -13 -16 80
      vertex 0.3901806440322565 -1.9615705608064609 80
      vertex 0.26105238444010315 -1.9828897227476208 80
    endloop
  endfacet
  facet normal 0 0 1
    outer loop
      vertex -13 -16 80
      vertex 0.5176380902050415 -1.9318516525781366 80
      vertex 0.3901806440322565 -1.9615705608064609 80
    endloop
  endfacet
  facet normal 0 0 1
    outer loop
      vertex -13 -16 80
      vertex 0.6428789306063232 -1.8938602589902114 80
      vertex 0.5176380902050415 -1.9318516525781366 80
    endloop
  endfacet
  facet normal 0 0 1
    outer loop
      vertex -13 -16 80
      vertex 0.7653668647301796 -1.8477590650225735 80
      vertex 0.6428789306063232 -1.8938602589902114 80
    endloop
  endfacet
  facet normal 0 0 1
    outer loop
      vertex -13 -16 80
      vertex 0.8845773804380026 -1.7937454830653765 80
      vertex 0.7653668647301796 -1.8477590650225735 80
    endloop
  endfacet
  facet normal -1 0 0
    outer loop
      vertex -13 -16 35
      vertex -13 14 37
      vertex -13 16 35
    endloop
  endfacet
  facet normal 0 0 -1
    outer loop
      vertex -6.62851090646574 -2.250076257122131 35
      vertex -13 16 35
      vertex -6.761480784023478 -1.8117333157176452 35
    endloop
  endfacet
  facet normal 0 0 -1
    outer loop
      vertex -6.940114029616673 -0.913683345540361 35
      vertex -13 16 35
      vertex -6.985012462670224 -0.4578219046110014 35
    endloop
  endfacet
  facet normal 0 0 -1
    outer loop
      vertex -6.985012462670224 -0.4578219046110014 35
      vertex -13 16 35
      vertex -7 0 35
    endloop
  endfacet
  facet normal 0 0 -1
    outer loop
      vertex -7 0 35
      vertex -13 16 35
      vertex -6.985012462670224 0.4578219046110014 35
    endloop
  endfacet
  facet normal 0 0 -1
    outer loop
      vertex -6.985012462670224 0.4578219046110014 35
      vertex -13 16 35
      vertex -6.940114029616673 0.913683345540361 35
    endloop
  endfacet
  facet normal 0 0 -1
    outer loop
      vertex -6.761480784023478 -1.8117333157176452 35
      vertex -13 16 35
      vertex -6.865496962822613 -1.3656322541128978 35
    endloop
  endfacet
  facet normal 0 0 -1
    outer loop
      vertex -6.865496962822613 -1.3656322541128978 35
      vertex -13 16 35
      vertex -6.940114029616673 -0.913683345540361 35
    endloop
  endfacet
  facet normal 0 0 -1
    outer loop
      vertex -6.940114029616673 0.913683345540361 35
      vertex -13 16 35
      vertex -6.865496962822613 1.3656322541128978 35
    endloop
  endfacet
  facet normal 0 0 -1
    outer loop
      vertex -6.865496962822613 1.3656322541128978 35
      vertex -13 16 35
      vertex -6.761480784023478 1.8117333157176452 35
    endloop
  endfacet
  facet normal 0 0 -1
    outer loop
      vertex -6.761480784023478 1.8117333157176452 35
      vertex -13 16 35
      vertex -6.62851090646574 2.250076257122131 35
    endloop
  endfacet
  facet normal 0 0 -1
    outer loop
      vertex -6.62851090646574 2.250076257122131 35
      vertex -13 16 35
      vertex -6.467156727579007 2.6787840265556286 35
    endloop
  endfacet
  facet normal 0 0 -1
    outer loop
      vertex -13 16 35
      vertex -6.278109190728818 3.096020831533009 35
      vertex -6.467156727579007 2.6787840265556286 35
    endloop
  endfacet
  facet normal 0 0 -1
    outer loop
      vertex -13 16 35
      vertex -6.06217782649107 3.5 35
      vertex -6.278109190728818 3.096020831533009 35
    endloop
  endfacet
  facet normal 0 0 -1
    outer loop
      vertex -13 16 35
      vertex -5.820287286117817 3.8889916311372152 35
      vertex -6.06217782649107 3.5 35
    endloop
  endfacet
  facet normal 0 0 -1
    outer loop
      vertex -13 16 35
      vertex -5.553473382038646 4.261330003061045 35
      vertex -5.820287286117817 3.8889916311372152 35
    endloop
  endfacet
  facet normal 0 0 -1
    outer loop
      vertex -13 16 35
      vertex -5.262878652352843 4.6154207057004815 35
      vertex -5.553473382038646 4.261330003061045 35
    endloop
  endfacet
  facet normal 0 0 -1
    outer loop
      vertex -13 16 35
      vertex -4.949747468305833 4.949747468305833 35
      vertex -5.262878652352843 4.6154207057004815 35
    endloop
  endfacet
  facet normal 0 0 -1
    outer loop
      vertex -13 16 35
      vertex -4.6154207057004815 5.262878652352843 35
      vertex -4.949747468305833 4.949747468305833 35
    endloop
  endfacet
  facet normal 0 0 -1
    outer loop
      vertex -13 16 35
      vertex -4.261330003061045 5.553473382038646 35
      vertex -4.6154207057004815 5.262878652352843 35
    endloop
  endfacet
  facet normal 0 0 -1
    outer loop
      vertex -13 16 35
      vertex -3.8889916311372152 5.820287286117817 35
      vertex -4.261330003061045 5.553473382038646 35
    endloop
  endfacet
  facet normal 0 0 -1
    outer loop
      vertex -13 16 35
      vertex -3.5 6.06217782649107 35
      vertex -3.8889916311372152 5.820287286117817 35
    endloop
  endfacet
  facet normal 0 0 -1
    outer loop
      vertex -13 16 35
      vertex -3.096020831533009 6.278109190728818 35
      vertex -3.5 6.06217782649107 35
    endloop
  endfacet
  facet normal 0 0 -1
    outer loop
      vertex -13 16 35
      vertex -2.6787840265556286 6.467156727579007 35
      vertex -3.096020831533009 6.278109190728818 35
    endloop
  endfacet
  facet normal 0 0 -1
    outer loop
      vertex -13 16 35
      vertex -2.250076257122131 6.62851090646574 35
      vertex -2.6787840265556286 6.467156727579007 35
    endloop
  endfacet
  facet normal 0 0 -1
    outer loop
      vertex -13 16 35
      vertex -1.8117333157176452 6.761480784023478 35
      vertex -2.250076257122131 6.62851090646574 35
    endloop
  endfacet
  facet normal 0 0 -1
    outer loop
      vertex -13 16 35
      vertex 13 16 35
      vertex -1.8117333157176452 6.761480784023478 35
    endloop
  endfacet
  facet normal -1 0 0
    outer loop
      vertex -13 -14 78
      vertex -13 16 80
      vertex -13 14 78
    endloop
  endfacet
  facet normal -1 0 0
    outer loop
      vertex -13 14 37
      vertex -13 14 78
      vertex -13 16 35
    endloop
  endfacet
  facet normal -1 0 0
    outer loop
      vertex -13 16 35
      vertex -13 14 78
      vertex -13 16 80
    endloop
  endfacet
  facet normal 0 0 1
    outer loop
      vertex -1.7937454830653765 -0.8845773804380026 80
      vertex -13 16 80
      vertex -1.7320508075688772 -1 80
    endloop
  endfacet
  facet normal 0 0 1
    outer loop
      vertex -1.9318516525781366 -0.5176380902050415 80
      vertex -13 16 80
      vertex -1.8938602589902114 -0.6428789306063232 80
    endloop
  endfacet
  facet normal 0 0 1
    outer loop
      vertex -1.8477590650225735 -0.7653668647301796 80
      vertex -13 16 80
      vertex -1.7937454830653765 -0.8845773804380026 80
    endloop
  endfacet
  facet normal 0 0 1
    outer loop
      vertex -1.8477590650225735 -0.7653668647301796 80
      vertex -1.8938602589902114 -0.6428789306063232 80
      vertex -13 16 80
    endloop
  endfacet
  facet normal 0 0 1
    outer loop
      vertex -1.6629392246050905 -1.1111404660392044 80
      vertex -1.7320508075688772 -1 80
      vertex -13 16 80
    endloop
  endfacet
  facet normal 0 0 1
    outer loop
      vertex -1.9615705608064609 -0.3901806440322565 80
      vertex -1.9828897227476208 -0.26105238444010315 80
      vertex -13 16 80
    endloop
  endfacet
  facet normal 0 0 1
    outer loop
      vertex -1.9318516525781366 -0.5176380902050415 80
      vertex -1.9615705608064609 -0.3901806440322565 80
      vertex -13 16 80
    endloop
  endfacet
  facet normal 0 0 1
    outer loop
      vertex -1.9828897227476208 -0.26105238444010315 80
      vertex -1.995717846477207 -0.13080625846028612 80
      vertex -13 16 80
    endloop
  endfacet
  facet normal 0 0 1
    outer loop
      vertex -1.995717846477207 -0.13080625846028612 80
      vertex -2 0 80
      vertex -13 16 80
    endloop
  endfacet
  facet normal 0 0 1
    outer loop
      vertex -13 16 80
      vertex -2 0 80
      vertex -1.995717846477207 0.13080625846028612 80
    endloop
  endfacet
  facet normal 0 0 1
    outer loop
      vertex -13 16 80
      vertex -1.995717846477207 0.13080625846028612 80
      vertex -1.9828897227476208 0.26105238444010315 80
    endloop
  endfacet
  facet normal 0 0 1
    outer loop
      vertex -13 16 80
      vertex -1.9828897227476208 0.26105238444010315 80
      vertex -1.9615705608064609 0.3901806440322565 80
    endloop
  endfacet
  facet normal 0 0 1
    outer loop
      vertex -13 16 80
      vertex -1.9615705608064609 0.3901806440322565 80
      vertex -1.9318516525781366 0.5176380902050415 80
    endloop
  endfacet
  facet normal 0 0 1
    outer loop
      vertex -13 16 80
      vertex -1.9318516525781366 0.5176380902050415 80
      vertex -1.8938602589902114 0.6428789306063232 80
    endloop
  endfacet
  facet normal 0 0 1
    outer loop
      vertex -13 16 80
      vertex -1.8938602589902114 0.6428789306063232 80
      vertex -1.8477590650225735 0.7653668647301796 80
    endloop
  endfacet
  facet normal 0 0 1
    outer loop
      vertex -13 16 80
      vertex -1.8477590650225735 0.7653668647301796 80
      vertex -1.7937454830653765 0.8845773804380026 80
    endloop
  endfacet
  facet normal 0 0 1
    outer loop
      vertex -13 16 80
      vertex -1.7937454830653765 0.8845773804380026 80
      vertex -1.7320508075688772 1 80
    endloop
  endfacet
  facet normal 0 0 1
    outer loop
      vertex -13 16 80
      vertex -1.7320508075688772 1 80
      vertex -1.6629392246050905 1.1111404660392044 80
    endloop
  endfacet
  facet normal 0 0 1
    outer loop
      vertex -13 16 80
      vertex -1.6629392246050905 1.1111404660392044 80
      vertex -1.5867066805824703 1.2175228580174413 80
    endloop
  endfacet
  facet normal 0 0 1
    outer loop
      vertex -13 16 80
      vertex -1.5867066805824703 1.2175228580174413 80
      vertex -1.503679614957955 1.3186916302001377 80
    endloop
  endfacet
  facet normal 0 0 1
    outer loop
      vertex -13 16 80
      vertex -1.503679614957955 1.3186916302001377 80
      vertex -1.4142135623730951 1.4142135623730951 80
    endloop
  endfacet
  facet normal 0 0 1
    outer loop
      vertex -13 16 80
      vertex -1.4142135623730951 1.4142135623730951 80
      vertex -1.3186916302001377 1.503679614957955 80
    endloop
  endfacet
  facet normal 0 0 1
    outer loop
      vertex -13 16 80
      vertex -1.3186916302001377 1.503679614957955 80
      vertex -1.2175228580174413 1.5867066805824703 80
    endloop
  endfacet
  facet normal 0 0 1
    outer loop
      vertex -13 16 80
      vertex -1.2175228580174413 1.5867066805824703 80
      vertex -1.1111404660392044 1.6629392246050905 80
    endloop
  endfacet
  facet normal 0 0 1
    outer loop
      vertex -13 16 80
      vertex -1.1111404660392044 1.6629392246050905 80
      vertex -1 1.7320508075688772 80
    endloop
  endfacet
  facet normal 0 0 1
    outer loop
      vertex -13 16 80
      vertex -1 1.7320508075688772 80
      vertex -0.8845773804380026 1.7937454830653765 80
    endloop
  endfacet
  facet normal 0 1 0
    outer loop
      vertex -13 16 35
      vertex -13 16 80
      vertex 13 16 35
    endloop
  endfacet
  facet normal 0 0 1
    outer loop
      vertex -13 16 80
      vertex -0.8845773804380026 1.7937454830653765 80
      vertex 13 16 80
    endloop
  endfacet
  facet normal 0 0 -1
    outer loop
      vertex -13 -16 35
      vertex 1.8117333157176452 -6.761480784023478 35
      vertex 13 -16 35
    endloop
  endfacet
  facet normal 0 0 -1
    outer loop
      vertex 1.8117333157176452 -6.761480784023478 35
      vertex 2.250076257122131 -6.62851090646574 35
      vertex 13 -16 35
    endloop
  endfacet
  facet normal 0 0 -1
    outer loop
      vertex 2.250076257122131 -6.62851090646574 35
      vertex 2.6787840265556286 -6.467156727579007 35
      vertex 13 -16 35
    endloop
  endfacet
  facet normal 0 0 -1
    outer loop
      vertex 2.6787840265556286 -6.467156727579007 35
      vertex 3.096020831533009 -6.278109190728818 35
      vertex 13 -16 35
    endloop
  endfacet
  facet normal 0 0 -1
    outer loop
      vertex 3.096020831533009 -6.278109190728818 35
      vertex 3.5 -6.06217782649107 35
      vertex 13 -16 35
    endloop
  endfacet
  facet normal 0 0 -1
    outer loop
      vertex 3.5 -6.06217782649107 35
      vertex 3.8889916311372152 -5.820287286117817 35
      vertex 13 -16 35
    endloop
  endfacet
  facet normal 0 0 -1
    outer loop
      vertex 3.8889916311372152 -5.820287286117817 35
      vertex 4.261330003061045 -5.553473382038646 35
      vertex 13 -16 35
    endloop
  endfacet
  facet normal 0 0 -1
    outer loop
      vertex 4.261330003061045 -5.553473382038646 35
      vertex 4.6154207057004815 -5.262878652352843 35
      vertex 13 -16 35
    endloop
  endfacet
  facet normal 0 0 -1
    outer loop
      vertex 4.6154207057004815 -5.262878652352843 35
      vertex 4.949747468305833 -4.949747468305833 35
      vertex 13 -16 35
    endloop
  endfacet
  facet normal 0 0 -1
    outer loop
      vertex 4.949747468305833 -4.949747468305833 35
      vertex 5.262878652352843 -4.6154207057004815 35
      vertex 13 -16 35
    endloop
  endfacet
  facet normal 0 0 -1
    outer loop
      vertex 5.262878652352843 -4.6154207057004815 35
      vertex 5.553473382038646 -4.261330003061045 35
      vertex 13 -16 35
    endloop
  endfacet
  facet normal 0 0 -1
    outer loop
      vertex 5.553473382038646 -4.261330003061045 35
      vertex 5.820287286117817 -3.8889916311372152 35
      vertex 13 -16 35
    endloop
  endfacet
  facet normal 0 0 -1
    outer loop
      vertex 5.820287286117817 -3.8889916311372152 35
      vertex 6.06217782649107 -3.5 35
      vertex 13 -16 35
    endloop
  endfacet
  facet normal 0 0 -1
    outer loop
      vertex 6.06217782649107 -3.5 35
      vertex 6.278109190728818 -3.096020831533009 35
      vertex 13 -16 35
    endloop
  endfacet
  facet normal 0 0 -1
    outer loop
      vertex 6.278109190728818 -3.096020831533009 35
      vertex 6.467156727579007 -2.6787840265556286 35
      vertex 13 -16 35
    endloop
  endfacet
  facet normal 0 0 -1
    outer loop
      vertex 6.467156727579007 -2.6787840265556286 35
      vertex 6.62851090646574 -2.250076257122131 35
      vertex 13 -16 35
    endloop
  endfacet
  facet normal 0 0 -1
    outer loop
      vertex 13 -16 35
      vertex 6.62851090646574 -2.250076257122131 35
      vertex 6.761480784023478 -1.8117333157176452 35
    endloop
  endfacet
  facet normal 0 0 -1
    outer loop
      vertex 13 -16 35
      vertex 6.761480784023478 -1.8117333157176452 35
      vertex 6.865496962822613 -1.3656322541128978 35
    endloop
  endfacet
  facet normal 0 0 -1
    outer loop
      vertex 13 -16 35
      vertex 6.865496962822613 -1.3656322541128978 35
      vertex 6.940114029616673 -0.913683345540361 35
    endloop
  endfacet
  facet normal 0 0 -1
    outer loop
      vertex 13 -16 35
      vertex 6.940114029616673 0.913683345540361 35
      vertex 6.865496962822613 1.3656322541128978 35
    endloop
  endfacet
  facet normal 0 0 -1
    outer loop
      vertex 13 -16 35
      vertex 6.865496962822613 1.3656322541128978 35
      vertex 6.761480784023478 1.8117333157176452 35
    endloop
  endfacet
  facet normal 0 0 -1
    outer loop
      vertex 13 -16 35
      vertex 6.940114029616673 -0.913683345540361 35
      vertex 6.985012462670224 -0.4578219046110014 35
    endloop
  endfacet
  facet normal 0 0 -1
    outer loop
      vertex 13 -16 35
      vertex 6.985012462670224 -0.4578219046110014 35
      vertex 7 0 35
    endloop
  endfacet
  facet normal 0 0 -1
    outer loop
      vertex 13 -16 35
      vertex 7 0 35
      vertex 6.985012462670224 0.4578219046110014 35
    endloop
  endfacet
  facet normal 0 0 -1
    outer loop
      vertex 13 -16 35
      vertex 6.985012462670224 0.4578219046110014 35
      vertex 6.940114029616673 0.913683345540361 35
    endloop
  endfacet
  facet normal 0 0 -1
    outer loop
      vertex 13 -16 35
      vertex 6.761480784023478 1.8117333157176452 35
      vertex 6.62851090646574 2.250076257122131 35
    endloop
  endfacet
  facet normal 0 -1 0
    outer loop
      vertex -13 -16 35
      vertex 13 -16 35
      vertex 13 -16 80
    endloop
  endfacet
  facet normal 0 0 1
    outer loop
      vertex -13 -16 80
      vertex 13 -16 80
      vertex 0.8845773804380026 -1.7937454830653765 80
    endloop
  endfacet
  facet normal 0 0 1
    outer loop
      vertex 0.8845773804380026 -1.7937454830653765 80
      vertex 13 -16 80
      vertex 1 -1.7320508075688772 80
    endloop
  endfacet
  facet normal 0 0 1
    outer loop
      vertex 1 -1.7320508075688772 80
      vertex 13 -16 80
      vertex 1.1111404660392044 -1.6629392246050905 80
    endloop
  endfacet
  facet normal 0 0 1
    outer loop
      vertex 1.1111404660392044 -1.6629392246050905 80
      vertex 13 -16 80
      vertex 1.2175228580174413 -1.5867066805824703 80
    endloop
  endfacet
  facet normal 0 0 1
    outer loop
      vertex 1.2175228580174413 -1.5867066805824703 80
      vertex 13 -16 80
      vertex 1.3186916302001377 -1.503679614957955 80
    endloop
  endfacet
  facet normal 0 0 1
    outer loop
      vertex 1.3186916302001377 -1.503679614957955 80
      vertex 13 -16 80
      vertex 1.4142135623730951 -1.4142135623730951 80
    endloop
  endfacet
  facet normal 0 0 1
    outer loop
      vertex 1.4142135623730951 -1.4142135623730951 80
      vertex 13 -16 80
      vertex 1.503679614957955 -1.3186916302001377 80
    endloop
  endfacet
  facet normal 0 0 1
    outer loop
      vertex 1.503679614957955 -1.3186916302001377 80
      vertex 13 -16 80
      vertex 1.5867066805824703 -1.2175228580174413 80
    endloop
  endfacet
  facet normal 0 0 1
    outer loop
      vertex 1.5867066805824703 -1.2175228580174413 80
      vertex 13 -16 80
      vertex 1.6629392246050905 -1.1111404660392044 80
    endloop
  endfacet
  facet normal 0 0 1
    outer loop
      vertex 1.6629392246050905 -1.1111404660392044 80
      vertex 13 -16 80
      vertex 1.7320508075688772 -1 80
    endloop
  endfacet
  facet normal 0 0 1
    outer loop
      vertex 1.7320508075688772 -1 80
      vertex 13 -16 80
      vertex 1.7937454830653765 -0.8845773804380026 80
    endloop
  endfacet
  facet normal 0 0 1
    outer loop
      vertex 1.7937454830653765 -0.8845773804380026 80
      vertex 13 -16 80
      vertex 1.8477590650225735 -0.7653668647301796 80
    endloop
  endfacet
  facet normal 0 0 1
    outer loop
      vertex 1.8477590650225735 -0.7653668647301796 80
      vertex 13 -16 80
      vertex 1.8938602589902114 -0.6428789306063232 80
    endloop
  endfacet
  facet normal 0 0 1
    outer loop
      vertex 1.8938602589902114 -0.6428789306063232 80
      vertex 13 -16 80
      vertex 1.9318516525781366 -0.5176380902050415 80
    endloop
  endfacet
  facet normal 0 0 1
    outer loop
      vertex 1.9318516525781366 -0.5176380902050415 80
      vertex 13 -16 80
      vertex 1.9615705608064609 -0.3901806440322565 80
    endloop
  endfacet
  facet normal 0 0 1
    outer loop
      vertex 1.9615705608064609 -0.3901806440322565 80
      vertex 13 -16 80
      vertex 1.9828897227476208 -0.26105238444010315 80
    endloop
  endfacet
  facet normal 0 0 1
    outer loop
      vertex 1.9828897227476208 -0.26105238444010315 80
      vertex 13 -16 80
      vertex 1.995717846477207 -0.13080625846028612 80
    endloop
  endfacet
  facet normal 0 0 1
    outer loop
      vertex 1.995717846477207 -0.13080625846028612 80
      vertex 13 -16 80
      vertex 2 0 80
    endloop
  endfacet
  facet normal 0 0 1
    outer loop
      vertex 13 -16 80
      vertex 1.995717846477207 0.13080625846028612 80
      vertex 2 0 80
    endloop
  endfacet
  facet normal 0 0 1
    outer loop
      vertex 13 -16 80
      vertex 1.9828897227476208 0.26105238444010315 80
      vertex 1.995717846477207 0.13080625846028612 80
    endloop
  endfacet
  facet normal 0 0 1
    outer loop
      vertex 13 -16 80
      vertex 1.9318516525781366 0.5176380902050415 80
      vertex 1.9615705608064609 0.3901806440322565 80
    endloop
  endfacet
  facet normal 0 0 1
    outer loop
      vertex 13 -16 80
      vertex 1.9615705608064609 0.3901806440322565 80
      vertex 1.9828897227476208 0.26105238444010315 80
    endloop
  endfacet
  facet normal 0 0 1
    outer loop
      vertex 13 -16 80
      vertex 1.6629392246050905 1.1111404660392044 80
      vertex 1.7320508075688772 1 80
    endloop
  endfacet
  facet normal 0 0 1
    outer loop
      vertex 13 -16 80
      vertex 1.8477590650225735 0.7653668647301796 80
      vertex 1.8938602589902114 0.6428789306063232 80
    endloop
  endfacet
  facet normal 0 0 1
    outer loop
      vertex 13 -16 80
      vertex 1.7937454830653765 0.8845773804380026 80
      vertex 1.8477590650225735 0.7653668647301796 80
    endloop
  endfacet
  facet normal 0 0 1
    outer loop
      vertex 13 -16 80
      vertex 1.8938602589902114 0.6428789306063232 80
      vertex 1.9318516525781366 0.5176380902050415 80
    endloop
  endfacet
  facet normal 0 0 1
    outer loop
      vertex 13 -16 80
      vertex 1.7320508075688772 1 80
      vertex 1.7937454830653765 0.8845773804380026 80
    endloop
  endfacet
  facet normal 1 0 0
    outer loop
      vertex 13 -16 35
      vertex 13 -6 62
      vertex 13 -6 74
    endloop
  endfacet
  facet normal 1 0 0
    outer loop
      vertex 13 -16 35
      vertex 13 -6 74
      vertex 13 -16 80
    endloop
  endfacet
  facet normal 1 0 0
    outer loop
      vertex 13 -16 35
      vertex 13 16 35
      vertex 13 -6 62
    endloop
  endfacet
  facet normal 1 0 0
    outer loop
      vertex 13 -16 80
      vertex 13 -6 74
      vertex 13 6 74
    endloop
  endfacet
  facet normal 0 0 -1
    outer loop
      vertex -1.8117333157176452 6.761480784023478 35
      vertex 13 16 35
      vertex -1.3656322541128978 6.865496962822613 35
    endloop
  endfacet
  facet normal 0 0 -1
    outer loop
      vertex -1.3656322541128978 6.865496962822613 35
      vertex 13 16 35
      vertex -0.913683345540361 6.940114029616673 35
    endloop
  endfacet
  facet normal 0 0 -1
    outer loop
      vertex -0.913683345540361 6.940114029616673 35
      vertex 13 16 35
      vertex -0.4578219046110014 6.985012462670224 35
    endloop
  endfacet
  facet normal 0 0 -1
    outer loop
      vertex -0.4578219046110014 6.985012462670224 35
      vertex 13 16 35
      vertex 0 7 35
    endloop
  endfacet
  facet normal 0 0 -1
    outer loop
      vertex 0.4578219046110014 6.985012462670224 35
      vertex 0 7 35
      vertex 13 16 35
    endloop
  endfacet
  facet normal 0 0 -1
    outer loop
      vertex 0.4578219046110014 6.985012462670224 35
      vertex 13 16 35
      vertex 0.913683345540361 6.940114029616673 35
    endloop
  endfacet
  facet normal 0 0 -1
    outer loop
      vertex 0.913683345540361 6.940114029616673 35
      vertex 13 16 35
      vertex 1.3656322541128978 6.865496962822613 35
    endloop
  endfacet
  facet normal 0 0 -1
    outer loop
      vertex 1.3656322541128978 6.865496962822613 35
      vertex 13 16 35
      vertex 1.8117333157176452 6.761480784023478 35
    endloop
  endfacet
  facet normal 0 0 -1
    outer loop
      vertex 1.8117333157176452 6.761480784023478 35
      vertex 13 16 35
      vertex 2.250076257122131 6.62851090646574 35
    endloop
  endfacet
  facet normal 0 0 -1
    outer loop
      vertex 2.250076257122131 6.62851090646574 35
      vertex 13 16 35
      vertex 2.6787840265556286 6.467156727579007 35
    endloop
  endfacet
  facet normal 0 0 -1
    outer loop
      vertex 2.6787840265556286 6.467156727579007 35
      vertex 13 16 35
      vertex 3.096020831533009 6.278109190728818 35
    endloop
  endfacet
  facet normal 0 0 -1
    outer loop
      vertex 6.467156727579007 2.6787840265556286 35
      vertex 13 16 35
      vertex 6.62851090646574 2.250076257122131 35
    endloop
  endfacet
  facet normal 0 0 -1
    outer loop
      vertex 5.820287286117817 3.8889916311372152 35
      vertex 13 16 35
      vertex 6.06217782649107 3.5 35
    endloop
  endfacet
  facet normal 0 0 -1
    outer loop
      vertex 6.06217782649107 3.5 35
      vertex 13 16 35
      vertex 6.278109190728818 3.096020831533009 35
    endloop
  endfacet
  facet normal 0 0 -1
    outer loop
      vertex 6.467156727579007 2.6787840265556286 35
      vertex 6.278109190728818 3.096020831533009 35
      vertex 13 16 35
    endloop
  endfacet
  facet normal 0 0 -1
    outer loop
      vertex 13 -16 35
      vertex 6.62851090646574 2.250076257122131 35
      vertex 13 16 35
    endloop
  endfacet
  facet normal 0 0 -1
    outer loop
      vertex 4.261330003061045 5.553473382038646 35
      vertex 13 16 35
      vertex 4.6154207057004815 5.262878652352843 35
    endloop
  endfacet
  facet normal 0 0 -1
    outer loop
      vertex 3.096020831533009 6.278109190728818 35
      vertex 13 16 35
      vertex 3.5 6.06217782649107 35
    endloop
  endfacet
  facet normal 0 0 -1
    outer loop
      vertex 3.8889916311372152 5.820287286117817 35
      vertex 3.5 6.06217782649107 35
      vertex 13 16 35
    endloop
  endfacet
  facet normal 0 0 -1
    outer loop
      vertex 3.8889916311372152 5.820287286117817 35
      vertex 13 16 35
      vertex 4.261330003061045 5.553473382038646 35
    endloop
  endfacet
  facet normal 0 0 -1
    outer loop
      vertex 4.6154207057004815 5.262878652352843 35
      vertex 13 16 35
      vertex 4.949747468305833 4.949747468305833 35
    endloop
  endfacet
  facet normal 0 0 -1
    outer loop
      vertex 5.820287286117817 3.8889916311372152 35
      vertex 5.553473382038646 4.261330003061045 35
      vertex 13 16 35
    endloop
  endfacet
  facet normal 0 0 -1
    outer loop
      vertex 5.262878652352843 4.6154207057004815 35
      vertex 13 16 35
      vertex 5.553473382038646 4.261330003061045 35
    endloop
  endfacet
  facet normal 0 0 -1
    outer loop
      vertex 4.949747468305833 4.949747468305833 35
      vertex 13 16 35
      vertex 5.262878652352843 4.6154207057004815 35
    endloop
  endfacet
  facet normal 0 0 1
    outer loop
      vertex -0.8845773804380026 1.7937454830653765 80
      vertex -0.7653668647301796 1.8477590650225735 80
      vertex 13 16 80
    endloop
  endfacet
  facet normal 0 0 1
    outer loop
      vertex -0.7653668647301796 1.8477590650225735 80
      vertex -0.6428789306063232 1.8938602589902114 80
      vertex 13 16 80
    endloop
  endfacet
  facet normal 0 0 1
    outer loop
      vertex -0.6428789306063232 1.8938602589902114 80
      vertex -0.5176380902050415 1.9318516525781366 80
      vertex 13 16 80
    endloop
  endfacet
  facet normal 0 0 1
    outer loop
      vertex -0.5176380902050415 1.9318516525781366 80
      vertex -0.3901806440322565 1.9615705608064609 80
      vertex 13 16 80
    endloop
  endfacet
  facet normal 0 0 1
    outer loop
      vertex -0.3901806440322565 1.9615705608064609 80
      vertex -0.26105238444010315 1.9828897227476208 80
      vertex 13 16 80
    endloop
  endfacet
  facet normal 0 0 1
    outer loop
      vertex -0.26105238444010315 1.9828897227476208 80
      vertex -0.13080625846028612 1.995717846477207 80
      vertex 13 16 80
    endloop
  endfacet
  facet normal 0 0 1
    outer loop
      vertex -0.13080625846028612 1.995717846477207 80
      vertex 0 2 80
      vertex 13 16 80
    endloop
  endfacet
  facet normal 0 0 1
    outer loop
      vertex 0.13080625846028612 1.995717846477207 80
      vertex 13 16 80
      vertex 0 2 80
    endloop
  endfacet
  facet normal 0 0 1
    outer loop
      vertex 0.13080625846028612 1.995717846477207 80
      vertex 0.26105238444010315 1.9828897227476208 80
      vertex 13 16 80
    endloop
  endfacet
  facet normal 0 0 1
    outer loop
      vertex 0.26105238444010315 1.9828897227476208 80
      vertex 0.3901806440322565 1.9615705608064609 80
      vertex 13 16 80
    endloop
  endfacet
  facet normal 0 0 1
    outer loop
      vertex 0.3901806440322565 1.9615705608064609 80
      vertex 0.5176380902050415 1.9318516525781366 80
      vertex 13 16 80
    endloop
  endfacet
  facet normal 0 0 1
    outer loop
      vertex 0.5176380902050415 1.9318516525781366 80
      vertex 0.6428789306063232 1.8938602589902114 80
      vertex 13 16 80
    endloop
  endfacet
  facet normal 0 0 1
    outer loop
      vertex 0.6428789306063232 1.8938602589902114 80
      vertex 0.7653668647301796 1.8477590650225735 80
      vertex 13 16 80
    endloop
  endfacet
  facet normal 0 0 1
    outer loop
      vertex 1 1.7320508075688772 80
      vertex 1.1111404660392044 1.6629392246050905 80
      vertex 13 16 80
    endloop
  endfacet
  facet normal 0 0 1
    outer loop
      vertex 1.2175228580174413 1.5867066805824703 80
      vertex 1.3186916302001377 1.503679614957955 80
      vertex 13 16 80
    endloop
  endfacet
  facet normal 0 0 1
    outer loop
      vertex 1.1111404660392044 1.6629392246050905 80
      vertex 1.2175228580174413 1.5867066805824703 80
      vertex 13 16 80
    endloop
  endfacet
  facet normal 0 0 1
    outer loop
      vertex 1.4142135623730951 1.4142135623730951 80
      vertex 13 16 80
      vertex 1.3186916302001377 1.503679614957955 80
    endloop
  endfacet
  facet normal 0 0 1
    outer loop
      vertex 0.7653668647301796 1.8477590650225735 80
      vertex 0.8845773804380026 1.7937454830653765 80
      vertex 13 16 80
    endloop
  endfacet
  facet normal 0 0 1
    outer loop
      vertex 1 1.7320508075688772 80
      vertex 13 16 80
      vertex 0.8845773804380026 1.7937454830653765 80
    endloop
  endfacet
  facet normal 0 0 1
    outer loop
      vertex 1.4142135623730951 1.4142135623730951 80
      vertex 1.503679614957955 1.3186916302001377 80
      vertex 13 16 80
    endloop
  endfacet
  facet normal 0 0 1
    outer loop
      vertex 1.5867066805824703 1.2175228580174413 80
      vertex 13 16 80
      vertex 1.503679614957955 1.3186916302001377 80
    endloop
  endfacet
  facet normal 0 0 1
    outer loop
      vertex 1.5867066805824703 1.2175228580174413 80
      vertex 1.6629392246050905 1.1111404660392044 80
      vertex 13 16 80
    endloop
  endfacet
  facet normal 0 1 0
    outer loop
      vertex -13 16 80
      vertex 13 16 80
      vertex 13 16 35
    endloop
  endfacet
  facet normal 1 0 0
    outer loop
      vertex 13 -6 62
      vertex 13 16 35
      vertex 13 6 62
    endloop
  endfacet
  facet normal 0 0 1
    outer loop
      vertex 13 -16 80
      vertex 13 16 80
      vertex 1.6629392246050905 1.1111404660392044 80
    endloop
  endfacet
  facet normal 1 0 0
    outer loop
      vertex 13 -16 80
      vertex 13 6 74
      vertex 13 16 80
    endloop
  endfacet
  facet normal 1 0 0
    outer loop
      vertex 13 16 35
      vertex 13 16 80
      vertex 13 6 62
    endloop
  endfacet
  facet normal 1 0 0
    outer loop
      vertex 13 6 62
      vertex 13 16 80
      vertex 13 6 74
    endloop
  endfacet
  facet normal 0 0 1
    outer loop
      vertex -13 -14 37
      vertex -3.4641016151377544 -2 37
      vertex -13 14 37
    endloop
  endfacet
  facet normal 0 0 1
    outer loop
      vertex -13 -14 37
      vertex -3.325878449210181 -2.2222809320784087 37
      vertex -3.4641016151377544 -2 37
    endloop
  endfacet
  facet normal 0 0 1
    outer loop
      vertex -13 -14 37
      vertex 11 -14 37
      vertex -1.5307337294603591 -3.695518130045147 37
    endloop
  endfacet
  facet normal 0 0 1
    outer loop
      vertex -13 -14 37
      vertex -2.6373832604002754 -3.00735922991591 37
      vertex -2.8284271247461903 -2.8284271247461903 37
    endloop
  endfacet
  facet normal 0 0 1
    outer loop
      vertex -13 -14 37
      vertex -3.00735922991591 -2.6373832604002754 37
      vertex -3.1734133611649407 -2.4350457160348826 37
    endloop
  endfacet
  facet normal 0 0 1
    outer loop
      vertex -13 -14 37
      vertex -3.1734133611649407 -2.4350457160348826 37
      vertex -3.325878449210181 -2.2222809320784087 37
    endloop
  endfacet
  facet normal 0 0 1
    outer loop
      vertex -13 -14 37
      vertex -2.8284271247461903 -2.8284271247461903 37
      vertex -3.00735922991591 -2.6373832604002754 37
    endloop
  endfacet
  facet normal 0 0 1
    outer loop
      vertex -13 -14 37
      vertex -2.4350457160348826 -3.1734133611649407 37
      vertex -2.6373832604002754 -3.00735922991591 37
    endloop
  endfacet
  facet normal 0 0 1
    outer loop
      vertex -13 -14 37
      vertex -2.2222809320784087 -3.325878449210181 37
      vertex -2.4350457160348826 -3.1734133611649407 37
    endloop
  endfacet
  facet normal 0 0 1
    outer loop
      vertex -13 -14 37
      vertex -2 -3.4641016151377544 37
      vertex -2.2222809320784087 -3.325878449210181 37
    endloop
  endfacet
  facet normal 0 0 1
    outer loop
      vertex -13 -14 37
      vertex -1.7691547608760052 -3.587490966130753 37
      vertex -2 -3.4641016151377544 37
    endloop
  endfacet
  facet normal 0 0 1
    outer loop
      vertex -13 -14 37
      vertex -1.5307337294603591 -3.695518130045147 37
      vertex -1.7691547608760052 -3.587490966130753 37
    endloop
  endfacet
  facet normal 0 1 0
    outer loop
      vertex -13 -14 37
      vertex -13 -14 78
      vertex 11 -14 78
    endloop
  endfacet
  facet normal 0 0 -1
    outer loop
      vertex -13 -14 78
      vertex 0.3901806440322565 -1.9615705608064609 78
      vertex 11 -14 78
    endloop
  endfacet
  facet normal 0 0 -1
    outer loop
      vertex -13 -14 78
      vertex -1.5867066805824703 -1.2175228580174413 78
      vertex -1.503679614957955 -1.3186916302001377 78
    endloop
  endfacet
  facet normal 0 0 -1
    outer loop
      vertex -13 -14 78
      vertex -1.503679614957955 -1.3186916302001377 78
      vertex -1.4142135623730951 -1.4142135623730951 78
    endloop
  endfacet
  facet normal 0 0 -1
    outer loop
      vertex -13 -14 78
      vertex -1.7937454830653765 -0.8845773804380026 78
      vertex -1.7320508075688772 -1 78
    endloop
  endfacet
  facet normal 0 0 -1
    outer loop
      vertex -13 -14 78
      vertex -1.9318516525781366 -0.5176380902050415 78
      vertex -1.8938602589902114 -0.6428789306063232 78
    endloop
  endfacet
  facet normal 0 0 -1
    outer loop
      vertex -13 -14 78
      vertex -1.8477590650225735 -0.7653668647301796 78
      vertex -1.7937454830653765 -0.8845773804380026 78
    endloop
  endfacet
  facet normal 0 0 -1
    outer loop
      vertex -13 -14 78
      vertex -1.8938602589902114 -0.6428789306063232 78
      vertex -1.8477590650225735 -0.7653668647301796 78
    endloop
  endfacet
  facet normal 0 0 -1
    outer loop
      vertex -13 -14 78
      vertex -1.6629392246050905 -1.1111404660392044 78
      vertex -1.5867066805824703 -1.2175228580174413 78
    endloop
  endfacet
  facet normal 0 0 -1
    outer loop
      vertex -13 -14 78
      vertex -1.7320508075688772 -1 78
      vertex -1.6629392246050905 -1.1111404660392044 78
    endloop
  endfacet
  facet normal 0 0 -1
    outer loop
      vertex -13 -14 78
      vertex -1.4142135623730951 -1.4142135623730951 78
      vertex -1.3186916302001377 -1.503679614957955 78
    endloop
  endfacet
  facet normal 0 0 -1
    outer loop
      vertex -13 -14 78
      vertex -1.3186916302001377 -1.503679614957955 78
      vertex -1.2175228580174413 -1.5867066805824703 78
    endloop
  endfacet
  facet normal 0 0 -1
    outer loop
      vertex -13 -14 78
      vertex -1.2175228580174413 -1.5867066805824703 78
      vertex -1.1111404660392044 -1.6629392246050905 78
    endloop
  endfacet
  facet normal 0 0 -1
    outer loop
      vertex -13 -14 78
      vertex -1.1111404660392044 -1.6629392246050905 78
      vertex -1 -1.7320508075688772 78
    endloop
  endfacet
  facet normal 0 0 -1
    outer loop
      vertex -13 -14 78
      vertex -0.8845773804380026 -1.7937454830653765 78
      vertex -0.7653668647301796 -1.8477590650225735 78
    endloop
  endfacet
  facet normal 0 0 -1
    outer loop
      vertex -13 -14 78
      vertex -1 -1.7320508075688772 78
      vertex -0.8845773804380026 -1.7937454830653765 78
    endloop
  endfacet
  facet normal 0 0 -1
    outer loop
      vertex -13 -14 78
      vertex -1.9828897227476208 -0.26105238444010315 78
      vertex -1.9615705608064609 -0.3901806440322565 78
    endloop
  endfacet
  facet normal 0 0 -1
    outer loop
      vertex -13 -14 78
      vertex -1.9615705608064609 -0.3901806440322565 78
      vertex -1.9318516525781366 -0.5176380902050415 78
    endloop
  endfacet
  facet normal 0 0 -1
    outer loop
      vertex -13 -14 78
      vertex -1.995717846477207 -0.13080625846028612 78
      vertex -1.9828897227476208 -0.26105238444010315 78
    endloop
  endfacet
  facet normal 0 0 -1
    outer loop
      vertex -13 -14 78
      vertex -2 0 78
      vertex -1.995717846477207 -0.13080625846028612 78
    endloop
  endfacet
  facet normal 0 0 -1
    outer loop
      vertex -13 -14 78
      vertex -1.995717846477207 0.13080625846028612 78
      vertex -2 0 78
    endloop
  endfacet
  facet normal 0 0 -1
    outer loop
      vertex -13 -14 78
      vertex -1.9828897227476208 0.26105238444010315 78
      vertex -1.995717846477207 0.13080625846028612 78
    endloop
  endfacet
  facet normal 0 0 -1
    outer loop
      vertex -13 -14 78
      vertex -1.9615705608064609 0.3901806440322565 78
      vertex -1.9828897227476208 0.26105238444010315 78
    endloop
  endfacet
  facet normal 0 0 -1
    outer loop
      vertex -13 -14 78
      vertex -1.9318516525781366 0.5176380902050415 78
      vertex -1.9615705608064609 0.3901806440322565 78
    endloop
  endfacet
  facet normal 0 0 -1
    outer loop
      vertex -13 -14 78
      vertex -1.8938602589902114 0.6428789306063232 78
      vertex -1.9318516525781366 0.5176380902050415 78
    endloop
  endfacet
  facet normal 0 0 -1
    outer loop
      vertex -13 -14 78
      vertex -1.8477590650225735 0.7653668647301796 78
      vertex -1.8938602589902114 0.6428789306063232 78
    endloop
  endfacet
  facet normal 0 0 -1
    outer loop
      vertex -13 -14 78
      vertex -1.7937454830653765 0.8845773804380026 78
      vertex -1.8477590650225735 0.7653668647301796 78
    endloop
  endfacet
  facet normal 0 0 -1
    outer loop
      vertex -13 -14 78
      vertex -1.7320508075688772 1 78
      vertex -1.7937454830653765 0.8845773804380026 78
    endloop
  endfacet
  facet normal 0 0 -1
    outer loop
      vertex -13 -14 78
      vertex -0.7653668647301796 -1.8477590650225735 78
      vertex -0.6428789306063232 -1.8938602589902114 78
    endloop
  endfacet
  facet normal 0 0 -1
    outer loop
      vertex -13 -14 78
      vertex -0.6428789306063232 -1.8938602589902114 78
      vertex -0.5176380902050415 -1.9318516525781366 78
    endloop
  endfacet
  facet normal 0 0 -1
    outer loop
      vertex -13 -14 78
      vertex -0.5176380902050415 -1.9318516525781366 78
      vertex -0.3901806440322565 -1.9615705608064609 78
    endloop
  endfacet
  facet normal 0 0 -1
    outer loop
      vertex -13 -14 78
      vertex -0.3901806440322565 -1.9615705608064609 78
      vertex -0.26105238444010315 -1.9828897227476208 78
    endloop
  endfacet
  facet normal 0 0 -1
    outer loop
      vertex -13 -14 78
      vertex -0.26105238444010315 -1.9828897227476208 78
      vertex -0.13080625846028612 -1.995717846477207 78
    endloop
  endfacet
  facet normal 0 0 -1
    outer loop
      vertex -13 -14 78
      vertex -0.13080625846028612 -1.995717846477207 78
      vertex 0 -2 78
    endloop
  endfacet
  facet normal 0 0 -1
    outer loop
      vertex -13 -14 78
      vertex 0 -2 78
      vertex 0.13080625846028612 -1.995717846477207 78
    endloop
  endfacet
  facet normal 0 0 -1
    outer loop
      vertex -13 -14 78
      vertex 0.13080625846028612 -1.995717846477207 78
      vertex 0.26105238444010315 -1.9828897227476208 78
    endloop
  endfacet
  facet normal 0 0 -1
    outer loop
      vertex -13 -14 78
      vertex 0.26105238444010315 -1.9828897227476208 78
      vertex 0.3901806440322565 -1.9615705608064609 78
    endloop
  endfacet
  facet normal 0 0 -1
    outer loop
      vertex -13 -14 78
      vertex -1.6629392246050905 1.1111404660392044 78
      vertex -1.7320508075688772 1 78
    endloop
  endfacet
  facet normal 0 0 -1
    outer loop
      vertex -13 -14 78
      vertex -1.5867066805824703 1.2175228580174413 78
      vertex -1.6629392246050905 1.1111404660392044 78
    endloop
  endfacet
  facet normal 0 0 1
    outer loop
      vertex -13 14 37
      vertex -3.4641016151377544 -2 37
      vertex -3.587490966130753 -1.7691547608760052 37
    endloop
  endfacet
  facet normal 0 0 1
    outer loop
      vertex -13 14 37
      vertex -3.695518130045147 -1.5307337294603591 37
      vertex -3.7877205179804228 -1.2857578612126463 37
    endloop
  endfacet
  facet normal 0 0 1
    outer loop
      vertex -13 14 37
      vertex -3.587490966130753 -1.7691547608760052 37
      vertex -3.695518130045147 -1.5307337294603591 37
    endloop
  endfacet
  facet normal 0 0 1
    outer loop
      vertex -13 14 37
      vertex -3.7877205179804228 -1.2857578612126463 37
      vertex -3.8637033051562732 -1.035276180410083 37
    endloop
  endfacet
  facet normal 0 0 1
    outer loop
      vertex -13 14 37
      vertex -3.8637033051562732 -1.035276180410083 37
      vertex -3.9231411216129217 -0.780361288064513 37
    endloop
  endfacet
  facet normal 0 0 1
    outer loop
      vertex -13 14 37
      vertex -3.9231411216129217 -0.780361288064513 37
      vertex -3.9657794454952415 -0.5221047688802063 37
    endloop
  endfacet
  facet normal 0 0 1
    outer loop
      vertex -13 14 37
      vertex -3.9657794454952415 -0.5221047688802063 37
      vertex -3.991435692954414 -0.26161251692057225 37
    endloop
  endfacet
  facet normal 0 0 1
    outer loop
      vertex -13 14 37
      vertex -3.991435692954414 -0.26161251692057225 37
      vertex -4 0 37
    endloop
  endfacet
  facet normal 0 0 1
    outer loop
      vertex -13 14 37
      vertex -4 0 37
      vertex -3.991435692954414 0.26161251692057225 37
    endloop
  endfacet
  facet normal 0 0 1
    outer loop
      vertex -13 14 37
      vertex -3.991435692954414 0.26161251692057225 37
      vertex -3.9657794454952415 0.5221047688802063 37
    endloop
  endfacet
  facet normal 0 0 1
    outer loop
      vertex -13 14 37
      vertex -3.9657794454952415 0.5221047688802063 37
      vertex -3.9231411216129217 0.780361288064513 37
    endloop
  endfacet
  facet normal 0 0 1
    outer loop
      vertex -13 14 37
      vertex -3.9231411216129217 0.780361288064513 37
      vertex -3.8637033051562732 1.035276180410083 37
    endloop
  endfacet
  facet normal 0 0 1
    outer loop
      vertex -13 14 37
      vertex -3.8637033051562732 1.035276180410083 37
      vertex -3.7877205179804228 1.2857578612126463 37
    endloop
  endfacet
  facet normal 0 0 1
    outer loop
      vertex -13 14 37
      vertex -3.7877205179804228 1.2857578612126463 37
      vertex -3.695518130045147 1.5307337294603591 37
    endloop
  endfacet
  facet normal 0 0 1
    outer loop
      vertex -13 14 37
      vertex -3.695518130045147 1.5307337294603591 37
      vertex -3.587490966130753 1.7691547608760052 37
    endloop
  endfacet
  facet normal 0 0 1
    outer loop
      vertex -13 14 37
      vertex -3.587490966130753 1.7691547608760052 37
      vertex -3.4641016151377544 2 37
    endloop
  endfacet
  facet normal 0 0 1
    outer loop
      vertex -13 14 37
      vertex -3.4641016151377544 2 37
      vertex -3.325878449210181 2.2222809320784087 37
    endloop
  endfacet
  facet normal 0 0 1
    outer loop
      vertex -13 14 37
      vertex -3.325878449210181 2.2222809320784087 37
      vertex -3.1734133611649407 2.4350457160348826 37
    endloop
  endfacet
  facet normal 0 0 1
    outer loop
      vertex -13 14 37
      vertex -3.1734133611649407 2.4350457160348826 37
      vertex -3.00735922991591 2.6373832604002754 37
    endloop
  endfacet
  facet normal 0 0 1
    outer loop
      vertex -13 14 37
      vertex -3.00735922991591 2.6373832604002754 37
      vertex -2.8284271247461903 2.8284271247461903 37
    endloop
  endfacet
  facet normal 0 0 1
    outer loop
      vertex -13 14 37
      vertex -2.8284271247461903 2.8284271247461903 37
      vertex -2.6373832604002754 3.00735922991591 37
    endloop
  endfacet
  facet normal 0 0 1
    outer loop
      vertex -13 14 37
      vertex -2.6373832604002754 3.00735922991591 37
      vertex -2.4350457160348826 3.1734133611649407 37
    endloop
  endfacet
  facet normal 0 0 1
    outer loop
      vertex -13 14 37
      vertex -2.4350457160348826 3.1734133611649407 37
      vertex -2.2222809320784087 3.325878449210181 37
    endloop
  endfacet
  facet normal 0 0 1
    outer loop
      vertex -13 14 37
      vertex -2.2222809320784087 3.325878449210181 37
      vertex -2 3.4641016151377544 37
    endloop
  endfacet
  facet normal 0 0 1
    outer loop
      vertex -13 14 37
      vertex -2 3.4641016151377544 37
      vertex -1.7691547608760052 3.587490966130753 37
    endloop
  endfacet
  facet normal 0 0 1
    outer loop
      vertex -13 14 37
      vertex -1.7691547608760052 3.587490966130753 37
      vertex -1.5307337294603591 3.695518130045147 37
    endloop
  endfacet
  facet normal 0 0 1
    outer loop
      vertex -13 14 37
      vertex -1.5307337294603591 3.695518130045147 37
      vertex -1.2857578612126463 3.7877205179804228 37
    endloop
  endfacet
  facet normal 0 0 1
    outer loop
      vertex -13 14 37
      vertex -1.2857578612126463 3.7877205179804228 37
      vertex -1.035276180410083 3.8637033051562732 37
    endloop
  endfacet
  facet normal 0 0 1
    outer loop
      vertex -13 14 37
      vertex -1.035276180410083 3.8637033051562732 37
      vertex -0.780361288064513 3.9231411216129217 37
    endloop
  endfacet
  facet normal 0 0 1
    outer loop
      vertex -13 14 37
      vertex -0.780361288064513 3.9231411216129217 37
      vertex -0.5221047688802063 3.9657794454952415 37
    endloop
  endfacet
  facet normal 0 0 1
    outer loop
      vertex -13 14 37
      vertex -0.5221047688802063 3.9657794454952415 37
      vertex -0.26161251692057225 3.991435692954414 37
    endloop
  endfacet
  facet normal 0 0 1
    outer loop
      vertex -13 14 37
      vertex -0.26161251692057225 3.991435692954414 37
      vertex 0 4 37
    endloop
  endfacet
  facet normal 0 0 1
    outer loop
      vertex -13 14 37
      vertex 0 4 37
      vertex 0.26161251692057225 3.991435692954414 37
    endloop
  endfacet
  facet normal 0 0 1
    outer loop
      vertex -13 14 37
      vertex 0.26161251692057225 3.991435692954414 37
      vertex 0.5221047688802063 3.9657794454952415 37
    endloop
  endfacet
  facet normal 0 0 1
    outer loop
      vertex -13 14 37
      vertex 0.5221047688802063 3.9657794454952415 37
      vertex 0.780361288064513 3.9231411216129217 37
    endloop
  endfacet
  facet normal 0 0 1
    outer loop
      vertex -13 14 37
      vertex 0.780361288064513 3.9231411216129217 37
      vertex 1.035276180410083 3.8637033051562732 37
    endloop
  endfacet
  facet normal 0 0 1
    outer loop
      vertex -13 14 37
      vertex 1.035276180410083 3.8637033051562732 37
      vertex 1.2857578612126463 3.7877205179804228 37
    endloop
  endfacet
  facet normal 0 0 1
    outer loop
      vertex -13 14 37
      vertex 1.2857578612126463 3.7877205179804228 37
      vertex 11 14 37
    endloop
  endfacet
  facet normal 0 0 -1
    outer loop
      vertex -13 -14 78
      vertex -13 14 78
      vertex -1.5867066805824703 1.2175228580174413 78
    endloop
  endfacet
  facet normal 0 0 -1
    outer loop
      vertex -13 14 78
      vertex -1.503679614957955 1.3186916302001377 78
      vertex -1.5867066805824703 1.2175228580174413 78
    endloop
  endfacet
  facet normal 0 0 -1
    outer loop
      vertex -13 14 78
      vertex -1.4142135623730951 1.4142135623730951 78
      vertex -1.503679614957955 1.3186916302001377 78
    endloop
  endfacet
  facet normal 0 0 -1
    outer loop
      vertex -13 14 78
      vertex -1.3186916302001377 1.503679614957955 78
      vertex -1.4142135623730951 1.4142135623730951 78
    endloop
  endfacet
  facet normal 0 0 -1
    outer loop
      vertex -13 14 78
      vertex -1.2175228580174413 1.5867066805824703 78
      vertex -1.3186916302001377 1.503679614957955 78
    endloop
  endfacet
  facet normal 0 0 -1
    outer loop
      vertex -13 14 78
      vertex -1.1111404660392044 1.6629392246050905 78
      vertex -1.2175228580174413 1.5867066805824703 78
    endloop
  endfacet
  facet normal 0 0 -1
    outer loop
      vertex -13 14 78
      vertex -1 1.7320508075688772 78
      vertex -1.1111404660392044 1.6629392246050905 78
    endloop
  endfacet
  facet normal 0 -1 0
    outer loop
      vertex -13 14 37
      vertex 11 14 37
      vertex -13 14 78
    endloop
  endfacet
  facet normal 0 0 -1
    outer loop
      vertex -13 14 78
      vertex 11 14 78
      vertex -1 1.7320508075688772 78
    endloop
  endfacet
  facet normal 0 0 1
    outer loop
      vertex 11 -14 37
      vertex -1.2857578612126463 -3.7877205179804228 37
      vertex -1.5307337294603591 -3.695518130045147 37
    endloop
  endfacet
  facet normal 0 0 1
    outer loop
      vertex 11 -14 37
      vertex -1.035276180410083 -3.8637033051562732 37
      vertex -1.2857578612126463 -3.7877205179804228 37
    endloop
  endfacet
  facet normal 0 0 1
    outer loop
      vertex 11 -14 37
      vertex -0.780361288064513 -3.9231411216129217 37
      vertex -1.035276180410083 -3.8637033051562732 37
    endloop
  endfacet
  facet normal 0 0 1
    outer loop
      vertex 11 -14 37
      vertex -0.5221047688802063 -3.9657794454952415 37
      vertex -0.780361288064513 -3.9231411216129217 37
    endloop
  endfacet
  facet normal 0 0 1
    outer loop
      vertex 11 -14 37
      vertex -0.26161251692057225 -3.991435692954414 37
      vertex -0.5221047688802063 -3.9657794454952415 37
    endloop
  endfacet
  facet normal 0 0 1
    outer loop
      vertex 11 -14 37
      vertex 0 -4 37
      vertex -0.26161251692057225 -3.991435692954414 37
    endloop
  endfacet
  facet normal 0 0 1
    outer loop
      vertex 11 -14 37
      vertex 0.26161251692057225 -3.991435692954414 37
      vertex 0 -4 37
    endloop
  endfacet
  facet normal 0 0 1
    outer loop
      vertex 11 -14 37
      vertex 0.5221047688802063 -3.9657794454952415 37
      vertex 0.26161251692057225 -3.991435692954414 37
    endloop
  endfacet
  facet normal 0 0 1
    outer loop
      vertex 11 -14 37
      vertex 0.780361288064513 -3.9231411216129217 37
      vertex 0.5221047688802063 -3.9657794454952415 37
    endloop
  endfacet
  facet normal 0 0 1
    outer loop
      vertex 11 -14 37
      vertex 1.035276180410083 -3.8637033051562732 37
      vertex 0.780361288064513 -3.9231411216129217 37
    endloop
  endfacet
  facet normal 0 0 1
    outer loop
      vertex 11 -14 37
      vertex 1.2857578612126463 -3.7877205179804228 37
      vertex 1.035276180410083 -3.8637033051562732 37
    endloop
  endfacet
  facet normal 0 0 1
    outer loop
      vertex 11 -14 37
      vertex 1.5307337294603591 -3.695518130045147 37
      vertex 1.2857578612126463 -3.7877205179804228 37
    endloop
  endfacet
  facet normal 0 0 1
    outer loop
      vertex 11 -14 37
      vertex 1.7691547608760052 -3.587490966130753 37
      vertex 1.5307337294603591 -3.695518130045147 37
    endloop
  endfacet
  facet normal 0 0 1
    outer loop
      vertex 11 -14 37
      vertex 2 -3.4641016151377544 37
      vertex 1.7691547608760052 -3.587490966130753 37
    endloop
  endfacet
  facet normal 0 0 1
    outer loop
      vertex 11 -14 37
      vertex 2.2222809320784087 -3.325878449210181 37
      vertex 2 -3.4641016151377544 37
    endloop
  endfacet
  facet normal 0 0 1
    outer loop
      vertex 11 -14 37
      vertex 2.4350457160348826 -3.1734133611649407 37
      vertex 2.2222809320784087 -3.325878449210181 37
    endloop
  endfacet
  facet normal 0 0 1
    outer loop
      vertex 11 -14 37
      vertex 2.6373832604002754 -3.00735922991591 37
      vertex 2.4350457160348826 -3.1734133611649407 37
    endloop
  endfacet
  facet normal 0 0 1
    outer loop
      vertex 11 -14 37
      vertex 2.8284271247461903 -2.8284271247461903 37
      vertex 2.6373832604002754 -3.00735922991591 37
    endloop
  endfacet
  facet normal 0 0 1
    outer loop
      vertex 11 -14 37
      vertex 3.00735922991591 -2.6373832604002754 37
      vertex 2.8284271247461903 -2.8284271247461903 37
    endloop
  endfacet
  facet normal 0 0 1
    outer loop
      vertex 11 -14 37
      vertex 3.1734133611649407 -2.4350457160348826 37
      vertex 3.00735922991591 -2.6373832604002754 37
    endloop
  endfacet
  facet normal 0 0 1
    outer loop
      vertex 11 -14 37
      vertex 3.325878449210181 -2.2222809320784087 37
      vertex 3.1734133611649407 -2.4350457160348826 37
    endloop
  endfacet
  facet normal 0 0 1
    outer loop
      vertex 11 -14 37
      vertex 3.4641016151377544 -2 37
      vertex 3.325878449210181 -2.2222809320784087 37
    endloop
  endfacet
  facet normal 0 0 1
    outer loop
      vertex 11 -14 37
      vertex 3.587490966130753 -1.7691547608760052 37
      vertex 3.4641016151377544 -2 37
    endloop
  endfacet
  facet normal 0 0 1
    outer loop
      vertex 11 -14 37
      vertex 3.695518130045147 -1.5307337294603591 37
      vertex 3.587490966130753 -1.7691547608760052 37
    endloop
  endfacet
  facet normal 0 0 1
    outer loop
      vertex 11 -14 37
      vertex 3.7877205179804228 -1.2857578612126463 37
      vertex 3.695518130045147 -1.5307337294603591 37
    endloop
  endfacet
  facet normal 0 0 1
    outer loop
      vertex 11 -14 37
      vertex 3.8637033051562732 -1.035276180410083 37
      vertex 3.7877205179804228 -1.2857578612126463 37
    endloop
  endfacet
  facet normal 0 0 1
    outer loop
      vertex 11 -14 37
      vertex 3.9231411216129217 -0.780361288064513 37
      vertex 3.8637033051562732 -1.035276180410083 37
    endloop
  endfacet
  facet normal 0 0 1
    outer loop
      vertex 11 -14 37
      vertex 3.9657794454952415 -0.5221047688802063 37
      vertex 3.9231411216129217 -0.780361288064513 37
    endloop
  endfacet
  facet normal 0 0 1
    outer loop
      vertex 11 -14 37
      vertex 3.991435692954414 -0.26161251692057225 37
      vertex 3.9657794454952415 -0.5221047688802063 37
    endloop
  endfacet
  facet normal 0 0 1
    outer loop
      vertex 11 -14 37
      vertex 4 0 37
      vertex 3.991435692954414 -0.26161251692057225 37
    endloop
  endfacet
  facet normal 0 0 1
    outer loop
      vertex 11 -14 37
      vertex 3.991435692954414 0.26161251692057225 37
      vertex 4 0 37
    endloop
  endfacet
  facet normal 0 0 1
    outer loop
      vertex 11 -14 37
      vertex 3.9231411216129217 0.780361288064513 37
      vertex 3.9657794454952415 0.5221047688802063 37
    endloop
  endfacet
  facet normal 0 0 1
    outer loop
      vertex 11 -14 37
      vertex 3.8637033051562732 1.035276180410083 37
      vertex 3.9231411216129217 0.780361288064513 37
    endloop
  endfacet
  facet normal 0 0 1
    outer loop
      vertex 11 -14 37
      vertex 3.9657794454952415 0.5221047688802063 37
      vertex 3.991435692954414 0.26161251692057225 37
    endloop
  endfacet
  facet normal 0 0 1
    outer loop
      vertex 11 -14 37
      vertex 3.7877205179804228 1.2857578612126463 37
      vertex 3.8637033051562732 1.035276180410083 37
    endloop
  endfacet
  facet normal 0 0 1
    outer loop
      vertex 11 -14 37
      vertex 3.695518130045147 1.5307337294603591 37
      vertex 3.7877205179804228 1.2857578612126463 37
    endloop
  endfacet
  facet normal 0 1 0
    outer loop
      vertex -13 -14 37
      vertex 11 -14 78
      vertex 11 -14 37
    endloop
  endfacet
  facet normal 0 0 -1
    outer loop
      vertex 0.3901806440322565 -1.9615705608064609 78
      vertex 0.5176380902050415 -1.9318516525781366 78
      vertex 11 -14 78
    endloop
  endfacet
  facet normal 0 0 -1
    outer loop
      vertex 0.5176380902050415 -1.9318516525781366 78
      vertex 0.6428789306063232 -1.8938602589902114 78
      vertex 11 -14 78
    endloop
  endfacet
  facet normal 0 0 -1
    outer loop
      vertex 0.6428789306063232 -1.8938602589902114 78
      vertex 0.7653668647301796 -1.8477590650225735 78
      vertex 11 -14 78
    endloop
  endfacet
  facet normal 0 0 -1
    outer loop
      vertex 0.7653668647301796 -1.8477590650225735 78
      vertex 0.8845773804380026 -1.7937454830653765 78
      vertex 11 -14 78
    endloop
  endfacet
  facet normal 0 0 -1
    outer loop
      vertex 0.8845773804380026 -1.7937454830653765 78
      vertex 1 -1.7320508075688772 78
      vertex 11 -14 78
    endloop
  endfacet
  facet normal 0 0 -1
    outer loop
      vertex 1 -1.7320508075688772 78
      vertex 1.1111404660392044 -1.6629392246050905 78
      vertex 11 -14 78
    endloop
  endfacet
  facet normal 0 0 -1
    outer loop
      vertex 1.1111404660392044 -1.6629392246050905 78
      vertex 1.2175228580174413 -1.5867066805824703 78
      vertex 11 -14 78
    endloop
  endfacet
  facet normal 0 0 -1
    outer loop
      vertex 1.2175228580174413 -1.5867066805824703 78
      vertex 1.3186916302001377 -1.503679614957955 78
      vertex 11 -14 78
    endloop
  endfacet
  facet normal 0 0 -1
    outer loop
      vertex 1.3186916302001377 -1.503679614957955 78
      vertex 1.4142135623730951 -1.4142135623730951 78
      vertex 11 -14 78
    endloop
  endfacet
  facet normal 0 0 -1
    outer loop
      vertex 1.4142135623730951 -1.4142135623730951 78
      vertex 1.503679614957955 -1.3186916302001377 78
      vertex 11 -14 78
    endloop
  endfacet
  facet normal 0 0 -1
    outer loop
      vertex 1.503679614957955 -1.3186916302001377 78
      vertex 1.5867066805824703 -1.2175228580174413 78
      vertex 11 -14 78
    endloop
  endfacet
  facet normal 0 0 -1
    outer loop
      vertex 1.5867066805824703 -1.2175228580174413 78
      vertex 1.6629392246050905 -1.1111404660392044 78
      vertex 11 -14 78
    endloop
  endfacet
  facet normal 0 0 -1
    outer loop
      vertex 1.6629392246050905 -1.1111404660392044 78
      vertex 1.7320508075688772 -1 78
      vertex 11 -14 78
    endloop
  endfacet
  facet normal 0 0 -1
    outer loop
      vertex 1.7320508075688772 -1 78
      vertex 1.7937454830653765 -0.8845773804380026 78
      vertex 11 -14 78
    endloop
  endfacet
  facet normal 0 0 -1
    outer loop
      vertex 11 -14 78
      vertex 1.7937454830653765 0.8845773804380026 78
      vertex 1.7320508075688772 1 78
    endloop
  endfacet
  facet normal 0 0 -1
    outer loop
      vertex 1.7937454830653765 -0.8845773804380026 78
      vertex 1.8477590650225735 -0.7653668647301796 78
      vertex 11 -14 78
    endloop
  endfacet
  facet normal 0 0 -1
    outer loop
      vertex 1.8477590650225735 -0.7653668647301796 78
      vertex 1.8938602589902114 -0.6428789306063232 78
      vertex 11 -14 78
    endloop
  endfacet
  facet normal 0 0 -1
    outer loop
      vertex 1.8938602589902114 -0.6428789306063232 78
      vertex 1.9318516525781366 -0.5176380902050415 78
      vertex 11 -14 78
    endloop
  endfacet
  facet normal 0 0 -1
    outer loop
      vertex 1.9318516525781366 -0.5176380902050415 78
      vertex 1.9615705608064609 -0.3901806440322565 78
      vertex 11 -14 78
    endloop
  endfacet
  facet normal 0 0 -1
    outer loop
      vertex 1.9615705608064609 -0.3901806440322565 78
      vertex 1.9828897227476208 -0.26105238444010315 78
      vertex 11 -14 78
    endloop
  endfacet
  facet normal 0 0 -1
    outer loop
      vertex 1.9828897227476208 -0.26105238444010315 78
      vertex 1.995717846477207 -0.13080625846028612 78
      vertex 11 -14 78
    endloop
  endfacet
  facet normal 0 0 -1
    outer loop
      vertex 1.995717846477207 -0.13080625846028612 78
      vertex 2 0 78
      vertex 11 -14 78
    endloop
  endfacet
  facet normal 0 0 -1
    outer loop
      vertex 11 -14 78
      vertex 2 0 78
      vertex 1.995717846477207 0.13080625846028612 78
    endloop
  endfacet
  facet normal 0 0 -1
    outer loop
      vertex 11 -14 78
      vertex 1.995717846477207 0.13080625846028612 78
      vertex 1.9828897227476208 0.26105238444010315 78
    endloop
  endfacet
  facet normal 0 0 -1
    outer loop
      vertex 11 -14 78
      vertex 1.9615705608064609 0.3901806440322565 78
      vertex 1.9318516525781366 0.5176380902050415 78
    endloop
  endfacet
  facet normal 0 0 -1
    outer loop
      vertex 11 -14 78
      vertex 1.9318516525781366 0.5176380902050415 78
      vertex 1.8938602589902114 0.6428789306063232 78
    endloop
  endfacet
  facet normal 0 0 -1
    outer loop
      vertex 11 -14 78
      vertex 1.9828897227476208 0.26105238444010315 78
      vertex 1.9615705608064609 0.3901806440322565 78
    endloop
  endfacet
  facet normal 0 0 -1
    outer loop
      vertex 11 -14 78
      vertex 1.8938602589902114 0.6428789306063232 78
      vertex 1.8477590650225735 0.7653668647301796 78
    endloop
  endfacet
  facet normal 0 0 -1
    outer loop
      vertex 11 -14 78
      vertex 1.8477590650225735 0.7653668647301796 78
      vertex 1.7937454830653765 0.8845773804380026 78
    endloop
  endfacet
  facet normal -1 0 0
    outer loop
      vertex 11 -14 37
      vertex 11 -14 78
      vertex 11 -6 62
    endloop
  endfacet
  facet normal -1 0 0
    outer loop
      vertex 11 -14 78
      vertex 11 -6 74
      vertex 11 -6 62
    endloop
  endfacet
  facet normal -1 0 0
    outer loop
      vertex 11 -14 37
      vertex 11 -6 62
      vertex 11 6 62
    endloop
  endfacet
  facet normal -1 0 0
    outer loop
      vertex 11 -14 78
      vertex 11 14 78
      vertex 11 -6 74
    endloop
  endfacet
  facet normal 0 0 1
    outer loop
      vertex 11 14 37
      vertex 1.2857578612126463 3.7877205179804228 37
      vertex 1.5307337294603591 3.695518130045147 37
    endloop
  endfacet
  facet normal 0 0 1
    outer loop
      vertex 11 14 37
      vertex 1.5307337294603591 3.695518130045147 37
      vertex 1.7691547608760052 3.587490966130753 37
    endloop
  endfacet
  facet normal 0 0 1
    outer loop
      vertex 11 14 37
      vertex 3.4641016151377544 2 37
      vertex 3.587490966130753 1.7691547608760052 37
    endloop
  endfacet
  facet normal 0 0 1
    outer loop
      vertex 11 14 37
      vertex 3.587490966130753 1.7691547608760052 37
      vertex 3.695518130045147 1.5307337294603591 37
    endloop
  endfacet
  facet normal 0 0 1
    outer loop
      vertex 11 14 37
      vertex 2 3.4641016151377544 37
      vertex 2.2222809320784087 3.325878449210181 37
    endloop
  endfacet
  facet normal 0 0 1
    outer loop
      vertex 11 14 37
      vertex 2.2222809320784087 3.325878449210181 37
      vertex 2.4350457160348826 3.1734133611649407 37
    endloop
  endfacet
  facet normal 0 0 1
    outer loop
      vertex 11 14 37
      vertex 2.8284271247461903 2.8284271247461903 37
      vertex 3.00735922991591 2.6373832604002754 37
    endloop
  endfacet
  facet normal 0 0 1
    outer loop
      vertex 11 14 37
      vertex 2.4350457160348826 3.1734133611649407 37
      vertex 2.6373832604002754 3.00735922991591 37
    endloop
  endfacet
  facet normal 0 0 1
    outer loop
      vertex 11 14 37
      vertex 2.6373832604002754 3.00735922991591 37
      vertex 2.8284271247461903 2.8284271247461903 37
    endloop
  endfacet
  facet normal 0 0 1
    outer loop
      vertex 11 14 37
      vertex 1.7691547608760052 3.587490966130753 37
      vertex 2 3.4641016151377544 37
    endloop
  endfacet
  facet normal 0 0 1
    outer loop
      vertex 11 14 37
      vertex 3.1734133611649407 2.4350457160348826 37
      vertex 3.325878449210181 2.2222809320784087 37
    endloop
  endfacet
  facet normal 0 0 1
    outer loop
      vertex 11 14 37
      vertex 3.00735922991591 2.6373832604002754 37
      vertex 3.1734133611649407 2.4350457160348826 37
    endloop
  endfacet
  facet normal 0 0 1
    outer loop
      vertex 11 14 37
      vertex 3.325878449210181 2.2222809320784087 37
      vertex 3.4641016151377544 2 37
    endloop
  endfacet
  facet normal 0 0 1
    outer loop
      vertex 11 -14 37
      vertex 11 14 37
      vertex 3.695518130045147 1.5307337294603591 37
    endloop
  endfacet
  facet normal 0 0 -1
    outer loop
      vertex -1 1.7320508075688772 78
      vertex 11 14 78
      vertex -0.8845773804380026 1.7937454830653765 78
    endloop
  endfacet
  facet normal 0 0 -1
    outer loop
      vertex -0.8845773804380026 1.7937454830653765 78
      vertex 11 14 78
      vertex -0.7653668647301796 1.8477590650225735 78
    endloop
  endfacet
  facet normal 0 0 -1
    outer loop
      vertex -0.7653668647301796 1.8477590650225735 78
      vertex 11 14 78
      vertex -0.6428789306063232 1.8938602589902114 78
    endloop
  endfacet
  facet normal 0 0 -1
    outer loop
      vertex -0.6428789306063232 1.8938602589902114 78
      vertex 11 14 78
      vertex -0.5176380902050415 1.9318516525781366 78
    endloop
  endfacet
  facet normal 0 0 -1
    outer loop
      vertex -0.5176380902050415 1.9318516525781366 78
      vertex 11 14 78
      vertex -0.3901806440322565 1.9615705608064609 78
    endloop
  endfacet
  facet normal 0 0 -1
    outer loop
      vertex -0.3901806440322565 1.9615705608064609 78
      vertex 11 14 78
      vertex -0.26105238444010315 1.9828897227476208 78
    endloop
  endfacet
  facet normal 0 0 -1
    outer loop
      vertex -0.26105238444010315 1.9828897227476208 78
      vertex 11 14 78
      vertex -0.13080625846028612 1.995717846477207 78
    endloop
  endfacet
  facet normal 0 0 -1
    outer loop
      vertex -0.13080625846028612 1.995717846477207 78
      vertex 11 14 78
      vertex 0 2 78
    endloop
  endfacet
  facet normal 0 0 -1
    outer loop
      vertex 0.13080625846028612 1.995717846477207 78
      vertex 0 2 78
      vertex 11 14 78
    endloop
  endfacet
  facet normal 0 0 -1
    outer loop
      vertex 0.13080625846028612 1.995717846477207 78
      vertex 11 14 78
      vertex 0.26105238444010315 1.9828897227476208 78
    endloop
  endfacet
  facet normal 0 0 -1
    outer loop
      vertex 0.26105238444010315 1.9828897227476208 78
      vertex 11 14 78
      vertex 0.3901806440322565 1.9615705608064609 78
    endloop
  endfacet
  facet normal 0 0 -1
    outer loop
      vertex 0.3901806440322565 1.9615705608064609 78
      vertex 11 14 78
      vertex 0.5176380902050415 1.9318516525781366 78
    endloop
  endfacet
  facet normal 0 0 -1
    outer loop
      vertex 0.5176380902050415 1.9318516525781366 78
      vertex 11 14 78
      vertex 0.6428789306063232 1.8938602589902114 78
    endloop
  endfacet
  facet normal 0 0 -1
    outer loop
      vertex 0.6428789306063232 1.8938602589902114 78
      vertex 11 14 78
      vertex 0.7653668647301796 1.8477590650225735 78
    endloop
  endfacet
  facet normal 0 0 -1
    outer loop
      vertex 0.7653668647301796 1.8477590650225735 78
      vertex 11 14 78
      vertex 0.8845773804380026 1.7937454830653765 78
    endloop
  endfacet
  facet normal 0 0 -1
    outer loop
      vertex 1.1111404660392044 1.6629392246050905 78
      vertex 11 14 78
      vertex 1.2175228580174413 1.5867066805824703 78
    endloop
  endfacet
  facet normal 0 0 -1
    outer loop
      vertex 1 1.7320508075688772 78
      vertex 0.8845773804380026 1.7937454830653765 78
      vertex 11 14 78
    endloop
  endfacet
  facet normal 0 0 -1
    outer loop
      vertex 1 1.7320508075688772 78
      vertex 11 14 78
      vertex 1.1111404660392044 1.6629392246050905 78
    endloop
  endfacet
  facet normal 0 0 -1
    outer loop
      vertex 1.5867066805824703 1.2175228580174413 78
      vertex 11 14 78
      vertex 1.6629392246050905 1.1111404660392044 78
    endloop
  endfacet
  facet normal 0 0 -1
    outer loop
      vertex 1.6629392246050905 1.1111404660392044 78
      vertex 11 14 78
      vertex 1.7320508075688772 1 78
    endloop
  endfacet
  facet normal 0 0 -1
    outer loop
      vertex 1.2175228580174413 1.5867066805824703 78
      vertex 11 14 78
      vertex 1.3186916302001377 1.503679614957955 78
    endloop
  endfacet
  facet normal 0 0 -1
    outer loop
      vertex 1.4142135623730951 1.4142135623730951 78
      vertex 11 14 78
      vertex 1.503679614957955 1.3186916302001377 78
    endloop
  endfacet
  facet normal 0 0 -1
    outer loop
      vertex 1.4142135623730951 1.4142135623730951 78
      vertex 1.3186916302001377 1.503679614957955 78
      vertex 11 14 78
    endloop
  endfacet
  facet normal 0 0 -1
    outer loop
      vertex 1.5867066805824703 1.2175228580174413 78
      vertex 1.503679614957955 1.3186916302001377 78
      vertex 11 14 78
    endloop
  endfacet
  facet normal 0 -1 0
    outer loop
      vertex -13 14 78
      vertex 11 14 37
      vertex 11 14 78
    endloop
  endfacet
  facet normal -1 0 0
    outer loop
      vertex 11 -14 37
      vertex 11 6 62
      vertex 11 14 37
    endloop
  endfacet
  facet normal 0 0 -1
    outer loop
      vertex 11 -14 78
      vertex 1.7320508075688772 1 78
      vertex 11 14 78
    endloop
  endfacet
  facet normal -1 0 0
    outer loop
      vertex 11 -6 74
      vertex 11 14 78
      vertex 11 6 74
    endloop
  endfacet
  facet normal -1 0 0
    outer loop
      vertex 11 14 37
      vertex 11 6 62
      vertex 11 14 78
    endloop
  endfacet
  facet normal -1 0 0
    outer loop
      vertex 11 6 62
      vertex 11 6 74
      vertex 11 14 78
    endloop
  endfacet
  facet normal 0 1 0
    outer loop
      vertex 11 -6 62
      vertex 13 -6 74
      vertex 13 -6 62
    endloop
  endfacet
  facet normal 0 1 0
    outer loop
      vertex 11 -6 62
      vertex 11 -6 74
      vertex 13 -6 74
    endloop
  endfacet
  facet normal 0 0 1
    outer loop
      vertex 11 -6 62
      vertex 13 -6 62
      vertex 11 6 62
    endloop
  endfacet
  facet normal 0 0 -1
    outer loop
      vertex 11 -6 74
      vertex 13 6 74
      vertex 13 -6 74
    endloop
  endfacet
  facet normal 0 0 1
    outer loop
      vertex 13 -6 62
      vertex 13 6 62
      vertex 11 6 62
    endloop
  endfacet
  facet normal 0 0 -1
    outer loop
      vertex 11 -6 74
      vertex 11 6 74
      vertex 13 6 74
    endloop
  endfacet
  facet normal 0 -1 0
    outer loop
      vertex 11 6 62
      vertex 13 6 62
      vertex 11 6 74
    endloop
  endfacet
  facet normal 0 -1 0
    outer loop
      vertex 13 6 62
      vertex 13 6 74
      vertex 11 6 74
    endloop
  endfacet
  facet normal 0.09801714032955972 -0.9951847266721969 -6.562225075386796e-16
    outer loop
      vertex -0.49394344434402965 3.968553093869206 35.21621621621622
      vertex -0.49233422579910524 3.9687115880620043 35
      vertex -0.26161251692057225 3.991435692954414 35
    endloop
  endfacet
  facet normal 0.09801714032956034 -0.9951847266721969 9.229297109012251e-19
    outer loop
      vertex -0.49394344434402965 3.968553093869206 35.21621621621622
      vertex -0.26161251692057225 3.991435692954414 35
      vertex -0.26161251692057225 3.991435692954414 37
    endloop
  endfacet
  facet normal -0.09801714032956481 0.9951847266721965 -1.3247916491007239e-17
    outer loop
      vertex 0.2890327539689548 -3.9887350353271325 36.78947368421053
      vertex 0.3112300887224073 -3.986548788676476 35
      vertex 0.26161251692057225 -3.991435692954414 35
    endloop
  endfacet
  facet normal -0.09801714032956568 0.9951847266721964 0
    outer loop
      vertex 0.26161251692057225 -3.991435692954414 37
      vertex 0.2890327539689548 -3.9887350353271325 36.78947368421053
      vertex 0.26161251692057225 -3.991435692954414 35
    endloop
  endfacet
  facet normal -0.16289547339458513 0.9866433320848795 3.603597892693186e-17
    outer loop
      vertex 0.5492896656364491 -3.96129120087605 36.78947368421053
      vertex 0.5712964868200743 -3.9576578599938474 35
      vertex 0.5221047688802063 -3.9657794454952415 35
    endloop
  endfacet
  facet normal -0.2270762630343744 0.9738769792773334 4.902144076006966e-17
    outer loop
      vertex 0.8071944346272045 -3.916884509354327 36.78947368421053
      vertex 0.8289165056541453 -3.911819632764036 35
      vertex 0.780361288064513 -3.9231411216129217 35
    endloop
  endfacet
  facet normal -0.16289547339458285 0.98664333208488 0
    outer loop
      vertex 0.5221047688802063 -3.9657794454952415 37
      vertex 0.5492896656364491 -3.96129120087605 36.78947368421053
      vertex 0.5221047688802063 -3.9657794454952415 35
    endloop
  endfacet
  facet normal -0.2270762630343713 0.9738769792773341 0
    outer loop
      vertex 0.780361288064513 -3.9231411216129217 37
      vertex 0.8071944346272045 -3.916884509354327 36.78947368421053
      vertex 0.780361288064513 -3.9231411216129217 35
    endloop
  endfacet
  facet normal -0.2902846772544661 0.9569403357322076 1.4023017723744762e-16
    outer loop
      vertex 1.0616426731261424 -3.8557051170324996 36.78947368421053
      vertex 1.0829869767534284 -3.849230393313254 35
      vertex 1.035276180410083 -3.8637033051562732 35
    endloop
  endfacet
  facet normal -0.29028467725445745 0.9569403357322103 0
    outer loop
      vertex 1.035276180410083 -3.8637033051562732 37
      vertex 1.0616426731261424 -3.8557051170324996 36.78947368421053
      vertex 1.035276180410083 -3.8637033051562732 35
    endloop
  endfacet
  facet normal -0.35225004792123754 0.9359059267573242 -3.7068100890893303e-17
    outer loop
      vertex 1.3115447947124055 -3.77801500346092 36.78947368421053
      vertex 1.3324199313550678 -3.7701581583737034 35
      vertex 1.2857578612126463 -3.7877205179804228 35
    endloop
  endfacet
  facet normal -0.4127070298043975 0.9108638249211746 -3.9831884017891504e-17
    outer loop
      vertex 1.5558306801356903 -3.6841468496331053 36.78947368421053
      vertex 1.5761472592538155 -3.674941527394786 35
      vertex 1.5307337294603591 -3.695518130045147 35
    endloop
  endfacet
  facet normal -0.35225004792123976 0.9359059267573233 0
    outer loop
      vertex 1.2857578612126463 -3.7877205179804228 37
      vertex 1.3115447947124055 -3.77801500346092 36.78947368421053
      vertex 1.2857578612126463 -3.7877205179804228 35
    endloop
  endfacet
  facet normal -0.41270702980439977 0.9108638249211736 0
    outer loop
      vertex 1.5307337294603591 -3.695518130045147 37
      vertex 1.5558306801356903 -3.6841468496331053 36.78947368421053
      vertex 1.5307337294603591 -3.695518130045147 35
    endloop
  endfacet
  facet normal -0.471396736825995 0.8819212643483564 -1.2016050185523546e-16
    outer loop
      vertex 1.7934542597311625 -3.574502613394648 36.78947368421053
      vertex 1.813125282613909 -3.5639882326082772 35
      vertex 1.7691547608760052 -3.587490966130753 35
    endloop
  endfacet
  facet normal -0.47139673682600186 0.8819212643483528 0
    outer loop
      vertex 1.7691547608760052 -3.587490966130753 37
      vertex 1.7934542597311625 -3.574502613394648 36.78947368421053
      vertex 1.7691547608760052 -3.587490966130753 35
    endloop
  endfacet
  facet normal -0.5280678506503669 0.8492021815265796 5.231748454272625e-17
    outer loop
      vertex 2.023397992850359 -3.44955180819801 36.78947368421053
      vertex 2.042339225157792 -3.437773393056312 35
      vertex 2 -3.4641016151377544 35
    endloop
  endfacet
  facet normal -0.5280678506503641 0.8492021815265813 0
    outer loop
      vertex 2 -3.4641016151377544 37
      vertex 2.023397992850359 -3.44955180819801 36.78947368421053
      vertex 2 -3.4641016151377544 35
    endloop
  endfacet
  facet normal -0.5824776968678026 0.812846684591615 1.1984608081237257e-16
    outer loop
      vertex 2.2446772251264586 -3.30982949257384 36.78947368421053
      vertex 2.2628075575939275 -3.2968374800587066 35
      vertex 2.2222809320784087 -3.325878449210181 35
    endloop
  endfacet
  facet normal -0.5824776968677962 0.8128466845916194 0
    outer loop
      vertex 2.2222809320784087 -3.325878449210181 37
      vertex 2.2446772251264586 -3.30982949257384 36.78947368421053
      vertex 2.2222809320784087 -3.325878449210181 35
    endloop
  endfacet
  facet normal -0.6343932841636447 0.7730104533627375 -1.4450336325462867e-16
    outer loop
      vertex 2.45634440491545 -3.1559339789282004 36.78947368421053
      vertex 2.4735862006759097 -3.141784002831792 35
      vertex 2.4350457160348826 -3.1734133611649407 35
    endloop
  endfacet
  facet normal -0.6343932841636519 0.7730104533627317 0
    outer loop
      vertex 2.4350457160348826 -3.1734133611649407 37
      vertex 2.45634440491545 -3.1559339789282004 36.78947368421053
      vertex 2.4350457160348826 -3.1734133611649407 35
    endloop
  endfacet
  facet normal -0.6835923020228717 0.7298640726978352 0
    outer loop
      vertex 2.6373832604002754 -3.00735922991591 37
      vertex 2.6574931408577402 -2.988524271476992 36.78947368421053
      vertex 2.6373832604002754 -3.00735922991591 35
    endloop
  endfacet
  facet normal -0.6835923020228699 0.7298640726978368 -3.8404202946295284e-17
    outer loop
      vertex 2.6574931408577402 -2.988524271476992 36.78947368421053
      vertex 2.6737725678947353 -2.973276924169297 35
      vertex 2.6373832604002754 -3.00735922991591 35
    endloop
  endfacet
  facet normal -0.7298640726978352 0.6835923020228717 0
    outer loop
      vertex 2.8284271247461903 -2.8284271247461903 37
      vertex 2.8472620831851083 -2.8083172442887254 36.78947368421053
      vertex 2.8284271247461903 -2.8284271247461903 35
    endloop
  endfacet
  facet normal -0.7298640726978368 0.6835923020228699 3.807586669185498e-17
    outer loop
      vertex 2.8472620831851083 -2.8083172442887254 36.78947368421053
      vertex 2.8625094304928034 -2.7920378172517304 35
      vertex 2.8284271247461903 -2.8284271247461903 35
    endloop
  endfacet
  facet normal -0.7730104533627375 0.6343932841636447 1.443145986283194e-16
    outer loop
      vertex 3.0248386121526503 -2.616084571519708 36.78947368421053
      vertex 3.0389885882490586 -2.5988427757592483 35
      vertex 3.00735922991591 -2.6373832604002754 35
    endloop
  endfacet
  facet normal -0.7730104533627317 0.6343932841636519 0
    outer loop
      vertex 3.00735922991591 -2.6373832604002754 37
      vertex 3.0248386121526503 -2.616084571519708 36.78947368421053
      vertex 3.00735922991591 -2.6373832604002754 35
    endloop
  endfacet
  facet normal -0.812846684591615 0.5824776968678026 -1.1973367425273342e-16
    outer loop
      vertex 3.1894623178012815 -2.4126494229868327 36.78947368421053
      vertex 3.202454330316415 -2.394519090519364 35
      vertex 3.1734133611649407 -2.4350457160348826 35
    endloop
  endfacet
  facet normal -0.8128466845916194 0.5824776968677962 0
    outer loop
      vertex 3.1734133611649407 -2.4350457160348826 37
      vertex 3.1894623178012815 -2.4126494229868327 36.78947368421053
      vertex 3.1734133611649407 -2.4350457160348826 35
    endloop
  endfacet
  facet normal -0.8492021815265796 0.5280678506503669 -5.2412556314859965e-17
    outer loop
      vertex 3.3404282561499254 -2.19888293922805 36.78947368421053
      vertex 3.3522066712916234 -2.1799417069206166 35
      vertex 3.325878449210181 -2.2222809320784087 35
    endloop
  endfacet
  facet normal -0.8492021815265813 0.5280678506503641 0
    outer loop
      vertex 3.325878449210181 -2.2222809320784087 37
      vertex 3.3404282561499254 -2.19888293922805 36.78947368421053
      vertex 3.325878449210181 -2.2222809320784087 35
    endloop
  endfacet
  facet normal -0.8819212643483564 0.4713967368259949 1.2040373300360531e-16
    outer loop
      vertex 3.4770899678738596 -1.9757005011448427 36.78947368421053
      vertex 3.48760434866023 -1.9560294782620962 35
      vertex 3.4641016151377544 -2 35
    endloop
  endfacet
  facet normal -0.9108638249211746 0.41270702980439744 3.970092308476535e-17
    outer loop
      vertex 3.5988622465427946 -1.744057810200674 36.78947368421053
      vertex 3.608067568781114 -1.7237412310825488 35
      vertex 3.587490966130753 -1.7691547608760052 35
    endloop
  endfacet
  facet normal -0.8819212643483528 0.47139673682600186 0
    outer loop
      vertex 3.4641016151377544 -2 37
      vertex 3.4770899678738596 -1.9757005011448427 36.78947368421053
      vertex 3.4641016151377544 -2 35
    endloop
  endfacet
  facet normal -0.9108638249211736 0.41270702980439977 0
    outer loop
      vertex 3.587490966130753 -1.7691547608760052 37
      vertex 3.5988622465427946 -1.744057810200674 36.78947368421053
      vertex 3.587490966130753 -1.7691547608760052 35
    endloop
  endfacet
  facet normal -0.9359059267573242 0.35225004792123754 3.7096993710650984e-17
    outer loop
      vertex 3.70522364456465 -1.5049467959606 36.78947368421053
      vertex 3.7130804896518663 -1.4840716593179377 35
      vertex 3.695518130045147 -1.5307337294603591 35
    endloop
  endfacet
  facet normal -0.9359059267573233 0.35225004792123976 0
    outer loop
      vertex 3.695518130045147 -1.5307337294603591 37
      vertex 3.70522364456465 -1.5049467959606 36.78947368421053
      vertex 3.695518130045147 -1.5307337294603591 35
    endloop
  endfacet
  facet normal -0.9569403357322076 0.2902846772544661 -1.4028357544576472e-16
    outer loop
      vertex 3.7957187061041964 -1.259391368496587 36.78947368421053
      vertex 3.802193429823442 -1.238047064869301 35
      vertex 3.7877205179804228 -1.2857578612126463 35
    endloop
  endfacet
  facet normal -0.9738769792773334 0.2270762630343744 -6.311975305807379e-17
    outer loop
      vertex 3.869959917414868 -1.0084430338473913 36.78947368421053
      vertex 3.8750247940051588 -0.9867209628204506 35
      vertex 3.8637033051562732 -1.035276180410083 35
    endloop
  endfacet
  facet normal -0.9569403357322103 0.29028467725445745 0
    outer loop
      vertex 3.7877205179804228 -1.2857578612126463 37
      vertex 3.7957187061041964 -1.259391368496587 36.78947368421053
      vertex 3.7877205179804228 -1.2857578612126463 35
    endloop
  endfacet
  facet normal -0.9738769792773343 0.22707626303437042 0
    outer loop
      vertex 3.8637033051562732 -1.035276180410083 37
      vertex 3.869959917414868 -1.0084430338473913 36.78947368421053
      vertex 3.8637033051562732 -1.035276180410083 35
    endloop
  endfacet
  facet normal -0.9866433320848795 0.16289547339458516 -3.596617449348466e-17
    outer loop
      vertex 3.927629366232113 -0.7531763913082702 36.78947368421053
      vertex 3.931262707114316 -0.731169570124645 35
      vertex 3.9231411216129217 -0.780361288064513 35
    endloop
  endfacet
  facet normal -0.98664333208488 0.16289547339458285 0
    outer loop
      vertex 3.9231411216129217 -0.780361288064513 37
      vertex 3.927629366232113 -0.7531763913082702 36.78947368421053
      vertex 3.9231411216129217 -0.780361288064513 35
    endloop
  endfacet
  facet normal -0.9951847266721964 0.09801714032956568 0
    outer loop
      vertex 3.9657794454952415 -0.5221047688802063 37
      vertex 3.968480103122523 -0.49468453183182376 36.78947368421053
      vertex 3.9657794454952415 -0.5221047688802063 35
    endloop
  endfacet
  facet normal -0.9951847266721965 0.09801714032956481 1.320614655357579e-17
    outer loop
      vertex 3.968480103122523 -0.49468453183182376 36.78947368421053
      vertex 3.9706663497731793 -0.4724871970783712 35
      vertex 3.9657794454952415 -0.5221047688802063 35
    endloop
  endfacet
  facet normal -0.9994645874763655 0.03271908282177867 -1.5011187911713004e-16
    outer loop
      vertex 3.9923371989592122 -0.23407435724472253 36.78947368421053
      vertex 3.9930669895345257 -0.2117815613166537 35
      vertex 3.991435692954414 -0.26161251692057225 35
    endloop
  endfacet
  facet normal -0.9994645874763659 0.032719082821768934 0
    outer loop
      vertex 3.991435692954414 -0.26161251692057225 37
      vertex 3.9923371989592122 -0.23407435724472253 36.78947368421053
      vertex 3.991435692954414 -0.26161251692057225 35
    endloop
  endfacet
  facet normal 0.8128466845916156 0.5824776968678017 0
    outer loop
      vertex -1.6629392246050905 -1.1111404660392044 78
      vertex -1.6629392246050905 -1.1111404660392044 80
      vertex -1.5867066805824703 -1.2175228580174413 78
    endloop
  endfacet
  facet normal 0.849202181526579 0.5280678506503678 6.86700533091798e-19
    outer loop
      vertex -1.6629392246050905 -1.1111404660392044 78
      vertex -1.7320508075688772 -1 78
      vertex -1.7320508075688772 -1 80
    endloop
  endfacet
  facet normal 0.849202181526579 0.5280678506503678 0
    outer loop
      vertex -1.6629392246050905 -1.1111404660392044 78
      vertex -1.7320508075688772 -1 80
      vertex -1.6629392246050905 -1.1111404660392044 80
    endloop
  endfacet
  facet normal 0.9108638249211757 0.4127070298043951 0
    outer loop
      vertex -1.8477590650225735 -0.7653668647301796 78
      vertex -1.8477590650225735 -0.7653668647301796 80
      vertex -1.7937454830653765 -0.8845773804380026 78
    endloop
  endfacet
  facet normal 0.9359059267573255 0.35225004792123404 5.645465089286537e-19
    outer loop
      vertex -1.8477590650225735 -0.7653668647301796 78
      vertex -1.8938602589902114 -0.6428789306063232 78
      vertex -1.8938602589902114 -0.6428789306063232 80
    endloop
  endfacet
  facet normal 0.9569403357322088 0.2902846772544623 0
    outer loop
      vertex -1.9318516525781366 -0.5176380902050415 78
      vertex -1.9318516525781366 -0.5176380902050415 80
      vertex -1.8938602589902114 -0.6428789306063232 78
    endloop
  endfacet
  facet normal 0.8819212643483548 0.47139673682599775 0
    outer loop
      vertex -1.7937454830653765 -0.8845773804380026 78
      vertex -1.7937454830653765 -0.8845773804380026 80
      vertex -1.7320508075688772 -1 78
    endloop
  endfacet
  facet normal 0.9359059267573255 0.35225004792123404 0
    outer loop
      vertex -1.8477590650225735 -0.7653668647301796 78
      vertex -1.8938602589902114 -0.6428789306063232 80
      vertex -1.8477590650225735 -0.7653668647301796 80
    endloop
  endfacet
  facet normal 0.9569403357322088 0.2902846772544623 0
    outer loop
      vertex -1.8938602589902114 -0.6428789306063232 78
      vertex -1.9318516525781366 -0.5176380902050415 80
      vertex -1.8938602589902114 -0.6428789306063232 80
    endloop
  endfacet
  facet normal 0.8819212643483548 0.47139673682599775 0
    outer loop
      vertex -1.7320508075688772 -1 78
      vertex -1.7937454830653765 -0.8845773804380026 80
      vertex -1.7320508075688772 -1 80
    endloop
  endfacet
  facet normal 0.9108638249211757 0.4127070298043951 0
    outer loop
      vertex -1.7937454830653765 -0.8845773804380026 78
      vertex -1.8477590650225735 -0.7653668647301796 80
      vertex -1.7937454830653765 -0.8845773804380026 80
    endloop
  endfacet
  facet normal 0.9738769792773337 0.22707626303437256 3.1487826946227164e-19
    outer loop
      vertex -1.9318516525781366 -0.5176380902050415 78
      vertex -1.9615705608064609 -0.3901806440322565 78
      vertex -1.9615705608064609 -0.3901806440322565 80
    endloop
  endfacet
  facet normal 0.986643332084879 0.16289547339458857 3.607334971579067e-21
    outer loop
      vertex -1.9615705608064609 -0.3901806440322565 78
      vertex -1.9828897227476208 -0.26105238444010315 78
      vertex -1.9828897227476208 -0.26105238444010315 80
    endloop
  endfacet
  facet normal 0.9951847266721968 0.09801714032956063 -2.5018600996074565e-19
    outer loop
      vertex -1.9828897227476208 -0.26105238444010315 78
      vertex -1.995717846477207 -0.13080625846028612 78
      vertex -1.995717846477207 -0.13080625846028612 80
    endloop
  endfacet
  facet normal 0.9994645874763655 0.03271908282177656 -3.1282259648068994e-20
    outer loop
      vertex -1.995717846477207 -0.13080625846028612 78
      vertex -2 0 78
      vertex -2 0 80
    endloop
  endfacet
  facet normal 0.9738769792773337 0.22707626303437256 0
    outer loop
      vertex -1.9318516525781366 -0.5176380902050415 78
      vertex -1.9615705608064609 -0.3901806440322565 80
      vertex -1.9318516525781366 -0.5176380902050415 80
    endloop
  endfacet
  facet normal 0.986643332084879 0.16289547339458857 0
    outer loop
      vertex -1.9615705608064609 -0.3901806440322565 78
      vertex -1.9828897227476208 -0.26105238444010315 80
      vertex -1.9615705608064609 -0.3901806440322565 80
    endloop
  endfacet
  facet normal 0.9951847266721968 0.09801714032956063 0
    outer loop
      vertex -1.9828897227476208 -0.26105238444010315 78
      vertex -1.995717846477207 -0.13080625846028612 80
      vertex -1.9828897227476208 -0.26105238444010315 80
    endloop
  endfacet
  facet normal 0.9994645874763655 0.03271908282177656 0
    outer loop
      vertex -1.995717846477207 -0.13080625846028612 78
      vertex -2 0 80
      vertex -1.995717846477207 -0.13080625846028612 80
    endloop
  endfacet
  facet normal 0.6343932841636449 0.7730104533627374 0
    outer loop
      vertex -1.3186916302001377 -1.503679614957955 78
      vertex -1.3186916302001377 -1.503679614957955 80
      vertex -1.2175228580174413 -1.5867066805824703 78
    endloop
  endfacet
  facet normal 0.6343932841636449 0.7730104533627374 -1.881069912934366e-18
    outer loop
      vertex -1.3186916302001377 -1.503679614957955 80
      vertex -1.2175228580174413 -1.5867066805824703 80
      vertex -1.2175228580174413 -1.5867066805824703 78
    endloop
  endfacet
  facet normal 0.7730104533627374 0.6343932841636449 -1.881069912934366e-18
    outer loop
      vertex -1.503679614957955 -1.3186916302001377 78
      vertex -1.5867066805824703 -1.2175228580174413 78
      vertex -1.5867066805824703 -1.2175228580174413 80
    endloop
  endfacet
  facet normal 0.7298640726978358 0.6835923020228711 0
    outer loop
      vertex -1.503679614957955 -1.3186916302001377 78
      vertex -1.503679614957955 -1.3186916302001377 80
      vertex -1.4142135623730951 -1.4142135623730951 78
    endloop
  endfacet
  facet normal 0.6835923020228711 0.7298640726978358 -3.027537867735058e-18
    outer loop
      vertex -1.3186916302001377 -1.503679614957955 78
      vertex -1.4142135623730951 -1.4142135623730951 78
      vertex -1.4142135623730951 -1.4142135623730951 80
    endloop
  endfacet
  facet normal 0.7730104533627374 0.6343932841636449 0
    outer loop
      vertex -1.503679614957955 -1.3186916302001377 78
      vertex -1.5867066805824703 -1.2175228580174413 80
      vertex -1.503679614957955 -1.3186916302001377 80
    endloop
  endfacet
  facet normal 0.7298640726978358 0.6835923020228711 0
    outer loop
      vertex -1.4142135623730951 -1.4142135623730951 78
      vertex -1.503679614957955 -1.3186916302001377 80
      vertex -1.4142135623730951 -1.4142135623730951 80
    endloop
  endfacet
  facet normal 0.8128466845916156 0.5824776968678017 2.3378456060229304e-18
    outer loop
      vertex -1.6629392246050905 -1.1111404660392044 80
      vertex -1.5867066805824703 -1.2175228580174413 80
      vertex -1.5867066805824703 -1.2175228580174413 78
    endloop
  endfacet
  facet normal 0.6835923020228711 0.7298640726978358 0
    outer loop
      vertex -1.3186916302001377 -1.503679614957955 78
      vertex -1.4142135623730951 -1.4142135623730951 80
      vertex -1.3186916302001377 -1.503679614957955 80
    endloop
  endfacet
  facet normal 0.5824776968678017 0.8128466845916156 0
    outer loop
      vertex -1.2175228580174413 -1.5867066805824703 78
      vertex -1.2175228580174413 -1.5867066805824703 80
      vertex -1.1111404660392044 -1.6629392246050905 78
    endloop
  endfacet
  facet normal 0.5280678506503678 0.849202181526579 0
    outer loop
      vertex -1.1111404660392044 -1.6629392246050905 78
      vertex -1.1111404660392044 -1.6629392246050905 80
      vertex -1 -1.7320508075688772 78
    endloop
  endfacet
  facet normal 0.47139673682599775 0.8819212643483548 9.263609914050503e-19
    outer loop
      vertex -0.8845773804380026 -1.7937454830653765 78
      vertex -1 -1.7320508075688772 78
      vertex -1 -1.7320508075688772 80
    endloop
  endfacet
  facet normal 0.4127070298043951 0.9108638249211757 0
    outer loop
      vertex -0.8845773804380026 -1.7937454830653765 78
      vertex -0.8845773804380026 -1.7937454830653765 80
      vertex -0.7653668647301796 -1.8477590650225735 78
    endloop
  endfacet
  facet normal 0.5824776968678017 0.8128466845916156 0
    outer loop
      vertex -1.1111404660392044 -1.6629392246050905 78
      vertex -1.2175228580174413 -1.5867066805824703 80
      vertex -1.1111404660392044 -1.6629392246050905 80
    endloop
  endfacet
  facet normal 0.5280678506503678 0.849202181526579 0
    outer loop
      vertex -1 -1.7320508075688772 78
      vertex -1.1111404660392044 -1.6629392246050905 80
      vertex -1 -1.7320508075688772 80
    endloop
  endfacet
  facet normal 0.47139673682599775 0.8819212643483548 0
    outer loop
      vertex -0.8845773804380026 -1.7937454830653765 78
      vertex -1 -1.7320508075688772 80
      vertex -0.8845773804380026 -1.7937454830653765 80
    endloop
  endfacet
  facet normal 0.35225004792123404 0.9359059267573255 0
    outer loop
      vertex -0.7653668647301796 -1.8477590650225735 78
      vertex -0.7653668647301796 -1.8477590650225735 80
      vertex -0.6428789306063232 -1.8938602589902114 78
    endloop
  endfacet
  facet normal 0.2902846772544623 0.9569403357322088 0
    outer loop
      vertex -0.6428789306063232 -1.8938602589902114 78
      vertex -0.6428789306063232 -1.8938602589902114 80
      vertex -0.5176380902050415 -1.9318516525781366 78
    endloop
  endfacet
  facet normal 0.22707626303437256 0.9738769792773337 0
    outer loop
      vertex -0.5176380902050415 -1.9318516525781366 78
      vertex -0.5176380902050415 -1.9318516525781366 80
      vertex -0.3901806440322565 -1.9615705608064609 78
    endloop
  endfacet
  facet normal 0.4127070298043951 0.9108638249211757 1.3585543247813449e-18
    outer loop
      vertex -0.8845773804380026 -1.7937454830653765 80
      vertex -0.7653668647301796 -1.8477590650225735 80
      vertex -0.7653668647301796 -1.8477590650225735 78
    endloop
  endfacet
  facet normal 0.35225004792123404 0.9359059267573255 0
    outer loop
      vertex -0.6428789306063232 -1.8938602589902114 78
      vertex -0.7653668647301796 -1.8477590650225735 80
      vertex -0.6428789306063232 -1.8938602589902114 80
    endloop
  endfacet
  facet normal 0.2902846772544623 0.9569403357322088 0
    outer loop
      vertex -0.5176380902050415 -1.9318516525781366 78
      vertex -0.6428789306063232 -1.8938602589902114 80
      vertex -0.5176380902050415 -1.9318516525781366 80
    endloop
  endfacet
  facet normal 0.22707626303437256 0.9738769792773337 3.1487826946227164e-19
    outer loop
      vertex -0.5176380902050415 -1.9318516525781366 80
      vertex -0.3901806440322565 -1.9615705608064609 80
      vertex -0.3901806440322565 -1.9615705608064609 78
    endloop
  endfacet
  facet normal 0.16289547339458857 0.986643332084879 0
    outer loop
      vertex -0.3901806440322565 -1.9615705608064609 78
      vertex -0.3901806440322565 -1.9615705608064609 80
      vertex -0.26105238444010315 -1.9828897227476208 78
    endloop
  endfacet
  facet normal 0.09801714032956063 0.9951847266721968 0
    outer loop
      vertex -0.26105238444010315 -1.9828897227476208 78
      vertex -0.26105238444010315 -1.9828897227476208 80
      vertex -0.13080625846028612 -1.995717846477207 78
    endloop
  endfacet
  facet normal 0.03271908282177656 0.9994645874763655 0
    outer loop
      vertex -0.13080625846028612 -1.995717846477207 78
      vertex -0.13080625846028612 -1.995717846477207 80
      vertex 0 -2 78
    endloop
  endfacet
  facet normal 0.16289547339458857 0.986643332084879 0
    outer loop
      vertex -0.26105238444010315 -1.9828897227476208 78
      vertex -0.3901806440322565 -1.9615705608064609 80
      vertex -0.26105238444010315 -1.9828897227476208 80
    endloop
  endfacet
  facet normal 0.09801714032956063 0.9951847266721968 0
    outer loop
      vertex -0.13080625846028612 -1.995717846477207 78
      vertex -0.26105238444010315 -1.9828897227476208 80
      vertex -0.13080625846028612 -1.995717846477207 80
    endloop
  endfacet
  facet normal 0.03271908282177656 0.9994645874763655 -3.1282259648068994e-20
    outer loop
      vertex -0.13080625846028612 -1.995717846477207 80
      vertex 0 -2 80
      vertex 0 -2 78
    endloop
  endfacet
  facet normal 0.9994645874763655 -0.03271908282177656 3.1282259648068994e-20
    outer loop
      vertex -2 0 78
      vertex -1.995717846477207 0.13080625846028612 78
      vertex -1.995717846477207 0.13080625846028612 80
    endloop
  endfacet
  facet normal 0.9951847266721968 -0.09801714032956063 2.5018600996074565e-19
    outer loop
      vertex -1.995717846477207 0.13080625846028612 78
      vertex -1.9828897227476208 0.26105238444010315 78
      vertex -1.9828897227476208 0.26105238444010315 80
    endloop
  endfacet
  facet normal 0.986643332084879 -0.16289547339458857 -3.607334971579067e-21
    outer loop
      vertex -1.9828897227476208 0.26105238444010315 78
      vertex -1.9615705608064609 0.3901806440322565 78
      vertex -1.9615705608064609 0.3901806440322565 80
    endloop
  endfacet
  facet normal 0.9738769792773337 -0.22707626303437256 -3.1487826946227164e-19
    outer loop
      vertex -1.9615705608064609 0.3901806440322565 78
      vertex -1.9318516525781366 0.5176380902050415 78
      vertex -1.9318516525781366 0.5176380902050415 80
    endloop
  endfacet
  facet normal 0.9994645874763655 -0.03271908282177656 0
    outer loop
      vertex -2 0 78
      vertex -1.995717846477207 0.13080625846028612 80
      vertex -2 0 80
    endloop
  endfacet
  facet normal 0.9951847266721968 -0.09801714032956063 0
    outer loop
      vertex -1.995717846477207 0.13080625846028612 78
      vertex -1.9828897227476208 0.26105238444010315 80
      vertex -1.995717846477207 0.13080625846028612 80
    endloop
  endfacet
  facet normal 0.986643332084879 -0.16289547339458857 0
    outer loop
      vertex -1.9828897227476208 0.26105238444010315 78
      vertex -1.9615705608064609 0.3901806440322565 80
      vertex -1.9828897227476208 0.26105238444010315 80
    endloop
  endfacet
  facet normal 0.9738769792773337 -0.22707626303437256 0
    outer loop
      vertex -1.9615705608064609 0.3901806440322565 78
      vertex -1.9318516525781366 0.5176380902050415 80
      vertex -1.9615705608064609 0.3901806440322565 80
    endloop
  endfacet
  facet normal 0.9569403357322088 -0.2902846772544623 6.389703273727605e-19
    outer loop
      vertex -1.9318516525781366 0.5176380902050415 78
      vertex -1.8938602589902114 0.6428789306063232 78
      vertex -1.8938602589902114 0.6428789306063232 80
    endloop
  endfacet
  facet normal 0.9359059267573255 -0.35225004792123404 -5.645465089286537e-19
    outer loop
      vertex -1.8938602589902114 0.6428789306063232 78
      vertex -1.8477590650225735 0.7653668647301796 78
      vertex -1.8477590650225735 0.7653668647301796 80
    endloop
  endfacet
  facet normal 0.9108638249211757 -0.4127070298043951 -1.3585543247813449e-18
    outer loop
      vertex -1.8477590650225735 0.7653668647301796 78
      vertex -1.7937454830653765 0.8845773804380026 78
      vertex -1.7937454830653765 0.8845773804380026 80
    endloop
  endfacet
  facet normal 0.8819212643483548 -0.47139673682599775 -9.263609914050503e-19
    outer loop
      vertex -1.7937454830653765 0.8845773804380026 78
      vertex -1.7320508075688772 1 78
      vertex -1.7320508075688772 1 80
    endloop
  endfacet
  facet normal 0.9569403357322088 -0.2902846772544623 0
    outer loop
      vertex -1.9318516525781366 0.5176380902050415 78
      vertex -1.8938602589902114 0.6428789306063232 80
      vertex -1.9318516525781366 0.5176380902050415 80
    endloop
  endfacet
  facet normal 0.9359059267573255 -0.35225004792123404 0
    outer loop
      vertex -1.8938602589902114 0.6428789306063232 78
      vertex -1.8477590650225735 0.7653668647301796 80
      vertex -1.8938602589902114 0.6428789306063232 80
    endloop
  endfacet
  facet normal 0.9108638249211757 -0.4127070298043951 0
    outer loop
      vertex -1.8477590650225735 0.7653668647301796 78
      vertex -1.7937454830653765 0.8845773804380026 80
      vertex -1.8477590650225735 0.7653668647301796 80
    endloop
  endfacet
  facet normal 0.8819212643483548 -0.47139673682599775 0
    outer loop
      vertex -1.7937454830653765 0.8845773804380026 78
      vertex -1.7320508075688772 1 80
      vertex -1.7937454830653765 0.8845773804380026 80
    endloop
  endfacet
  facet normal 0.849202181526579 -0.5280678506503678 -6.86700533091798e-19
    outer loop
      vertex -1.7320508075688772 1 78
      vertex -1.6629392246050905 1.1111404660392044 78
      vertex -1.6629392246050905 1.1111404660392044 80
    endloop
  endfacet
  facet normal 0.849202181526579 -0.5280678506503678 0
    outer loop
      vertex -1.7320508075688772 1 78
      vertex -1.6629392246050905 1.1111404660392044 80
      vertex -1.7320508075688772 1 80
    endloop
  endfacet
  facet normal 0.8128466845916156 -0.5824776968678017 0
    outer loop
      vertex -1.6629392246050905 1.1111404660392044 78
      vertex -1.5867066805824703 1.2175228580174413 80
      vertex -1.6629392246050905 1.1111404660392044 80
    endloop
  endfacet
  facet normal 0.8128466845916156 -0.5824776968678017 -2.3378456060229304e-18
    outer loop
      vertex -1.6629392246050905 1.1111404660392044 78
      vertex -1.5867066805824703 1.2175228580174413 78
      vertex -1.5867066805824703 1.2175228580174413 80
    endloop
  endfacet
  facet normal 0.7730104533627374 -0.6343932841636449 1.881069912934366e-18
    outer loop
      vertex -1.5867066805824703 1.2175228580174413 78
      vertex -1.503679614957955 1.3186916302001377 78
      vertex -1.503679614957955 1.3186916302001377 80
    endloop
  endfacet
  facet normal 0.7298640726978358 -0.6835923020228711 3.027537867735058e-18
    outer loop
      vertex -1.503679614957955 1.3186916302001377 78
      vertex -1.4142135623730951 1.4142135623730951 78
      vertex -1.4142135623730951 1.4142135623730951 80
    endloop
  endfacet
  facet normal 0.6835923020228711 -0.7298640726978358 3.027537867735058e-18
    outer loop
      vertex -1.4142135623730951 1.4142135623730951 78
      vertex -1.3186916302001377 1.503679614957955 78
      vertex -1.3186916302001377 1.503679614957955 80
    endloop
  endfacet
  facet normal 0.7730104533627374 -0.6343932841636449 0
    outer loop
      vertex -1.5867066805824703 1.2175228580174413 78
      vertex -1.503679614957955 1.3186916302001377 80
      vertex -1.5867066805824703 1.2175228580174413 80
    endloop
  endfacet
  facet normal 0.7298640726978358 -0.6835923020228711 0
    outer loop
      vertex -1.503679614957955 1.3186916302001377 78
      vertex -1.4142135623730951 1.4142135623730951 80
      vertex -1.503679614957955 1.3186916302001377 80
    endloop
  endfacet
  facet normal 0.6835923020228711 -0.7298640726978358 0
    outer loop
      vertex -1.4142135623730951 1.4142135623730951 78
      vertex -1.3186916302001377 1.503679614957955 80
      vertex -1.4142135623730951 1.4142135623730951 80
    endloop
  endfacet
  facet normal 0.6343932841636449 -0.7730104533627374 1.881069912934366e-18
    outer loop
      vertex -1.3186916302001377 1.503679614957955 78
      vertex -1.2175228580174413 1.5867066805824703 78
      vertex -1.2175228580174413 1.5867066805824703 80
    endloop
  endfacet
  facet normal 0.6343932841636449 -0.7730104533627374 0
    outer loop
      vertex -1.3186916302001377 1.503679614957955 78
      vertex -1.2175228580174413 1.5867066805824703 80
      vertex -1.3186916302001377 1.503679614957955 80
    endloop
  endfacet
  facet normal 0.5824776968678017 -0.8128466845916156 -2.3378456060229304e-18
    outer loop
      vertex -1.2175228580174413 1.5867066805824703 78
      vertex -1.1111404660392044 1.6629392246050905 78
      vertex -1.1111404660392044 1.6629392246050905 80
    endloop
  endfacet
  facet normal 0.5280678506503678 -0.849202181526579 -6.86700533091798e-19
    outer loop
      vertex -1.1111404660392044 1.6629392246050905 78
      vertex -1 1.7320508075688772 78
      vertex -1 1.7320508075688772 80
    endloop
  endfacet
  facet normal 0.47139673682599775 -0.8819212643483548 -9.263609914050503e-19
    outer loop
      vertex -1 1.7320508075688772 78
      vertex -0.8845773804380026 1.7937454830653765 78
      vertex -0.8845773804380026 1.7937454830653765 80
    endloop
  endfacet
  facet normal 0.5824776968678017 -0.8128466845916156 0
    outer loop
      vertex -1.2175228580174413 1.5867066805824703 78
      vertex -1.1111404660392044 1.6629392246050905 80
      vertex -1.2175228580174413 1.5867066805824703 80
    endloop
  endfacet
  facet normal 0.5280678506503678 -0.849202181526579 0
    outer loop
      vertex -1.1111404660392044 1.6629392246050905 78
      vertex -1 1.7320508075688772 80
      vertex -1.1111404660392044 1.6629392246050905 80
    endloop
  endfacet
  facet normal 0.47139673682599775 -0.8819212643483548 0
    outer loop
      vertex -1 1.7320508075688772 78
      vertex -0.8845773804380026 1.7937454830653765 80
      vertex -1 1.7320508075688772 80
    endloop
  endfacet
  facet normal 0.4127070298043951 -0.9108638249211757 0
    outer loop
      vertex -0.8845773804380026 1.7937454830653765 78
      vertex -0.7653668647301796 1.8477590650225735 80
      vertex -0.8845773804380026 1.7937454830653765 80
    endloop
  endfacet
  facet normal 0.4127070298043951 -0.9108638249211757 -1.3585543247813449e-18
    outer loop
      vertex -0.8845773804380026 1.7937454830653765 78
      vertex -0.7653668647301796 1.8477590650225735 78
      vertex -0.7653668647301796 1.8477590650225735 80
    endloop
  endfacet
  facet normal 0.35225004792123404 -0.9359059267573255 -5.645465089286537e-19
    outer loop
      vertex -0.7653668647301796 1.8477590650225735 78
      vertex -0.6428789306063232 1.8938602589902114 78
      vertex -0.6428789306063232 1.8938602589902114 80
    endloop
  endfacet
  facet normal 0.2902846772544623 -0.9569403357322088 6.389703273727605e-19
    outer loop
      vertex -0.6428789306063232 1.8938602589902114 78
      vertex -0.5176380902050415 1.9318516525781366 78
      vertex -0.5176380902050415 1.9318516525781366 80
    endloop
  endfacet
  facet normal 0.22707626303437256 -0.9738769792773337 -3.1487826946227164e-19
    outer loop
      vertex -0.5176380902050415 1.9318516525781366 78
      vertex -0.3901806440322565 1.9615705608064609 78
      vertex -0.3901806440322565 1.9615705608064609 80
    endloop
  endfacet
  facet normal 0.35225004792123404 -0.9359059267573255 0
    outer loop
      vertex -0.7653668647301796 1.8477590650225735 78
      vertex -0.6428789306063232 1.8938602589902114 80
      vertex -0.7653668647301796 1.8477590650225735 80
    endloop
  endfacet
  facet normal 0.2902846772544623 -0.9569403357322088 0
    outer loop
      vertex -0.6428789306063232 1.8938602589902114 78
      vertex -0.5176380902050415 1.9318516525781366 80
      vertex -0.6428789306063232 1.8938602589902114 80
    endloop
  endfacet
  facet normal 0.22707626303437256 -0.9738769792773337 0
    outer loop
      vertex -0.5176380902050415 1.9318516525781366 78
      vertex -0.3901806440322565 1.9615705608064609 80
      vertex -0.5176380902050415 1.9318516525781366 80
    endloop
  endfacet
  facet normal 0.16289547339458857 -0.986643332084879 -3.607334971579067e-21
    outer loop
      vertex -0.3901806440322565 1.9615705608064609 78
      vertex -0.26105238444010315 1.9828897227476208 78
      vertex -0.26105238444010315 1.9828897227476208 80
    endloop
  endfacet
  facet normal 0.09801714032956063 -0.9951847266721968 2.5018600996074565e-19
    outer loop
      vertex -0.26105238444010315 1.9828897227476208 78
      vertex -0.13080625846028612 1.995717846477207 78
      vertex -0.13080625846028612 1.995717846477207 80
    endloop
  endfacet
  facet normal 0.03271908282177656 -0.9994645874763655 3.1282259648068994e-20
    outer loop
      vertex -0.13080625846028612 1.995717846477207 78
      vertex 0 2 78
      vertex 0 2 80
    endloop
  endfacet
  facet normal 0.16289547339458857 -0.986643332084879 0
    outer loop
      vertex -0.3901806440322565 1.9615705608064609 78
      vertex -0.26105238444010315 1.9828897227476208 80
      vertex -0.3901806440322565 1.9615705608064609 80
    endloop
  endfacet
  facet normal 0.09801714032956063 -0.9951847266721968 0
    outer loop
      vertex -0.26105238444010315 1.9828897227476208 78
      vertex -0.13080625846028612 1.995717846477207 80
      vertex -0.26105238444010315 1.9828897227476208 80
    endloop
  endfacet
  facet normal 0.03271908282177656 -0.9994645874763655 0
    outer loop
      vertex -0.13080625846028612 1.995717846477207 78
      vertex 0 2 80
      vertex -0.13080625846028612 1.995717846477207 80
    endloop
  endfacet
  facet normal -0.03271908282177656 0.9994645874763655 0
    outer loop
      vertex 0 -2 78
      vertex 0 -2 80
      vertex 0.13080625846028612 -1.995717846477207 78
    endloop
  endfacet
  facet normal -0.09801714032956063 0.9951847266721968 0
    outer loop
      vertex 0.13080625846028612 -1.995717846477207 78
      vertex 0.13080625846028612 -1.995717846477207 80
      vertex 0.26105238444010315 -1.9828897227476208 78
    endloop
  endfacet
  facet normal -0.16289547339458857 0.986643332084879 0
    outer loop
      vertex 0.26105238444010315 -1.9828897227476208 78
      vertex 0.26105238444010315 -1.9828897227476208 80
      vertex 0.3901806440322565 -1.9615705608064609 78
    endloop
  endfacet
  facet normal -0.03271908282177656 0.9994645874763655 0
    outer loop
      vertex 0.13080625846028612 -1.995717846477207 78
      vertex 0 -2 80
      vertex 0.13080625846028612 -1.995717846477207 80
    endloop
  endfacet
  facet normal -0.09801714032956063 0.9951847266721968 0
    outer loop
      vertex 0.26105238444010315 -1.9828897227476208 78
      vertex 0.13080625846028612 -1.995717846477207 80
      vertex 0.26105238444010315 -1.9828897227476208 80
    endloop
  endfacet
  facet normal -0.16289547339458857 0.986643332084879 0
    outer loop
      vertex 0.3901806440322565 -1.9615705608064609 78
      vertex 0.26105238444010315 -1.9828897227476208 80
      vertex 0.3901806440322565 -1.9615705608064609 80
    endloop
  endfacet
  facet normal -0.22707626303437256 0.9738769792773337 0
    outer loop
      vertex 0.3901806440322565 -1.9615705608064609 78
      vertex 0.3901806440322565 -1.9615705608064609 80
      vertex 0.5176380902050415 -1.9318516525781366 78
    endloop
  endfacet
  facet normal -0.2902846772544623 0.9569403357322088 0
    outer loop
      vertex 0.5176380902050415 -1.9318516525781366 78
      vertex 0.5176380902050415 -1.9318516525781366 80
      vertex 0.6428789306063232 -1.8938602589902114 78
    endloop
  endfacet
  facet normal -0.35225004792123404 0.9359059267573255 0
    outer loop
      vertex 0.6428789306063232 -1.8938602589902114 78
      vertex 0.6428789306063232 -1.8938602589902114 80
      vertex 0.7653668647301796 -1.8477590650225735 78
    endloop
  endfacet
  facet normal -0.4127070298043951 0.9108638249211757 0
    outer loop
      vertex 0.7653668647301796 -1.8477590650225735 78
      vertex 0.7653668647301796 -1.8477590650225735 80
      vertex 0.8845773804380026 -1.7937454830653765 78
    endloop
  endfacet
  facet normal -0.22707626303437256 0.9738769792773337 -3.1487826946227164e-19
    outer loop
      vertex 0.3901806440322565 -1.9615705608064609 80
      vertex 0.5176380902050415 -1.9318516525781366 80
      vertex 0.5176380902050415 -1.9318516525781366 78
    endloop
  endfacet
  facet normal -0.2902846772544623 0.9569403357322088 0
    outer loop
      vertex 0.6428789306063232 -1.8938602589902114 78
      vertex 0.5176380902050415 -1.9318516525781366 80
      vertex 0.6428789306063232 -1.8938602589902114 80
    endloop
  endfacet
  facet normal -0.35225004792123404 0.9359059267573255 0
    outer loop
      vertex 0.7653668647301796 -1.8477590650225735 78
      vertex 0.6428789306063232 -1.8938602589902114 80
      vertex 0.7653668647301796 -1.8477590650225735 80
    endloop
  endfacet
  facet normal -0.47139673682599775 0.8819212643483548 0
    outer loop
      vertex 0.8845773804380026 -1.7937454830653765 78
      vertex 0.8845773804380026 -1.7937454830653765 80
      vertex 1 -1.7320508075688772 78
    endloop
  endfacet
  facet normal -0.5280678506503678 0.849202181526579 0
    outer loop
      vertex 1 -1.7320508075688772 78
      vertex 1 -1.7320508075688772 80
      vertex 1.1111404660392044 -1.6629392246050905 78
    endloop
  endfacet
  facet normal -0.5824776968678017 0.8128466845916156 0
    outer loop
      vertex 1.1111404660392044 -1.6629392246050905 78
      vertex 1.1111404660392044 -1.6629392246050905 80
      vertex 1.2175228580174413 -1.5867066805824703 78
    endloop
  endfacet
  facet normal -0.4127070298043951 0.9108638249211757 -1.3585543247813449e-18
    outer loop
      vertex 0.7653668647301796 -1.8477590650225735 80
      vertex 0.8845773804380026 -1.7937454830653765 80
      vertex 0.8845773804380026 -1.7937454830653765 78
    endloop
  endfacet
  facet normal -0.47139673682599775 0.8819212643483548 0
    outer loop
      vertex 1 -1.7320508075688772 78
      vertex 0.8845773804380026 -1.7937454830653765 80
      vertex 1 -1.7320508075688772 80
    endloop
  endfacet
  facet normal -0.5280678506503678 0.849202181526579 0
    outer loop
      vertex 1.1111404660392044 -1.6629392246050905 78
      vertex 1 -1.7320508075688772 80
      vertex 1.1111404660392044 -1.6629392246050905 80
    endloop
  endfacet
  facet normal -0.5824776968678017 0.8128466845916156 0
    outer loop
      vertex 1.2175228580174413 -1.5867066805824703 78
      vertex 1.1111404660392044 -1.6629392246050905 80
      vertex 1.2175228580174413 -1.5867066805824703 80
    endloop
  endfacet
  facet normal -0.6343932841636449 0.7730104533627374 0
    outer loop
      vertex 1.2175228580174413 -1.5867066805824703 78
      vertex 1.2175228580174413 -1.5867066805824703 80
      vertex 1.3186916302001377 -1.503679614957955 78
    endloop
  endfacet
  facet normal -0.6343932841636449 0.7730104533627374 1.881069912934366e-18
    outer loop
      vertex 1.2175228580174413 -1.5867066805824703 80
      vertex 1.3186916302001377 -1.503679614957955 80
      vertex 1.3186916302001377 -1.503679614957955 78
    endloop
  endfacet
  facet normal -0.6835923020228711 0.7298640726978358 0
    outer loop
      vertex 1.3186916302001377 -1.503679614957955 78
      vertex 1.3186916302001377 -1.503679614957955 80
      vertex 1.4142135623730951 -1.4142135623730951 78
    endloop
  endfacet
  facet normal -0.7298640726978358 0.6835923020228711 0
    outer loop
      vertex 1.4142135623730951 -1.4142135623730951 78
      vertex 1.4142135623730951 -1.4142135623730951 80
      vertex 1.503679614957955 -1.3186916302001377 78
    endloop
  endfacet
  facet normal -0.7730104533627374 0.6343932841636449 0
    outer loop
      vertex 1.503679614957955 -1.3186916302001377 78
      vertex 1.503679614957955 -1.3186916302001377 80
      vertex 1.5867066805824703 -1.2175228580174413 78
    endloop
  endfacet
  facet normal -0.8128466845916156 0.5824776968678017 0
    outer loop
      vertex 1.5867066805824703 -1.2175228580174413 78
      vertex 1.5867066805824703 -1.2175228580174413 80
      vertex 1.6629392246050905 -1.1111404660392044 78
    endloop
  endfacet
  facet normal -0.6835923020228711 0.7298640726978358 3.027537867735058e-18
    outer loop
      vertex 1.3186916302001377 -1.503679614957955 80
      vertex 1.4142135623730951 -1.4142135623730951 80
      vertex 1.4142135623730951 -1.4142135623730951 78
    endloop
  endfacet
  facet normal -0.7298640726978358 0.6835923020228711 0
    outer loop
      vertex 1.503679614957955 -1.3186916302001377 78
      vertex 1.4142135623730951 -1.4142135623730951 80
      vertex 1.503679614957955 -1.3186916302001377 80
    endloop
  endfacet
  facet normal -0.7730104533627374 0.6343932841636449 0
    outer loop
      vertex 1.5867066805824703 -1.2175228580174413 78
      vertex 1.503679614957955 -1.3186916302001377 80
      vertex 1.5867066805824703 -1.2175228580174413 80
    endloop
  endfacet
  facet normal -0.849202181526579 0.5280678506503678 0
    outer loop
      vertex 1.6629392246050905 -1.1111404660392044 78
      vertex 1.6629392246050905 -1.1111404660392044 80
      vertex 1.7320508075688772 -1 78
    endloop
  endfacet
  facet normal -0.8128466845916156 0.5824776968678017 -2.3378456060229304e-18
    outer loop
      vertex 1.5867066805824703 -1.2175228580174413 80
      vertex 1.6629392246050905 -1.1111404660392044 80
      vertex 1.6629392246050905 -1.1111404660392044 78
    endloop
  endfacet
  facet normal -0.849202181526579 0.5280678506503678 -6.86700533091798e-19
    outer loop
      vertex 1.6629392246050905 -1.1111404660392044 80
      vertex 1.7320508075688772 -1 80
      vertex 1.7320508075688772 -1 78
    endloop
  endfacet
  facet normal -0.8819212643483548 0.47139673682599775 0
    outer loop
      vertex 1.7320508075688772 -1 78
      vertex 1.7320508075688772 -1 80
      vertex 1.7937454830653765 -0.8845773804380026 78
    endloop
  endfacet
  facet normal -0.9108638249211757 0.4127070298043951 0
    outer loop
      vertex 1.7937454830653765 -0.8845773804380026 78
      vertex 1.7937454830653765 -0.8845773804380026 80
      vertex 1.8477590650225735 -0.7653668647301796 78
    endloop
  endfacet
  facet normal -0.9359059267573255 0.35225004792123404 0
    outer loop
      vertex 1.8477590650225735 -0.7653668647301796 78
      vertex 1.8477590650225735 -0.7653668647301796 80
      vertex 1.8938602589902114 -0.6428789306063232 78
    endloop
  endfacet
  facet normal -0.9569403357322088 0.2902846772544623 0
    outer loop
      vertex 1.8938602589902114 -0.6428789306063232 78
      vertex 1.8938602589902114 -0.6428789306063232 80
      vertex 1.9318516525781366 -0.5176380902050415 78
    endloop
  endfacet
  facet normal -0.8819212643483548 0.47139673682599775 0
    outer loop
      vertex 1.7937454830653765 -0.8845773804380026 78
      vertex 1.7320508075688772 -1 80
      vertex 1.7937454830653765 -0.8845773804380026 80
    endloop
  endfacet
  facet normal -0.9108638249211757 0.4127070298043951 0
    outer loop
      vertex 1.8477590650225735 -0.7653668647301796 78
      vertex 1.7937454830653765 -0.8845773804380026 80
      vertex 1.8477590650225735 -0.7653668647301796 80
    endloop
  endfacet
  facet normal -0.9359059267573255 0.35225004792123404 0
    outer loop
      vertex 1.8938602589902114 -0.6428789306063232 78
      vertex 1.8477590650225735 -0.7653668647301796 80
      vertex 1.8938602589902114 -0.6428789306063232 80
    endloop
  endfacet
  facet normal -0.9569403357322088 0.2902846772544623 0
    outer loop
      vertex 1.9318516525781366 -0.5176380902050415 78
      vertex 1.8938602589902114 -0.6428789306063232 80
      vertex 1.9318516525781366 -0.5176380902050415 80
    endloop
  endfacet
  facet normal -0.9738769792773337 0.22707626303437256 0
    outer loop
      vertex 1.9318516525781366 -0.5176380902050415 78
      vertex 1.9318516525781366 -0.5176380902050415 80
      vertex 1.9615705608064609 -0.3901806440322565 78
    endloop
  endfacet
  facet normal -0.986643332084879 0.16289547339458857 0
    outer loop
      vertex 1.9615705608064609 -0.3901806440322565 78
      vertex 1.9615705608064609 -0.3901806440322565 80
      vertex 1.9828897227476208 -0.26105238444010315 78
    endloop
  endfacet
  facet normal -0.9951847266721968 0.09801714032956063 0
    outer loop
      vertex 1.9828897227476208 -0.26105238444010315 78
      vertex 1.9828897227476208 -0.26105238444010315 80
      vertex 1.995717846477207 -0.13080625846028612 78
    endloop
  endfacet
  facet normal -0.9994645874763655 0.03271908282177656 0
    outer loop
      vertex 1.995717846477207 -0.13080625846028612 78
      vertex 1.995717846477207 -0.13080625846028612 80
      vertex 2 0 78
    endloop
  endfacet
  facet normal -0.9738769792773337 0.22707626303437256 -3.1487826946227164e-19
    outer loop
      vertex 1.9318516525781366 -0.5176380902050415 80
      vertex 1.9615705608064609 -0.3901806440322565 80
      vertex 1.9615705608064609 -0.3901806440322565 78
    endloop
  endfacet
  facet normal -0.986643332084879 0.16289547339458857 0
    outer loop
      vertex 1.9828897227476208 -0.26105238444010315 78
      vertex 1.9615705608064609 -0.3901806440322565 80
      vertex 1.9828897227476208 -0.26105238444010315 80
    endloop
  endfacet
  facet normal -0.9951847266721968 0.09801714032956063 0
    outer loop
      vertex 1.995717846477207 -0.13080625846028612 78
      vertex 1.9828897227476208 -0.26105238444010315 80
      vertex 1.995717846477207 -0.13080625846028612 80
    endloop
  endfacet
  facet normal -0.9994645874763655 0.03271908282177656 3.1282259648068994e-20
    outer loop
      vertex 1.995717846477207 -0.13080625846028612 80
      vertex 2 0 80
      vertex 2 0 78
    endloop
  endfacet
  facet normal -0.03271908282177656 -0.9994645874763655 0
    outer loop
      vertex 0.13080625846028612 1.995717846477207 78
      vertex 0.13080625846028612 1.995717846477207 80
      vertex 0 2 78
    endloop
  endfacet
  facet normal -0.09801714032956063 -0.9951847266721968 -2.5018600996074565e-19
    outer loop
      vertex 0.13080625846028612 1.995717846477207 78
      vertex 0.26105238444010315 1.9828897227476208 78
      vertex 0.26105238444010315 1.9828897227476208 80
    endloop
  endfacet
  facet normal -0.16289547339458857 -0.986643332084879 3.607334971579067e-21
    outer loop
      vertex 0.26105238444010315 1.9828897227476208 78
      vertex 0.3901806440322565 1.9615705608064609 78
      vertex 0.3901806440322565 1.9615705608064609 80
    endloop
  endfacet
  facet normal -0.03271908282177656 -0.9994645874763655 -3.1282259648068994e-20
    outer loop
      vertex 0.13080625846028612 1.995717846477207 80
      vertex 0 2 80
      vertex 0 2 78
    endloop
  endfacet
  facet normal -0.09801714032956063 -0.9951847266721968 0
    outer loop
      vertex 0.13080625846028612 1.995717846477207 78
      vertex 0.26105238444010315 1.9828897227476208 80
      vertex 0.13080625846028612 1.995717846477207 80
    endloop
  endfacet
  facet normal -0.16289547339458857 -0.986643332084879 0
    outer loop
      vertex 0.26105238444010315 1.9828897227476208 78
      vertex 0.3901806440322565 1.9615705608064609 80
      vertex 0.26105238444010315 1.9828897227476208 80
    endloop
  endfacet
  facet normal -0.22707626303437256 -0.9738769792773337 3.1487826946227164e-19
    outer loop
      vertex 0.3901806440322565 1.9615705608064609 78
      vertex 0.5176380902050415 1.9318516525781366 78
      vertex 0.5176380902050415 1.9318516525781366 80
    endloop
  endfacet
  facet normal -0.2902846772544623 -0.9569403357322088 -6.389703273727605e-19
    outer loop
      vertex 0.5176380902050415 1.9318516525781366 78
      vertex 0.6428789306063232 1.8938602589902114 78
      vertex 0.6428789306063232 1.8938602589902114 80
    endloop
  endfacet
  facet normal -0.35225004792123404 -0.9359059267573255 5.645465089286537e-19
    outer loop
      vertex 0.6428789306063232 1.8938602589902114 78
      vertex 0.7653668647301796 1.8477590650225735 78
      vertex 0.7653668647301796 1.8477590650225735 80
    endloop
  endfacet
  facet normal -0.22707626303437256 -0.9738769792773337 0
    outer loop
      vertex 0.3901806440322565 1.9615705608064609 78
      vertex 0.5176380902050415 1.9318516525781366 80
      vertex 0.3901806440322565 1.9615705608064609 80
    endloop
  endfacet
  facet normal -0.2902846772544623 -0.9569403357322088 0
    outer loop
      vertex 0.5176380902050415 1.9318516525781366 78
      vertex 0.6428789306063232 1.8938602589902114 80
      vertex 0.5176380902050415 1.9318516525781366 80
    endloop
  endfacet
  facet normal -0.35225004792123404 -0.9359059267573255 0
    outer loop
      vertex 0.6428789306063232 1.8938602589902114 78
      vertex 0.7653668647301796 1.8477590650225735 80
      vertex 0.6428789306063232 1.8938602589902114 80
    endloop
  endfacet
  facet normal -0.4127070298043951 -0.9108638249211757 0
    outer loop
      vertex 0.7653668647301796 1.8477590650225735 78
      vertex 0.8845773804380026 1.7937454830653765 80
      vertex 0.7653668647301796 1.8477590650225735 80
    endloop
  endfacet
  facet normal -0.4127070298043951 -0.9108638249211757 1.3585543247813449e-18
    outer loop
      vertex 0.7653668647301796 1.8477590650225735 78
      vertex 0.8845773804380026 1.7937454830653765 78
      vertex 0.8845773804380026 1.7937454830653765 80
    endloop
  endfacet
  facet normal -0.47139673682599775 -0.8819212643483548 0
    outer loop
      vertex 1 1.7320508075688772 78
      vertex 1 1.7320508075688772 80
      vertex 0.8845773804380026 1.7937454830653765 78
    endloop
  endfacet
  facet normal -0.5280678506503678 -0.849202181526579 6.86700533091798e-19
    outer loop
      vertex 1 1.7320508075688772 78
      vertex 1.1111404660392044 1.6629392246050905 78
      vertex 1.1111404660392044 1.6629392246050905 80
    endloop
  endfacet
  facet normal -0.5824776968678017 -0.8128466845916156 2.3378456060229304e-18
    outer loop
      vertex 1.1111404660392044 1.6629392246050905 78
      vertex 1.2175228580174413 1.5867066805824703 78
      vertex 1.2175228580174413 1.5867066805824703 80
    endloop
  endfacet
  facet normal -0.47139673682599775 -0.8819212643483548 0
    outer loop
      vertex 0.8845773804380026 1.7937454830653765 78
      vertex 1 1.7320508075688772 80
      vertex 0.8845773804380026 1.7937454830653765 80
    endloop
  endfacet
  facet normal -0.5280678506503678 -0.849202181526579 0
    outer loop
      vertex 1 1.7320508075688772 78
      vertex 1.1111404660392044 1.6629392246050905 80
      vertex 1 1.7320508075688772 80
    endloop
  endfacet
  facet normal -0.5824776968678017 -0.8128466845916156 0
    outer loop
      vertex 1.1111404660392044 1.6629392246050905 78
      vertex 1.2175228580174413 1.5867066805824703 80
      vertex 1.1111404660392044 1.6629392246050905 80
    endloop
  endfacet
  facet normal -0.6835923020228711 -0.7298640726978358 0
    outer loop
      vertex 1.4142135623730951 1.4142135623730951 78
      vertex 1.4142135623730951 1.4142135623730951 80
      vertex 1.3186916302001377 1.503679614957955 78
    endloop
  endfacet
  facet normal -0.7298640726978358 -0.6835923020228711 -3.027537867735058e-18
    outer loop
      vertex 1.4142135623730951 1.4142135623730951 78
      vertex 1.503679614957955 1.3186916302001377 78
      vertex 1.503679614957955 1.3186916302001377 80
    endloop
  endfacet
  facet normal -0.7730104533627374 -0.6343932841636449 0
    outer loop
      vertex 1.5867066805824703 1.2175228580174413 78
      vertex 1.5867066805824703 1.2175228580174413 80
      vertex 1.503679614957955 1.3186916302001377 78
    endloop
  endfacet
  facet normal -0.6835923020228711 -0.7298640726978358 -3.027537867735058e-18
    outer loop
      vertex 1.4142135623730951 1.4142135623730951 80
      vertex 1.3186916302001377 1.503679614957955 80
      vertex 1.3186916302001377 1.503679614957955 78
    endloop
  endfacet
  facet normal -0.8128466845916156 -0.5824776968678017 0
    outer loop
      vertex 1.5867066805824703 1.2175228580174413 78
      vertex 1.6629392246050905 1.1111404660392044 80
      vertex 1.5867066805824703 1.2175228580174413 80
    endloop
  endfacet
  facet normal -0.7298640726978358 -0.6835923020228711 0
    outer loop
      vertex 1.4142135623730951 1.4142135623730951 78
      vertex 1.503679614957955 1.3186916302001377 80
      vertex 1.4142135623730951 1.4142135623730951 80
    endloop
  endfacet
  facet normal -0.7730104533627374 -0.6343932841636449 0
    outer loop
      vertex 1.503679614957955 1.3186916302001377 78
      vertex 1.5867066805824703 1.2175228580174413 80
      vertex 1.503679614957955 1.3186916302001377 80
    endloop
  endfacet
  facet normal -0.6343932841636449 -0.7730104533627374 -1.881069912934366e-18
    outer loop
      vertex 1.2175228580174413 1.5867066805824703 78
      vertex 1.3186916302001377 1.503679614957955 78
      vertex 1.3186916302001377 1.503679614957955 80
    endloop
  endfacet
  facet normal -0.6343932841636449 -0.7730104533627374 0
    outer loop
      vertex 1.2175228580174413 1.5867066805824703 78
      vertex 1.3186916302001377 1.503679614957955 80
      vertex 1.2175228580174413 1.5867066805824703 80
    endloop
  endfacet
  facet normal -0.9994645874763655 -0.03271908282177656 0
    outer loop
      vertex 2 0 78
      vertex 2 0 80
      vertex 1.995717846477207 0.13080625846028612 78
    endloop
  endfacet
  facet normal -0.9951847266721968 -0.09801714032956063 0
    outer loop
      vertex 1.995717846477207 0.13080625846028612 78
      vertex 1.995717846477207 0.13080625846028612 80
      vertex 1.9828897227476208 0.26105238444010315 78
    endloop
  endfacet
  facet normal -0.986643332084879 -0.16289547339458857 0
    outer loop
      vertex 1.9828897227476208 0.26105238444010315 78
      vertex 1.9828897227476208 0.26105238444010315 80
      vertex 1.9615705608064609 0.3901806440322565 78
    endloop
  endfacet
  facet normal -0.9738769792773337 -0.22707626303437256 0
    outer loop
      vertex 1.9615705608064609 0.3901806440322565 78
      vertex 1.9615705608064609 0.3901806440322565 80
      vertex 1.9318516525781366 0.5176380902050415 78
    endloop
  endfacet
  facet normal -0.9994645874763655 -0.03271908282177656 0
    outer loop
      vertex 1.995717846477207 0.13080625846028612 78
      vertex 2 0 80
      vertex 1.995717846477207 0.13080625846028612 80
    endloop
  endfacet
  facet normal -0.9951847266721968 -0.09801714032956063 0
    outer loop
      vertex 1.9828897227476208 0.26105238444010315 78
      vertex 1.995717846477207 0.13080625846028612 80
      vertex 1.9828897227476208 0.26105238444010315 80
    endloop
  endfacet
  facet normal -0.986643332084879 -0.16289547339458857 0
    outer loop
      vertex 1.9615705608064609 0.3901806440322565 78
      vertex 1.9828897227476208 0.26105238444010315 80
      vertex 1.9615705608064609 0.3901806440322565 80
    endloop
  endfacet
  facet normal -0.9738769792773337 -0.22707626303437256 3.1487826946227164e-19
    outer loop
      vertex 1.9615705608064609 0.3901806440322565 80
      vertex 1.9318516525781366 0.5176380902050415 80
      vertex 1.9318516525781366 0.5176380902050415 78
    endloop
  endfacet
  facet normal -0.8819212643483548 -0.47139673682599775 0
    outer loop
      vertex 1.7937454830653765 0.8845773804380026 78
      vertex 1.7937454830653765 0.8845773804380026 80
      vertex 1.7320508075688772 1 78
    endloop
  endfacet
  facet normal -0.9569403357322088 -0.2902846772544623 -6.389703273727605e-19
    outer loop
      vertex 1.8938602589902114 0.6428789306063232 78
      vertex 1.9318516525781366 0.5176380902050415 78
      vertex 1.9318516525781366 0.5176380902050415 80
    endloop
  endfacet
  facet normal -0.9359059267573255 -0.35225004792123404 0
    outer loop
      vertex 1.8938602589902114 0.6428789306063232 78
      vertex 1.8938602589902114 0.6428789306063232 80
      vertex 1.8477590650225735 0.7653668647301796 78
    endloop
  endfacet
  facet normal -0.9108638249211757 -0.4127070298043951 1.3585543247813449e-18
    outer loop
      vertex 1.7937454830653765 0.8845773804380026 78
      vertex 1.8477590650225735 0.7653668647301796 78
      vertex 1.8477590650225735 0.7653668647301796 80
    endloop
  endfacet
  facet normal -0.9108638249211757 -0.4127070298043951 0
    outer loop
      vertex 1.7937454830653765 0.8845773804380026 78
      vertex 1.8477590650225735 0.7653668647301796 80
      vertex 1.7937454830653765 0.8845773804380026 80
    endloop
  endfacet
  facet normal -0.8819212643483548 -0.47139673682599775 9.263609914050503e-19
    outer loop
      vertex 1.7937454830653765 0.8845773804380026 80
      vertex 1.7320508075688772 1 80
      vertex 1.7320508075688772 1 78
    endloop
  endfacet
  facet normal -0.9569403357322088 -0.2902846772544623 0
    outer loop
      vertex 1.8938602589902114 0.6428789306063232 78
      vertex 1.9318516525781366 0.5176380902050415 80
      vertex 1.8938602589902114 0.6428789306063232 80
    endloop
  endfacet
  facet normal -0.9359059267573255 -0.35225004792123404 0
    outer loop
      vertex 1.8477590650225735 0.7653668647301796 78
      vertex 1.8938602589902114 0.6428789306063232 80
      vertex 1.8477590650225735 0.7653668647301796 80
    endloop
  endfacet
  facet normal -0.849202181526579 -0.5280678506503678 6.86700533091798e-19
    outer loop
      vertex 1.6629392246050905 1.1111404660392044 78
      vertex 1.7320508075688772 1 78
      vertex 1.7320508075688772 1 80
    endloop
  endfacet
  facet normal -0.8128466845916156 -0.5824776968678017 2.3378456060229304e-18
    outer loop
      vertex 1.5867066805824703 1.2175228580174413 78
      vertex 1.6629392246050905 1.1111404660392044 78
      vertex 1.6629392246050905 1.1111404660392044 80
    endloop
  endfacet
  facet normal -0.849202181526579 -0.5280678506503678 0
    outer loop
      vertex 1.6629392246050905 1.1111404660392044 78
      vertex 1.7320508075688772 1 80
      vertex 1.6629392246050905 1.1111404660392044 80
    endloop
  endfacet
  facet normal -0.6835923020228704 -0.7298640726978364 0
    outer loop
      vertex -7.252803966100757 -8.270237882268752 0
      vertex -7.252803966100757 -8.270237882268752 4
      vertex -7.778174593052023 -7.778174593052023 0
    endloop
  endfacet
  facet normal -0.634393284163645 -0.7730104533627373 -3.704452985200911e-18
    outer loop
      vertex -7.252803966100757 -8.270237882268752 0
      vertex -6.696375719095927 -8.726886743203586 0
      vertex -6.696375719095927 -8.726886743203586 4
    endloop
  endfacet
  facet normal -0.634393284163645 -0.7730104533627373 0
    outer loop
      vertex -7.252803966100757 -8.270237882268752 0
      vertex -6.696375719095927 -8.726886743203586 4
      vertex -7.252803966100757 -8.270237882268752 4
    endloop
  endfacet
  facet normal -0.582477696867802 -0.8128466845916152 0
    outer loop
      vertex -6.696375719095927 -8.726886743203586 0
      vertex -6.111272563215624 -9.146165735327997 4
      vertex -6.696375719095927 -8.726886743203586 4
    endloop
  endfacet
  facet normal -0.8819212643483547 -0.47139673682599786 0
    outer loop
      vertex -9.865600156859571 -4.865175592409014 0
      vertex -9.526279441628825 -5.5 0
      vertex -9.865600156859571 -4.865175592409014 4
    endloop
  endfacet
  facet normal -0.910863824921176 -0.4127070298043944 0
    outer loop
      vertex -10.162674857624154 -4.2095177560159875 0
      vertex -9.865600156859571 -4.865175592409014 0
      vertex -10.162674857624154 -4.2095177560159875 4
    endloop
  endfacet
  facet normal -0.910863824921176 -0.4127070298043944 0
    outer loop
      vertex -9.865600156859571 -4.865175592409014 0
      vertex -9.865600156859571 -4.865175592409014 4
      vertex -10.162674857624154 -4.2095177560159875 4
    endloop
  endfacet
  facet normal -0.9738769792773335 -0.22707626303437362 -5.722892050744083e-19
    outer loop
      vertex -10.62518408917975 -2.847009496127728 0
      vertex -10.788638084435535 -2.145993542177411 4
      vertex -10.788638084435535 -2.145993542177411 0
    endloop
  endfacet
  facet normal -0.9738769792773335 -0.22707626303437362 0
    outer loop
      vertex -10.62518408917975 -2.847009496127728 0
      vertex -10.62518408917975 -2.847009496127728 4
      vertex -10.788638084435535 -2.145993542177411 4
    endloop
  endfacet
  facet normal -0.9359059267573251 -0.3522500479212353 4.3823973898028226e-18
    outer loop
      vertex -10.162674857624154 -4.2095177560159875 0
      vertex -10.416231424446163 -3.5358341183347775 4
      vertex -10.416231424446163 -3.5358341183347775 0
    endloop
  endfacet
  facet normal -0.9569403357322095 -0.2902846772544603 0
    outer loop
      vertex -10.62518408917975 -2.847009496127728 0
      vertex -10.416231424446163 -3.5358341183347775 0
      vertex -10.62518408917975 -2.847009496127728 4
    endloop
  endfacet
  facet normal -0.9359059267573251 -0.3522500479212353 0
    outer loop
      vertex -10.162674857624154 -4.2095177560159875 0
      vertex -10.162674857624154 -4.2095177560159875 4
      vertex -10.416231424446163 -3.5358341183347775 4
    endloop
  endfacet
  facet normal -0.9569403357322095 -0.2902846772544603 -4.8076349729418895e-18
    outer loop
      vertex -10.62518408917975 -2.847009496127728 4
      vertex -10.416231424446163 -3.5358341183347775 0
      vertex -10.416231424446163 -3.5358341183347775 4
    endloop
  endfacet
  facet normal -0.9866433320848789 -0.16289547339458962 6.957267077829904e-19
    outer loop
      vertex -10.788638084435535 -2.145993542177411 0
      vertex -10.905893475111915 -1.4357881144205673 4
      vertex -10.905893475111915 -1.4357881144205673 0
    endloop
  endfacet
  facet normal -0.9866433320848789 -0.16289547339458962 0
    outer loop
      vertex -10.788638084435535 -2.145993542177411 0
      vertex -10.788638084435535 -2.145993542177411 4
      vertex -10.905893475111915 -1.4357881144205673 4
    endloop
  endfacet
  facet normal -0.9951847266721972 -0.09801714032955929 0
    outer loop
      vertex -10.905893475111915 -1.4357881144205673 0
      vertex -10.905893475111915 -1.4357881144205673 4
      vertex -10.976448155624638 -0.7194344215315737 4
    endloop
  endfacet
  facet normal -0.9994645874763657 -0.03271908282177688 -4.112575455164497e-19
    outer loop
      vertex -10.976448155624638 -0.7194344215315737 0
      vertex -11 0 4
      vertex -11 0 0
    endloop
  endfacet
  facet normal 0 0 -1
    outer loop
      vertex -10.62518408917975 -2.847009496127728 0
      vertex -10.788638084435535 -2.145993542177411 0
      vertex -10.62518408917975 2.847009496127728 0
    endloop
  endfacet
  facet normal -0.9951847266721972 -0.09801714032955929 -8.987034087165185e-20
    outer loop
      vertex -10.905893475111915 -1.4357881144205673 0
      vertex -10.976448155624638 -0.7194344215315737 4
      vertex -10.976448155624638 -0.7194344215315737 0
    endloop
  endfacet
  facet normal 0 0 -1
    outer loop
      vertex -10.788638084435535 -2.145993542177411 0
      vertex -10.905893475111915 -1.4357881144205673 0
      vertex -10.788638084435535 2.145993542177411 0
    endloop
  endfacet
  facet normal 0 0 -1
    outer loop
      vertex -10.905893475111915 -1.4357881144205673 0
      vertex -10.976448155624638 -0.7194344215315737 0
      vertex -10.905893475111915 1.4357881144205673 0
    endloop
  endfacet
  facet normal -0.9994645874763657 -0.03271908282177688 0
    outer loop
      vertex -10.976448155624638 -0.7194344215315737 0
      vertex -10.976448155624638 -0.7194344215315737 4
      vertex -11 0 4
    endloop
  endfacet
  facet normal 0 0 1
    outer loop
      vertex -10.788638084435535 -2.145993542177411 4
      vertex -10.905893475111915 1.4357881144205673 4
      vertex -10.905893475111915 -1.4357881144205673 4
    endloop
  endfacet
  facet normal 0 0 1
    outer loop
      vertex -10.62518408917975 -2.847009496127728 4
      vertex -10.788638084435535 2.145993542177411 4
      vertex -10.788638084435535 -2.145993542177411 4
    endloop
  endfacet
  facet normal 0 0 1
    outer loop
      vertex -10.905893475111915 -1.4357881144205673 4
      vertex -10.976448155624638 0.7194344215315737 4
      vertex -10.976448155624638 -0.7194344215315737 4
    endloop
  endfacet
  facet normal 0 0 -1
    outer loop
      vertex -10.162674857624154 -4.2095177560159875 0
      vertex -10.416231424446163 -3.5358341183347775 0
      vertex -10.162674857624154 4.2095177560159875 0
    endloop
  endfacet
  facet normal 0 0 -1
    outer loop
      vertex -10.162674857624154 -4.2095177560159875 0
      vertex -9.865600156859571 4.865175592409014 0
      vertex -9.865600156859571 -4.865175592409014 0
    endloop
  endfacet
  facet normal 0 0 1
    outer loop
      vertex -10.62518408917975 -2.847009496127728 4
      vertex -10.416231424446163 -3.5358341183347775 4
      vertex -10.62518408917975 2.847009496127728 4
    endloop
  endfacet
  facet normal 0 0 1
    outer loop
      vertex -10.162674857624154 -4.2095177560159875 4
      vertex -10.416231424446163 3.5358341183347775 4
      vertex -10.416231424446163 -3.5358341183347775 4
    endloop
  endfacet
  facet normal 0 0 1
    outer loop
      vertex -10.162674857624154 -4.2095177560159875 4
      vertex -9.865600156859571 -4.865175592409014 4
      vertex -10.162674857624154 4.2095177560159875 4
    endloop
  endfacet
  facet normal 0 0 1
    outer loop
      vertex -9.865600156859571 -4.865175592409014 4
      vertex -9.526279441628825 -5.5 4
      vertex -9.865600156859571 4.865175592409014 4
    endloop
  endfacet
  facet normal 0 0 -1
    outer loop
      vertex -10.62518408917975 -2.847009496127728 0
      vertex -10.416231424446163 3.5358341183347775 0
      vertex -10.416231424446163 -3.5358341183347775 0
    endloop
  endfacet
  facet normal -0.8128466845916152 -0.582477696867802 0
    outer loop
      vertex -9.146165735327997 -6.111272563215624 0
      vertex -8.726886743203586 -6.696375719095927 0
      vertex -9.146165735327997 -6.111272563215624 4
    endloop
  endfacet
  facet normal -0.7730104533627373 -0.634393284163645 0
    outer loop
      vertex -8.270237882268752 -7.252803966100757 0
      vertex -8.270237882268752 -7.252803966100757 4
      vertex -8.726886743203586 -6.696375719095927 4
    endloop
  endfacet
  facet normal -0.7730104533627373 -0.634393284163645 -3.704452985200911e-18
    outer loop
      vertex -8.270237882268752 -7.252803966100757 0
      vertex -8.726886743203586 -6.696375719095927 4
      vertex -8.726886743203586 -6.696375719095927 0
    endloop
  endfacet
  facet normal -0.8128466845916152 -0.582477696867802 2.2714924584906407e-18
    outer loop
      vertex -9.146165735327997 -6.111272563215624 4
      vertex -8.726886743203586 -6.696375719095927 0
      vertex -8.726886743203586 -6.696375719095927 4
    endloop
  endfacet
  facet normal -0.8492021815265788 -0.5280678506503681 3.626998964140206e-18
    outer loop
      vertex -9.146165735327997 -6.111272563215624 0
      vertex -9.526279441628825 -5.5 4
      vertex -9.526279441628825 -5.5 0
    endloop
  endfacet
  facet normal -0.8819212643483547 -0.47139673682599786 4.390750912874505e-18
    outer loop
      vertex -9.865600156859571 -4.865175592409014 4
      vertex -9.526279441628825 -5.5 0
      vertex -9.526279441628825 -5.5 4
    endloop
  endfacet
  facet normal -0.8492021815265788 -0.5280678506503681 0
    outer loop
      vertex -9.146165735327997 -6.111272563215624 0
      vertex -9.146165735327997 -6.111272563215624 4
      vertex -9.526279441628825 -5.5 4
    endloop
  endfacet
  facet normal -0.7298640726978364 -0.6835923020228704 0
    outer loop
      vertex -8.270237882268752 -7.252803966100757 0
      vertex -7.778174593052023 -7.778174593052023 0
      vertex -8.270237882268752 -7.252803966100757 4
    endloop
  endfacet
  facet normal -0.7298640726978364 -0.6835923020228704 3.895461232236935e-18
    outer loop
      vertex -8.270237882268752 -7.252803966100757 4
      vertex -7.778174593052023 -7.778174593052023 0
      vertex -7.778174593052023 -7.778174593052023 4
    endloop
  endfacet
  facet normal -0.6835923020228704 -0.7298640726978364 3.895461232236935e-18
    outer loop
      vertex -7.252803966100757 -8.270237882268752 4
      vertex -7.778174593052023 -7.778174593052023 4
      vertex -7.778174593052023 -7.778174593052023 0
    endloop
  endfacet
  facet normal 0 0 1
    outer loop
      vertex -7.252803966100757 -8.270237882268752 4
      vertex -6.696375719095927 -8.726886743203586 4
      vertex -6.985012462670224 -0.4578219046110014 4
    endloop
  endfacet
  facet normal 0 0 1
    outer loop
      vertex -6.696375719095927 -8.726886743203586 4
      vertex -6.467156727579007 -2.6787840265556286 4
      vertex -6.62851090646574 -2.250076257122131 4
    endloop
  endfacet
  facet normal 0 0 1
    outer loop
      vertex -6.696375719095927 -8.726886743203586 4
      vertex -6.62851090646574 -2.250076257122131 4
      vertex -6.761480784023478 -1.8117333157176452 4
    endloop
  endfacet
  facet normal 0 0 1
    outer loop
      vertex -9.146165735327997 -6.111272563215624 4
      vertex -9.526279441628825 5.5 4
      vertex -9.526279441628825 -5.5 4
    endloop
  endfacet
  facet normal 0 0 1
    outer loop
      vertex -9.146165735327997 -6.111272563215624 4
      vertex -8.726886743203586 -6.696375719095927 4
      vertex -9.146165735327997 6.111272563215624 4
    endloop
  endfacet
  facet normal 0 0 -1
    outer loop
      vertex -9.146165735327997 -6.111272563215624 0
      vertex -8.726886743203586 6.696375719095927 0
      vertex -8.726886743203586 -6.696375719095927 0
    endloop
  endfacet
  facet normal 0 0 -1
    outer loop
      vertex -8.270237882268752 -7.252803966100757 0
      vertex -8.726886743203586 -6.696375719095927 0
      vertex -8.270237882268752 7.252803966100757 0
    endloop
  endfacet
  facet normal 0 0 1
    outer loop
      vertex -8.270237882268752 -7.252803966100757 4
      vertex -8.726886743203586 6.696375719095927 4
      vertex -8.726886743203586 -6.696375719095927 4
    endloop
  endfacet
  facet normal 0 0 -1
    outer loop
      vertex -9.865600156859571 -4.865175592409014 0
      vertex -9.526279441628825 5.5 0
      vertex -9.526279441628825 -5.5 0
    endloop
  endfacet
  facet normal 0 0 -1
    outer loop
      vertex -9.146165735327997 -6.111272563215624 0
      vertex -9.526279441628825 -5.5 0
      vertex -9.146165735327997 6.111272563215624 0
    endloop
  endfacet
  facet normal 0 0 -1
    outer loop
      vertex -8.270237882268752 -7.252803966100757 0
      vertex -7.778174593052023 7.778174593052023 0
      vertex -7.778174593052023 -7.778174593052023 0
    endloop
  endfacet
  facet normal 0 0 -1
    outer loop
      vertex -7.252803966100757 -8.270237882268752 0
      vertex -7.778174593052023 -7.778174593052023 0
      vertex -7.252803966100757 8.270237882268752 0
    endloop
  endfacet
  facet normal 0 0 1
    outer loop
      vertex -8.270237882268752 -7.252803966100757 4
      vertex -7.778174593052023 -7.778174593052023 4
      vertex -8.270237882268752 7.252803966100757 4
    endloop
  endfacet
  facet normal 0 0 1
    outer loop
      vertex -7.252803966100757 -8.270237882268752 4
      vertex -7.778174593052023 7.778174593052023 4
      vertex -7.778174593052023 -7.778174593052023 4
    endloop
  endfacet
  facet normal 0 0 -1
    outer loop
      vertex -6.696375719095927 -8.726886743203586 0
      vertex -7.252803966100757 8.270237882268752 0
      vertex -6.111272563215624 -9.146165735327997 0
    endloop
  endfacet
  facet normal 0 0 1
    outer loop
      vertex -6.696375719095927 -8.726886743203586 4
      vertex -6.761480784023478 -1.8117333157176452 4
      vertex -6.865496962822613 -1.3656322541128978 4
    endloop
  endfacet
  facet normal 0 0 1
    outer loop
      vertex -6.696375719095927 -8.726886743203586 4
      vertex -6.865496962822613 -1.3656322541128978 4
      vertex -6.940114029616673 -0.913683345540361 4
    endloop
  endfacet
  facet normal 0 0 1
    outer loop
      vertex -6.696375719095927 -8.726886743203586 4
      vertex -6.940114029616673 -0.913683345540361 4
      vertex -6.985012462670224 -0.4578219046110014 4
    endloop
  endfacet
  facet normal 0 0 -1
    outer loop
      vertex -7.252803966100757 -8.270237882268752 0
      vertex -7.252803966100757 8.270237882268752 0
      vertex -6.696375719095927 -8.726886743203586 0
    endloop
  endfacet
  facet normal 0 0 1
    outer loop
      vertex -7.252803966100757 -8.270237882268752 4
      vertex -6.985012462670224 -0.4578219046110014 4
      vertex -7 0 4
    endloop
  endfacet
  facet normal -0.582477696867802 -0.8128466845916152 2.2714924584906407e-18
    outer loop
      vertex -6.696375719095927 -8.726886743203586 0
      vertex -6.111272563215624 -9.146165735327997 0
      vertex -6.111272563215624 -9.146165735327997 4
    endloop
  endfacet
  facet normal -0.5280678506503681 -0.8492021815265788 3.626998964140206e-18
    outer loop
      vertex -6.111272563215624 -9.146165735327997 0
      vertex -5.5 -9.526279441628825 0
      vertex -5.5 -9.526279441628825 4
    endloop
  endfacet
  facet normal -0.5280678506503681 -0.8492021815265788 0
    outer loop
      vertex -6.111272563215624 -9.146165735327997 0
      vertex -5.5 -9.526279441628825 4
      vertex -6.111272563215624 -9.146165735327997 4
    endloop
  endfacet
  facet normal -0.47139673682599786 -0.8819212643483547 4.390750912874505e-18
    outer loop
      vertex -5.5 -9.526279441628825 0
      vertex -4.865175592409014 -9.865600156859571 0
      vertex -4.865175592409014 -9.865600156859571 4
    endloop
  endfacet
  facet normal -0.47139673682599786 -0.8819212643483547 0
    outer loop
      vertex -5.5 -9.526279441628825 0
      vertex -4.865175592409014 -9.865600156859571 4
      vertex -5.5 -9.526279441628825 4
    endloop
  endfacet
  facet normal 0 0 -1
    outer loop
      vertex -5.5 -9.526279441628825 0
      vertex -4.865175592409014 -5.028957674004824 0
      vertex -4.865175592409014 -9.865600156859571 0
    endloop
  endfacet
  facet normal 0 0 1
    outer loop
      vertex -5.5 -9.526279441628825 4
      vertex -4.865175592409014 -9.865600156859571 4
      vertex -5.262878652352843 -4.6154207057004815 4
    endloop
  endfacet
  facet normal -0.4127070298043944 -0.910863824921176 0
    outer loop
      vertex -4.2095177560159875 -10.162674857624154 0
      vertex -4.2095177560159875 -10.162674857624154 4
      vertex -4.865175592409014 -9.865600156859571 0
    endloop
  endfacet
  facet normal -0.3522500479212353 -0.9359059267573251 4.3823973898028226e-18
    outer loop
      vertex -4.2095177560159875 -10.162674857624154 0
      vertex -3.5358341183347775 -10.416231424446163 0
      vertex -3.5358341183347775 -10.416231424446163 4
    endloop
  endfacet
  facet normal -0.3522500479212353 -0.9359059267573251 0
    outer loop
      vertex -4.2095177560159875 -10.162674857624154 0
      vertex -3.5358341183347775 -10.416231424446163 4
      vertex -4.2095177560159875 -10.162674857624154 4
    endloop
  endfacet
  facet normal -0.2902846772544603 -0.9569403357322095 0
    outer loop
      vertex -3.5358341183347775 -10.416231424446163 0
      vertex -2.847009496127728 -10.62518408917975 4
      vertex -3.5358341183347775 -10.416231424446163 4
    endloop
  endfacet
  facet normal -0.4127070298043944 -0.910863824921176 -3.4686272262191505e-18
    outer loop
      vertex -4.2095177560159875 -10.162674857624154 4
      vertex -4.865175592409014 -9.865600156859571 4
      vertex -4.865175592409014 -9.865600156859571 0
    endloop
  endfacet
  facet normal 0 0 -1
    outer loop
      vertex -4.2095177560159875 -10.162674857624154 0
      vertex -4.865175592409014 -9.865600156859571 0
      vertex -4.2095177560159875 -5.590601513210779 0
    endloop
  endfacet
  facet normal 0 0 1
    outer loop
      vertex -4.2095177560159875 -10.162674857624154 4
      vertex -4.6154207057004815 -5.262878652352843 4
      vertex -4.865175592409014 -9.865600156859571 4
    endloop
  endfacet
  facet normal 0 0 -1
    outer loop
      vertex -4.2095177560159875 -10.162674857624154 0
      vertex -4.063274257912761 -5.6953981219339305 0
      vertex -3.5358341183347775 -10.416231424446163 0
    endloop
  endfacet
  facet normal 0 0 1
    outer loop
      vertex -4.2095177560159875 -10.162674857624154 4
      vertex -3.5358341183347775 -10.416231424446163 4
      vertex -3.8889916311372152 -5.820287286117817 4
    endloop
  endfacet
  facet normal -0.2902846772544603 -0.9569403357322095 -4.8076349729418895e-18
    outer loop
      vertex -3.5358341183347775 -10.416231424446163 0
      vertex -2.847009496127728 -10.62518408917975 0
      vertex -2.847009496127728 -10.62518408917975 4
    endloop
  endfacet
  facet normal -0.22707626303437362 -0.9738769792773335 0
    outer loop
      vertex -2.847009496127728 -10.62518408917975 0
      vertex -2.145993542177411 -10.788638084435535 4
      vertex -2.847009496127728 -10.62518408917975 4
    endloop
  endfacet
  facet normal -0.22707626303437362 -0.9738769792773335 -5.722892050744083e-19
    outer loop
      vertex -2.847009496127728 -10.62518408917975 0
      vertex -2.145993542177411 -10.788638084435535 0
      vertex -2.145993542177411 -10.788638084435535 4
    endloop
  endfacet
  facet normal -0.16289547339458962 -0.9866433320848789 6.957267077829904e-19
    outer loop
      vertex -2.145993542177411 -10.788638084435535 0
      vertex -1.4357881144205673 -10.905893475111915 0
      vertex -1.4357881144205673 -10.905893475111915 4
    endloop
  endfacet
  facet normal -0.16289547339458962 -0.9866433320848789 0
    outer loop
      vertex -2.145993542177411 -10.788638084435535 0
      vertex -1.4357881144205673 -10.905893475111915 4
      vertex -2.145993542177411 -10.788638084435535 4
    endloop
  endfacet
  facet normal 0 0 -1
    outer loop
      vertex -3.5358341183347775 -10.416231424446163 0
      vertex -2.847009496127728 -6.390934758954269 0
      vertex -2.847009496127728 -10.62518408917975 0
    endloop
  endfacet
  facet normal 0 0 1
    outer loop
      vertex -3.5358341183347775 -10.416231424446163 4
      vertex -2.847009496127728 -10.62518408917975 4
      vertex -3.096020831533009 -6.278109190728818 4
    endloop
  endfacet
  facet normal 0 0 1
    outer loop
      vertex -2.847009496127728 -10.62518408917975 4
      vertex -2.145993542177411 -10.788638084435535 4
      vertex -2.6787840265556286 -6.467156727579007 4
    endloop
  endfacet
  facet normal 0 0 -1
    outer loop
      vertex -2.847009496127728 -10.62518408917975 0
      vertex -2.145993542177411 -6.660084052865069 0
      vertex -2.145993542177411 -10.788638084435535 0
    endloop
  endfacet
  facet normal 0 0 -1
    outer loop
      vertex -2.145993542177411 -10.788638084435535 0
      vertex -2.0121676410358966 -6.700679696157112 0
      vertex -1.4357881144205673 -10.905893475111915 0
    endloop
  endfacet
  facet normal 0 0 1
    outer loop
      vertex -2.145993542177411 -10.788638084435535 4
      vertex -1.4357881144205673 -10.905893475111915 4
      vertex -1.8117333157176452 -6.761480784023478 4
    endloop
  endfacet
  facet normal 0 0 -1
    outer loop
      vertex -2.145993542177411 -10.788638084435535 0
      vertex -2.145993542177411 -6.660084052865069 0
      vertex -2.0121676410358966 -6.700679696157112 0
    endloop
  endfacet
  facet normal 0 0 1
    outer loop
      vertex -2.145993542177411 -10.788638084435535 4
      vertex -1.8117333157176452 -6.761480784023478 4
      vertex -2.250076257122131 -6.62851090646574 4
    endloop
  endfacet
  facet normal -0.09801714032955929 -0.9951847266721972 -8.987034087165185e-20
    outer loop
      vertex -1.4357881144205673 -10.905893475111915 0
      vertex -0.7194344215315737 -10.976448155624638 0
      vertex -0.7194344215315737 -10.976448155624638 4
    endloop
  endfacet
  facet normal -0.09801714032955929 -0.9951847266721972 0
    outer loop
      vertex -1.4357881144205673 -10.905893475111915 0
      vertex -0.7194344215315737 -10.976448155624638 4
      vertex -1.4357881144205673 -10.905893475111915 4
    endloop
  endfacet
  facet normal -0.03271908282177688 -0.9994645874763657 -4.112575455164497e-19
    outer loop
      vertex -0.7194344215315737 -10.976448155624638 0
      vertex 0 -11 0
      vertex 0 -11 4
    endloop
  endfacet
  facet normal -0.03271908282177688 -0.9994645874763657 0
    outer loop
      vertex -0.7194344215315737 -10.976448155624638 0
      vertex 0 -11 4
      vertex -0.7194344215315737 -10.976448155624638 4
    endloop
  endfacet
  facet normal 0 0 -1
    outer loop
      vertex -1.4357881144205673 -10.905893475111915 0
      vertex -0.7194344215315737 -6.959245878742918 0
      vertex -0.7194344215315737 -10.976448155624638 0
    endloop
  endfacet
  facet normal 0 0 1
    outer loop
      vertex -1.4357881144205673 -10.905893475111915 4
      vertex -0.7194344215315737 -10.976448155624638 4
      vertex -0.913683345540361 -6.940114029616673 4
    endloop
  endfacet
  facet normal 0 0 1
    outer loop
      vertex -1.4357881144205673 -10.905893475111915 4
      vertex -1.3656322541128978 -6.865496962822613 4
      vertex -1.8117333157176452 -6.761480784023478 4
    endloop
  endfacet
  facet normal 0 0 1
    outer loop
      vertex -1.4357881144205673 -10.905893475111915 4
      vertex -0.913683345540361 -6.940114029616673 4
      vertex -1.3656322541128978 -6.865496962822613 4
    endloop
  endfacet
  facet normal 0 0 -1
    outer loop
      vertex -0.7194344215315737 -10.976448155624638 0
      vertex -0.5883474959010973 -6.972156814010039 0
      vertex 0 -11 0
    endloop
  endfacet
  facet normal 0 0 1
    outer loop
      vertex -0.7194344215315737 -10.976448155624638 4
      vertex 0 -11 4
      vertex -0.4578219046110014 -6.985012462670224 4
    endloop
  endfacet
  facet normal 0 0 -1
    outer loop
      vertex -0.7194344215315737 -10.976448155624638 0
      vertex -0.7194344215315737 -6.959245878742918 0
      vertex -0.5883474959010973 -6.972156814010039 0
    endloop
  endfacet
  facet normal 0 0 1
    outer loop
      vertex -0.7194344215315737 -10.976448155624638 4
      vertex -0.4578219046110014 -6.985012462670224 4
      vertex -0.913683345540361 -6.940114029616673 4
    endloop
  endfacet
  facet normal 0 0 1
    outer loop
      vertex -0.4578219046110014 -6.985012462670224 4
      vertex 0 -11 4
      vertex 0 -7 4
    endloop
  endfacet
  facet normal 0 0 -1
    outer loop
      vertex -6.111272563215624 -9.146165735327997 0
      vertex -5.5 -4.326487507600248 0
      vertex -5.5 -9.526279441628825 0
    endloop
  endfacet
  facet normal 0 0 1
    outer loop
      vertex -6.111272563215624 -9.146165735327997 4
      vertex -5.5 -9.526279441628825 4
      vertex -5.820287286117817 -3.8889916311372152 4
    endloop
  endfacet
  facet normal 0 0 1
    outer loop
      vertex -6.696375719095927 -8.726886743203586 4
      vertex -6.111272563215624 -9.146165735327997 4
      vertex -6.467156727579007 -2.6787840265556286 4
    endloop
  endfacet
  facet normal 0 0 -1
    outer loop
      vertex -5.5 -9.526279441628825 0
      vertex -5.5 -4.326487507600248 0
      vertex -5.336306132437159 -4.5259490623427014 0
    endloop
  endfacet
  facet normal 0 0 -1
    outer loop
      vertex -5.5 -9.526279441628825 0
      vertex -5.336306132437159 -4.5259490623427014 0
      vertex -4.865175592409014 -5.028957674004824 0
    endloop
  endfacet
  facet normal 0 0 1
    outer loop
      vertex -5.5 -9.526279441628825 4
      vertex -5.262878652352843 -4.6154207057004815 4
      vertex -5.553473382038646 -4.261330003061045 4
    endloop
  endfacet
  facet normal 0 0 1
    outer loop
      vertex -4.865175592409014 -9.865600156859571 4
      vertex -4.949747468305833 -4.949747468305833 4
      vertex -5.262878652352843 -4.6154207057004815 4
    endloop
  endfacet
  facet normal 0 0 -1
    outer loop
      vertex -6.111272563215624 -9.146165735327997 0
      vertex -5.5 -2.6278871583657826 0
      vertex -5.5 -4.326487507600248 0
    endloop
  endfacet
  facet normal 0 0 1
    outer loop
      vertex -6.111272563215624 -9.146165735327997 4
      vertex -6.06217782649107 -3.5 4
      vertex -6.278109190728818 -3.096020831533009 4
    endloop
  endfacet
  facet normal 0 0 1
    outer loop
      vertex -6.111272563215624 -9.146165735327997 4
      vertex -5.820287286117817 -3.8889916311372152 4
      vertex -6.06217782649107 -3.5 4
    endloop
  endfacet
  facet normal 0 0 1
    outer loop
      vertex -6.111272563215624 -9.146165735327997 4
      vertex -6.278109190728818 -3.096020831533009 4
      vertex -6.467156727579007 -2.6787840265556286 4
    endloop
  endfacet
  facet normal 0 0 1
    outer loop
      vertex -5.5 -9.526279441628825 4
      vertex -5.553473382038646 -4.261330003061045 4
      vertex -5.820287286117817 -3.8889916311372152 4
    endloop
  endfacet
  facet normal 0 0 -1
    outer loop
      vertex -4.2095177560159875 -10.162674857624154 0
      vertex -4.2095177560159875 -5.590601513210779 0
      vertex -4.063274257912761 -5.6953981219339305 0
    endloop
  endfacet
  facet normal 0 0 1
    outer loop
      vertex -4.2095177560159875 -10.162674857624154 4
      vertex -3.8889916311372152 -5.820287286117817 4
      vertex -4.261330003061045 -5.553473382038646 4
    endloop
  endfacet
  facet normal 0 0 -1
    outer loop
      vertex -4.865175592409014 -9.865600156859571 0
      vertex -4.865175592409014 -5.028957674004824 0
      vertex -4.711550634473738 -5.17284314880969 0
    endloop
  endfacet
  facet normal 0 0 -1
    outer loop
      vertex -4.865175592409014 -9.865600156859571 0
      vertex -4.711550634473738 -5.17284314880969 0
      vertex -4.2095177560159875 -5.590601513210779 0
    endloop
  endfacet
  facet normal 0 0 1
    outer loop
      vertex -4.865175592409014 -9.865600156859571 4
      vertex -4.6154207057004815 -5.262878652352843 4
      vertex -4.949747468305833 -4.949747468305833 4
    endloop
  endfacet
  facet normal 0 0 1
    outer loop
      vertex -4.2095177560159875 -10.162674857624154 4
      vertex -4.261330003061045 -5.553473382038646 4
      vertex -4.6154207057004815 -5.262878652352843 4
    endloop
  endfacet
  facet normal 0 0 1
    outer loop
      vertex -3.5358341183347775 -10.416231424446163 4
      vertex -3.096020831533009 -6.278109190728818 4
      vertex -3.5 -6.06217782649107 4
    endloop
  endfacet
  facet normal 0 0 1
    outer loop
      vertex -3.5358341183347775 -10.416231424446163 4
      vertex -3.5 -6.06217782649107 4
      vertex -3.8889916311372152 -5.820287286117817 4
    endloop
  endfacet
  facet normal 0 0 -1
    outer loop
      vertex -4.711550634473738 -5.17284314880969 0
      vertex -4.2095177560159875 -3.97077296218927 0
      vertex -4.2095177560159875 -5.590601513210779 0
    endloop
  endfacet
  facet normal 0 0 -1
    outer loop
      vertex -3.5358341183347775 -10.416231424446163 0
      vertex -4.063274257912761 -5.6953981219339305 0
      vertex -3.8889916311372152 -0.37161460931704937 0
    endloop
  endfacet
  facet normal 0 0 -1
    outer loop
      vertex -3.5358341183347775 -10.416231424446163 0
      vertex -3.5107422235428896 -1.4541970429873412 0
      vertex -3.4081164178242154 -1.680697022832205 0
    endloop
  endfacet
  facet normal 0 0 -1
    outer loop
      vertex -3.5358341183347775 -10.416231424446163 0
      vertex -3.2908965343808667 -1.9 0
      vertex -3.1595845267496716 -2.1111668854744883 0
    endloop
  endfacet
  facet normal 0 0 -1
    outer loop
      vertex -3.5358341183347775 -10.416231424446163 0
      vertex -3.4081164178242154 -1.680697022832205 0
      vertex -3.2908965343808667 -1.9 0
    endloop
  endfacet
  facet normal 0 0 -1
    outer loop
      vertex -3.5358341183347775 -10.416231424446163 0
      vertex -3.5983344920814013 -1.221469968152014 0
      vertex -3.5107422235428896 -1.4541970429873412 0
    endloop
  endfacet
  facet normal 0 0 -1
    outer loop
      vertex -3.5358341183347775 -10.416231424446163 0
      vertex -3.6705181398984594 -0.9835123713895788 0
      vertex -3.5983344920814013 -1.221469968152014 0
    endloop
  endfacet
  facet normal 0 0 -1
    outer loop
      vertex -5.336306132437159 -4.5259490623427014 0
      vertex -4.865175592409014 -2.3663439078900295 0
      vertex -4.865175592409014 -5.028957674004824 0
    endloop
  endfacet
  facet normal 0 0 -1
    outer loop
      vertex -5.336306132437159 -4.5259490623427014 0
      vertex -5.262878652352843 -2.2829715775625763 0
      vertex -4.865175592409014 -2.3663439078900295 0
    endloop
  endfacet
  facet normal 0 0 -1
    outer loop
      vertex -6.111272563215624 -9.146165735327997 0
      vertex -5.5 9.526279441628825 0
      vertex -5.5 -2.6278871583657826 0
    endloop
  endfacet
  facet normal 0 0 -1
    outer loop
      vertex -4.711550634473738 -5.17284314880969 0
      vertex -4.6154207057004815 -2.236377596616686 0
      vertex -4.2095177560159875 -3.97077296218927 0
    endloop
  endfacet
  facet normal 0 0 -1
    outer loop
      vertex -3.5358341183347775 -10.416231424446163 0
      vertex -3.8889916311372152 -0.37161460931704937 0
      vertex -3.6705181398984594 -0.9835123713895788 0
    endloop
  endfacet
  facet normal 0 0 -1
    outer loop
      vertex -3.8889916311372152 -0.37161460931704937 0
      vertex -3.7269840655322755 -0.7413432236612874 0
      vertex -3.6705181398984594 -0.9835123713895788 0
    endloop
  endfacet
  facet normal 0 0 -1
    outer loop
      vertex -3.8889916311372152 -0.37161460931704937 0
      vertex -3.7674904732204793 -0.49599953043619593 0
      vertex -3.7269840655322755 -0.7413432236612874 0
    endloop
  endfacet
  facet normal 0 0 -1
    outer loop
      vertex -3.8889916311372152 -0.37161460931704937 0
      vertex -3.791863908306693 -0.24853189107454363 0
      vertex -3.7674904732204793 -0.49599953043619593 0
    endloop
  endfacet
  facet normal 0 0 -1
    outer loop
      vertex -3.8889916311372152 -0.37161460931704937 0
      vertex -3.8 0 0
      vertex -3.791863908306693 -0.24853189107454363 0
    endloop
  endfacet
  facet normal 0 0 -1
    outer loop
      vertex -3.8889916311372152 -0.37161460931704937 0
      vertex -3.791863908306693 0.24853189107454363 0
      vertex -3.8 0 0
    endloop
  endfacet
  facet normal 0 0 -1
    outer loop
      vertex -2.847009496127728 -10.62518408917975 0
      vertex -2.847009496127728 -6.390934758954269 0
      vertex -2.710420517660041 -6.452822419947166 0
    endloop
  endfacet
  facet normal 0 0 -1
    outer loop
      vertex -2.847009496127728 -10.62518408917975 0
      vertex -2.710420517660041 -6.452822419947166 0
      vertex -2.145993542177411 -6.660084052865069 0
    endloop
  endfacet
  facet normal 0 0 1
    outer loop
      vertex -2.847009496127728 -10.62518408917975 4
      vertex -2.6787840265556286 -6.467156727579007 4
      vertex -3.096020831533009 -6.278109190728818 4
    endloop
  endfacet
  facet normal 0 0 -1
    outer loop
      vertex -3.5358341183347775 -10.416231424446163 0
      vertex -3.0147426931066934 -2.3132934302331383 0
      vertex -2.847009496127728 -6.390934758954269 0
    endloop
  endfacet
  facet normal 0 0 -1
    outer loop
      vertex -2.710420517660041 -6.452822419947166 0
      vertex -2.6787840265556286 -5.486427588432301 0
      vertex -2.145993542177411 -6.660084052865069 0
    endloop
  endfacet
  facet normal 0 0 -1
    outer loop
      vertex -1.4357881144205673 -10.905893475111915 0
      vertex -2.0121676410358966 -6.700679696157112 0
      vertex -1.680697022832205 -3.4081164178242154 0
    endloop
  endfacet
  facet normal 0 0 1
    outer loop
      vertex -2.145993542177411 -10.788638084435535 4
      vertex -2.250076257122131 -6.62851090646574 4
      vertex -2.6787840265556286 -6.467156727579007 4
    endloop
  endfacet
  facet normal 0 0 -1
    outer loop
      vertex -3.5358341183347775 -10.416231424446163 0
      vertex -3.1595845267496716 -2.1111668854744883 0
      vertex -3.0147426931066934 -2.3132934302331383 0
    endloop
  endfacet
  facet normal 0 0 -1
    outer loop
      vertex -2.145993542177411 -6.660084052865069 0
      vertex -2.6787840265556286 -5.486427588432301 0
      vertex -2.145993542177411 -3.44911286764266 0
    endloop
  endfacet
  facet normal 0 0 -1
    outer loop
      vertex -2.0121676410358966 -6.700679696157112 0
      vertex -1.9005320668276122 -3.2905656739660305 0
      vertex -1.9 -3.2908965343808667 0
    endloop
  endfacet
  facet normal 0 0 -1
    outer loop
      vertex -2.0121676410358966 -6.700679696157112 0
      vertex -1.9 -3.2908965343808667 0
      vertex -1.680697022832205 -3.4081164178242154 0
    endloop
  endfacet
  facet normal 0 0 -1
    outer loop
      vertex -1.4357881144205673 -10.905893475111915 0
      vertex -0.7413432236612874 -3.7269840655322755 0
      vertex -0.7194344215315737 -6.959245878742918 0
    endloop
  endfacet
  facet normal 0 0 -1
    outer loop
      vertex -1.4357881144205673 -10.905893475111915 0
      vertex -1.4541970429873412 -3.5107422235428896 0
      vertex -1.221469968152014 -3.5983344920814013 0
    endloop
  endfacet
  facet normal 0 0 -1
    outer loop
      vertex -1.4357881144205673 -10.905893475111915 0
      vertex -1.221469968152014 -3.5983344920814013 0
      vertex -0.9835123713895788 -3.6705181398984594 0
    endloop
  endfacet
  facet normal 0 0 -1
    outer loop
      vertex -1.4357881144205673 -10.905893475111915 0
      vertex -0.9835123713895788 -3.6705181398984594 0
      vertex -0.7413432236612874 -3.7269840655322755 0
    endloop
  endfacet
  facet normal 0 0 -1
    outer loop
      vertex -0.5883474959010973 -6.972156814010039 0
      vertex -0.24853189107454363 -3.791863908306693 0
      vertex 0 -11 0
    endloop
  endfacet
  facet normal 0 0 -1
    outer loop
      vertex 0 -11 0
      vertex -0.24853189107454363 -3.791863908306693 0
      vertex 0 -3.8 0
    endloop
  endfacet
  facet normal 0 0 -1
    outer loop
      vertex -1.4357881144205673 -10.905893475111915 0
      vertex -1.680697022832205 -3.4081164178242154 0
      vertex -1.4541970429873412 -3.5107422235428896 0
    endloop
  endfacet
  facet normal 0 0 -1
    outer loop
      vertex -0.7194344215315737 -6.959245878742918 0
      vertex -0.7413432236612874 -3.7269840655322755 0
      vertex -0.7194344215315737 -3.730601223403182 0
    endloop
  endfacet
  facet normal 0 0 -1
    outer loop
      vertex -0.5883474959010973 -6.972156814010039 0
      vertex -0.48347795539671606 -3.7687237407183596 0
      vertex -0.24853189107454363 -3.791863908306693 0
    endloop
  endfacet
  facet normal 0 0 -1
    outer loop
      vertex -2.847009496127728 -6.390934758954269 0
      vertex -2.8569912684201144 -2.5055140973802614 0
      vertex -2.847009496127728 -2.516171527191137 0
    endloop
  endfacet
  facet normal 0 0 -1
    outer loop
      vertex -2.847009496127728 -6.390934758954269 0
      vertex -3.0147426931066934 -2.3132934302331383 0
      vertex -2.8569912684201144 -2.5055140973802614 0
    endloop
  endfacet
  facet normal 0 0 -1
    outer loop
      vertex -2.6787840265556286 -5.486427588432301 0
      vertex -2.7495364137233724 -2.6202424780949616 0
      vertex -2.6870057685088806 -2.6870057685088806 0
    endloop
  endfacet
  facet normal 0 0 -1
    outer loop
      vertex -2.6787840265556286 -5.486427588432301 0
      vertex -2.5055140973802614 -2.8569912684201144 0
      vertex -2.3132934302331383 -3.0147426931066934 0
    endloop
  endfacet
  facet normal 0 0 -1
    outer loop
      vertex -2.6787840265556286 -5.486427588432301 0
      vertex -2.6870057685088806 -2.6870057685088806 0
      vertex -2.5055140973802614 -2.8569912684201144 0
    endloop
  endfacet
  facet normal 0 0 -1
    outer loop
      vertex -2.6787840265556286 -5.486427588432301 0
      vertex -2.3132934302331383 -3.0147426931066934 0
      vertex -2.145993542177411 -3.44911286764266 0
    endloop
  endfacet
  facet normal 0 0 -1
    outer loop
      vertex -2.145993542177411 -3.44911286764266 0
      vertex -2.3132934302331383 -3.0147426931066934 0
      vertex -2.1121994548069063 -3.15884459803002 0
    endloop
  endfacet
  facet normal 0 0 -1
    outer loop
      vertex -10.976448155624638 -0.7194344215315737 0
      vertex -11 0 0
      vertex -10.976448155624638 0.7194344215315737 0
    endloop
  endfacet
  facet normal -0.9994645874763657 0.03271908282177688 4.112575455164497e-19
    outer loop
      vertex -11 0 0
      vertex -10.976448155624638 0.7194344215315737 4
      vertex -10.976448155624638 0.7194344215315737 0
    endloop
  endfacet
  facet normal 0 0 -1
    outer loop
      vertex -10.976448155624638 -0.7194344215315737 0
      vertex -10.976448155624638 0.7194344215315737 0
      vertex -10.905893475111915 1.4357881144205673 0
    endloop
  endfacet
  facet normal 0 0 -1
    outer loop
      vertex -10.905893475111915 -1.4357881144205673 0
      vertex -10.905893475111915 1.4357881144205673 0
      vertex -10.788638084435535 2.145993542177411 0
    endloop
  endfacet
  facet normal 0 0 -1
    outer loop
      vertex -10.788638084435535 -2.145993542177411 0
      vertex -10.788638084435535 2.145993542177411 0
      vertex -10.62518408917975 2.847009496127728 0
    endloop
  endfacet
  facet normal -0.9994645874763657 0.03271908282177688 0
    outer loop
      vertex -11 0 0
      vertex -11 0 4
      vertex -10.976448155624638 0.7194344215315737 4
    endloop
  endfacet
  facet normal 0 0 1
    outer loop
      vertex -10.976448155624638 -0.7194344215315737 4
      vertex -10.976448155624638 0.7194344215315737 4
      vertex -11 0 4
    endloop
  endfacet
  facet normal 0 0 1
    outer loop
      vertex -10.905893475111915 -1.4357881144205673 4
      vertex -10.905893475111915 1.4357881144205673 4
      vertex -10.976448155624638 0.7194344215315737 4
    endloop
  endfacet
  facet normal 0 0 1
    outer loop
      vertex -10.788638084435535 -2.145993542177411 4
      vertex -10.788638084435535 2.145993542177411 4
      vertex -10.905893475111915 1.4357881144205673 4
    endloop
  endfacet
  facet normal -0.9951847266721972 0.09801714032955929 0
    outer loop
      vertex -10.976448155624638 0.7194344215315737 0
      vertex -10.976448155624638 0.7194344215315737 4
      vertex -10.905893475111915 1.4357881144205673 4
    endloop
  endfacet
  facet normal 0 0 1
    outer loop
      vertex -10.62518408917975 -2.847009496127728 4
      vertex -10.62518408917975 2.847009496127728 4
      vertex -10.788638084435535 2.145993542177411 4
    endloop
  endfacet
  facet normal -0.9951847266721972 0.09801714032955929 8.987034087165185e-20
    outer loop
      vertex -10.976448155624638 0.7194344215315737 0
      vertex -10.905893475111915 1.4357881144205673 4
      vertex -10.905893475111915 1.4357881144205673 0
    endloop
  endfacet
  facet normal -0.9866433320848789 0.16289547339458962 -6.957267077829904e-19
    outer loop
      vertex -10.905893475111915 1.4357881144205673 0
      vertex -10.788638084435535 2.145993542177411 4
      vertex -10.788638084435535 2.145993542177411 0
    endloop
  endfacet
  facet normal -0.9866433320848789 0.16289547339458962 0
    outer loop
      vertex -10.905893475111915 1.4357881144205673 0
      vertex -10.905893475111915 1.4357881144205673 4
      vertex -10.788638084435535 2.145993542177411 4
    endloop
  endfacet
  facet normal 0 0 1
    outer loop
      vertex -10.416231424446163 -3.5358341183347775 4
      vertex -10.416231424446163 3.5358341183347775 4
      vertex -10.62518408917975 2.847009496127728 4
    endloop
  endfacet
  facet normal 0 0 -1
    outer loop
      vertex -10.62518408917975 -2.847009496127728 0
      vertex -10.62518408917975 2.847009496127728 0
      vertex -10.416231424446163 3.5358341183347775 0
    endloop
  endfacet
  facet normal 0 0 -1
    outer loop
      vertex -10.416231424446163 -3.5358341183347775 0
      vertex -10.416231424446163 3.5358341183347775 0
      vertex -10.162674857624154 4.2095177560159875 0
    endloop
  endfacet
  facet normal 0 0 -1
    outer loop
      vertex -10.162674857624154 -4.2095177560159875 0
      vertex -10.162674857624154 4.2095177560159875 0
      vertex -9.865600156859571 4.865175592409014 0
    endloop
  endfacet
  facet normal 0 0 -1
    outer loop
      vertex -9.865600156859571 -4.865175592409014 0
      vertex -9.865600156859571 4.865175592409014 0
      vertex -9.526279441628825 5.5 0
    endloop
  endfacet
  facet normal 0 0 1
    outer loop
      vertex -10.162674857624154 -4.2095177560159875 4
      vertex -10.162674857624154 4.2095177560159875 4
      vertex -10.416231424446163 3.5358341183347775 4
    endloop
  endfacet
  facet normal 0 0 1
    outer loop
      vertex -9.865600156859571 -4.865175592409014 4
      vertex -9.865600156859571 4.865175592409014 4
      vertex -10.162674857624154 4.2095177560159875 4
    endloop
  endfacet
  facet normal -0.9738769792773335 0.22707626303437362 5.722892050744083e-19
    outer loop
      vertex -10.788638084435535 2.145993542177411 0
      vertex -10.62518408917975 2.847009496127728 4
      vertex -10.62518408917975 2.847009496127728 0
    endloop
  endfacet
  facet normal -0.9738769792773335 0.22707626303437362 0
    outer loop
      vertex -10.788638084435535 2.145993542177411 0
      vertex -10.788638084435535 2.145993542177411 4
      vertex -10.62518408917975 2.847009496127728 4
    endloop
  endfacet
  facet normal -0.9569403357322095 0.2902846772544603 4.8076349729418895e-18
    outer loop
      vertex -10.62518408917975 2.847009496127728 0
      vertex -10.416231424446163 3.5358341183347775 4
      vertex -10.416231424446163 3.5358341183347775 0
    endloop
  endfacet
  facet normal -0.9359059267573251 0.3522500479212353 -4.3823973898028226e-18
    outer loop
      vertex -10.416231424446163 3.5358341183347775 0
      vertex -10.162674857624154 4.2095177560159875 4
      vertex -10.162674857624154 4.2095177560159875 0
    endloop
  endfacet
  facet normal -0.9569403357322095 0.2902846772544603 0
    outer loop
      vertex -10.62518408917975 2.847009496127728 0
      vertex -10.62518408917975 2.847009496127728 4
      vertex -10.416231424446163 3.5358341183347775 4
    endloop
  endfacet
  facet normal -0.9359059267573251 0.3522500479212353 0
    outer loop
      vertex -10.416231424446163 3.5358341183347775 0
      vertex -10.416231424446163 3.5358341183347775 4
      vertex -10.162674857624154 4.2095177560159875 4
    endloop
  endfacet
  facet normal -0.910863824921176 0.4127070298043944 3.4686272262191505e-18
    outer loop
      vertex -10.162674857624154 4.2095177560159875 0
      vertex -9.865600156859571 4.865175592409014 4
      vertex -9.865600156859571 4.865175592409014 0
    endloop
  endfacet
  facet normal -0.910863824921176 0.4127070298043944 0
    outer loop
      vertex -10.162674857624154 4.2095177560159875 0
      vertex -10.162674857624154 4.2095177560159875 4
      vertex -9.865600156859571 4.865175592409014 4
    endloop
  endfacet
  facet normal -0.8819212643483547 0.47139673682599786 0
    outer loop
      vertex -9.865600156859571 4.865175592409014 0
      vertex -9.865600156859571 4.865175592409014 4
      vertex -9.526279441628825 5.5 4
    endloop
  endfacet
  facet normal 0 0 1
    outer loop
      vertex -9.526279441628825 -5.5 4
      vertex -9.526279441628825 5.5 4
      vertex -9.865600156859571 4.865175592409014 4
    endloop
  endfacet
  facet normal 0 0 1
    outer loop
      vertex -9.146165735327997 -6.111272563215624 4
      vertex -9.146165735327997 6.111272563215624 4
      vertex -9.526279441628825 5.5 4
    endloop
  endfacet
  facet normal 0 0 -1
    outer loop
      vertex -9.526279441628825 -5.5 0
      vertex -9.526279441628825 5.5 0
      vertex -9.146165735327997 6.111272563215624 0
    endloop
  endfacet
  facet normal 0 0 -1
    outer loop
      vertex -9.146165735327997 -6.111272563215624 0
      vertex -9.146165735327997 6.111272563215624 0
      vertex -8.726886743203586 6.696375719095927 0
    endloop
  endfacet
  facet normal 0 0 -1
    outer loop
      vertex -8.726886743203586 -6.696375719095927 0
      vertex -8.726886743203586 6.696375719095927 0
      vertex -8.270237882268752 7.252803966100757 0
    endloop
  endfacet
  facet normal 0 0 1
    outer loop
      vertex -8.726886743203586 -6.696375719095927 4
      vertex -8.726886743203586 6.696375719095927 4
      vertex -9.146165735327997 6.111272563215624 4
    endloop
  endfacet
  facet normal 0 0 1
    outer loop
      vertex -8.270237882268752 -7.252803966100757 4
      vertex -8.270237882268752 7.252803966100757 4
      vertex -8.726886743203586 6.696375719095927 4
    endloop
  endfacet
  facet normal 0 0 1
    outer loop
      vertex -7.252803966100757 -8.270237882268752 4
      vertex -7 0 4
      vertex -7.252803966100757 8.270237882268752 4
    endloop
  endfacet
  facet normal 0 0 -1
    outer loop
      vertex -8.270237882268752 -7.252803966100757 0
      vertex -8.270237882268752 7.252803966100757 0
      vertex -7.778174593052023 7.778174593052023 0
    endloop
  endfacet
  facet normal 0 0 -1
    outer loop
      vertex -7.778174593052023 -7.778174593052023 0
      vertex -7.778174593052023 7.778174593052023 0
      vertex -7.252803966100757 8.270237882268752 0
    endloop
  endfacet
  facet normal 0 0 1
    outer loop
      vertex -7.778174593052023 -7.778174593052023 4
      vertex -7.778174593052023 7.778174593052023 4
      vertex -8.270237882268752 7.252803966100757 4
    endloop
  endfacet
  facet normal 0 0 1
    outer loop
      vertex -7.252803966100757 -8.270237882268752 4
      vertex -7.252803966100757 8.270237882268752 4
      vertex -7.778174593052023 7.778174593052023 4
    endloop
  endfacet
  facet normal 0 0 -1
    outer loop
      vertex -6.111272563215624 -9.146165735327997 0
      vertex -7.252803966100757 8.270237882268752 0
      vertex -6.696375719095927 8.726886743203586 0
    endloop
  endfacet
  facet normal 0 0 1
    outer loop
      vertex -7 0 4
      vertex -6.985012462670224 0.4578219046110014 4
      vertex -7.252803966100757 8.270237882268752 4
    endloop
  endfacet
  facet normal 0 0 1
    outer loop
      vertex -6.985012462670224 0.4578219046110014 4
      vertex -6.940114029616673 0.913683345540361 4
      vertex -7.252803966100757 8.270237882268752 4
    endloop
  endfacet
  facet normal 0 0 1
    outer loop
      vertex -6.940114029616673 0.913683345540361 4
      vertex -6.865496962822613 1.3656322541128978 4
      vertex -7.252803966100757 8.270237882268752 4
    endloop
  endfacet
  facet normal 0 0 1
    outer loop
      vertex -6.865496962822613 1.3656322541128978 4
      vertex -6.761480784023478 1.8117333157176452 4
      vertex -7.252803966100757 8.270237882268752 4
    endloop
  endfacet
  facet normal -0.8819212643483547 0.47139673682599786 -4.390750912874505e-18
    outer loop
      vertex -9.865600156859571 4.865175592409014 0
      vertex -9.526279441628825 5.5 4
      vertex -9.526279441628825 5.5 0
    endloop
  endfacet
  facet normal -0.8492021815265788 0.5280678506503681 -3.626998964140206e-18
    outer loop
      vertex -9.526279441628825 5.5 0
      vertex -9.146165735327997 6.111272563215624 4
      vertex -9.146165735327997 6.111272563215624 0
    endloop
  endfacet
  facet normal -0.8492021815265788 0.5280678506503681 0
    outer loop
      vertex -9.526279441628825 5.5 0
      vertex -9.526279441628825 5.5 4
      vertex -9.146165735327997 6.111272563215624 4
    endloop
  endfacet
  facet normal -0.8128466845916152 0.582477696867802 0
    outer loop
      vertex -9.146165735327997 6.111272563215624 0
      vertex -9.146165735327997 6.111272563215624 4
      vertex -8.726886743203586 6.696375719095927 4
    endloop
  endfacet
  facet normal -0.8128466845916152 0.582477696867802 -2.2714924584906407e-18
    outer loop
      vertex -9.146165735327997 6.111272563215624 0
      vertex -8.726886743203586 6.696375719095927 4
      vertex -8.726886743203586 6.696375719095927 0
    endloop
  endfacet
  facet normal -0.7730104533627373 0.634393284163645 0
    outer loop
      vertex -8.726886743203586 6.696375719095927 0
      vertex -8.726886743203586 6.696375719095927 4
      vertex -8.270237882268752 7.252803966100757 4
    endloop
  endfacet
  facet normal -0.7730104533627373 0.634393284163645 3.704452985200911e-18
    outer loop
      vertex -8.726886743203586 6.696375719095927 0
      vertex -8.270237882268752 7.252803966100757 4
      vertex -8.270237882268752 7.252803966100757 0
    endloop
  endfacet
  facet normal 0 0 1
    outer loop
      vertex -6.761480784023478 1.8117333157176452 4
      vertex -6.62851090646574 2.250076257122131 4
      vertex -7.252803966100757 8.270237882268752 4
    endloop
  endfacet
  facet normal 0 0 1
    outer loop
      vertex -6.62851090646574 2.250076257122131 4
      vertex -6.467156727579007 2.6787840265556286 4
      vertex -6.696375719095927 8.726886743203586 4
    endloop
  endfacet
  facet normal -0.7298640726978364 0.6835923020228704 -3.895461232236935e-18
    outer loop
      vertex -8.270237882268752 7.252803966100757 0
      vertex -7.778174593052023 7.778174593052023 4
      vertex -7.778174593052023 7.778174593052023 0
    endloop
  endfacet
  facet normal -0.6835923020228704 0.7298640726978364 0
    outer loop
      vertex -7.778174593052023 7.778174593052023 0
      vertex -7.778174593052023 7.778174593052023 4
      vertex -7.252803966100757 8.270237882268752 0
    endloop
  endfacet
  facet normal -0.7298640726978364 0.6835923020228704 0
    outer loop
      vertex -8.270237882268752 7.252803966100757 0
      vertex -8.270237882268752 7.252803966100757 4
      vertex -7.778174593052023 7.778174593052023 4
    endloop
  endfacet
  facet normal 0 0 1
    outer loop
      vertex -6.62851090646574 2.250076257122131 4
      vertex -6.696375719095927 8.726886743203586 4
      vertex -7.252803966100757 8.270237882268752 4
    endloop
  endfacet
  facet normal -0.6835923020228704 0.7298640726978364 -3.895461232236935e-18
    outer loop
      vertex -7.778174593052023 7.778174593052023 4
      vertex -7.252803966100757 8.270237882268752 4
      vertex -7.252803966100757 8.270237882268752 0
    endloop
  endfacet
  facet normal -0.634393284163645 0.7730104533627373 0
    outer loop
      vertex -7.252803966100757 8.270237882268752 0
      vertex -7.252803966100757 8.270237882268752 4
      vertex -6.696375719095927 8.726886743203586 0
    endloop
  endfacet
  facet normal -0.582477696867802 0.8128466845916152 0
    outer loop
      vertex -6.696375719095927 8.726886743203586 0
      vertex -6.696375719095927 8.726886743203586 4
      vertex -6.111272563215624 9.146165735327997 0
    endloop
  endfacet
  facet normal -0.634393284163645 0.7730104533627373 0
    outer loop
      vertex -6.696375719095927 8.726886743203586 0
      vertex -7.252803966100757 8.270237882268752 4
      vertex -6.696375719095927 8.726886743203586 4
    endloop
  endfacet
  facet normal 0 0 -1
    outer loop
      vertex -5.5 -2.6278871583657826 0
      vertex -4.865175592409014 9.865600156859571 0
      vertex -5.262878652352843 -2.2829715775625763 0
    endloop
  endfacet
  facet normal 0 0 -1
    outer loop
      vertex -5.262878652352843 -2.2829715775625763 0
      vertex -4.865175592409014 9.865600156859571 0
      vertex -4.865175592409014 -2.3663439078900295 0
    endloop
  endfacet
  facet normal 0 0 -1
    outer loop
      vertex -6.111272563215624 -9.146165735327997 0
      vertex -6.696375719095927 8.726886743203586 0
      vertex -6.111272563215624 9.146165735327997 0
    endloop
  endfacet
  facet normal 0 0 -1
    outer loop
      vertex -6.111272563215624 -9.146165735327997 0
      vertex -6.111272563215624 9.146165735327997 0
      vertex -5.5 9.526279441628825 0
    endloop
  endfacet
  facet normal 0 0 -1
    outer loop
      vertex -4.865175592409014 -2.3663439078900295 0
      vertex -4.2095177560159875 10.162674857624154 0
      vertex -4.6154207057004815 -2.236377596616686 0
    endloop
  endfacet
  facet normal 0 0 -1
    outer loop
      vertex -4.2095177560159875 -3.97077296218927 0
      vertex -4.6154207057004815 -2.236377596616686 0
      vertex -4.2095177560159875 10.162674857624154 0
    endloop
  endfacet
  facet normal 0 0 -1
    outer loop
      vertex -4.2095177560159875 -3.97077296218927 0
      vertex -3.6820776164380042 5.948954688755937 0
      vertex -3.8889916311372152 -0.37161460931704937 0
    endloop
  endfacet
  facet normal 0 0 -1
    outer loop
      vertex -3.8889916311372152 -0.37161460931704937 0
      vertex -3.5358341183347775 4.967558747645405 0
      vertex -3.791863908306693 0.24853189107454363 0
    endloop
  endfacet
  facet normal 0 0 -1
    outer loop
      vertex -3.5358341183347775 4.967558747645405 0
      vertex -3.7674904732204793 0.49599953043619593 0
      vertex -3.791863908306693 0.24853189107454363 0
    endloop
  endfacet
  facet normal 0 0 -1
    outer loop
      vertex -3.5358341183347775 4.967558747645405 0
      vertex -3.7269840655322755 0.7413432236612874 0
      vertex -3.7674904732204793 0.49599953043619593 0
    endloop
  endfacet
  facet normal 0 0 -1
    outer loop
      vertex -3.5358341183347775 4.967558747645405 0
      vertex -3.6705181398984594 0.9835123713895788 0
      vertex -3.7269840655322755 0.7413432236612874 0
    endloop
  endfacet
  facet normal 0 0 -1
    outer loop
      vertex -3.5358341183347775 4.967558747645405 0
      vertex -3.5983344920814013 1.221469968152014 0
      vertex -3.6705181398984594 0.9835123713895788 0
    endloop
  endfacet
  facet normal 0 0 -1
    outer loop
      vertex -3.5358341183347775 4.967558747645405 0
      vertex -3.5107422235428896 1.4541970429873412 0
      vertex -3.5983344920814013 1.221469968152014 0
    endloop
  endfacet
  facet normal 0 0 -1
    outer loop
      vertex -3.5358341183347775 4.967558747645405 0
      vertex -3.4081164178242154 1.680697022832205 0
      vertex -3.5107422235428896 1.4541970429873412 0
    endloop
  endfacet
  facet normal 0 0 -1
    outer loop
      vertex -3.5358341183347775 4.967558747645405 0
      vertex -3.2908965343808667 1.9 0
      vertex -3.4081164178242154 1.680697022832205 0
    endloop
  endfacet
  facet normal 0 0 -1
    outer loop
      vertex -3.5358341183347775 4.967558747645405 0
      vertex -3.1595845267496716 2.1111668854744883 0
      vertex -3.2908965343808667 1.9 0
    endloop
  endfacet
  facet normal 0 0 1
    outer loop
      vertex -6.696375719095927 8.726886743203586 4
      vertex -6.467156727579007 2.6787840265556286 4
      vertex -6.278109190728818 3.096020831533009 4
    endloop
  endfacet
  facet normal 0 0 1
    outer loop
      vertex -6.696375719095927 8.726886743203586 4
      vertex -6.278109190728818 3.096020831533009 4
      vertex -6.06217782649107 3.5 4
    endloop
  endfacet
  facet normal 0 0 1
    outer loop
      vertex -6.06217782649107 3.5 4
      vertex -5.820287286117817 3.8889916311372152 4
      vertex -6.111272563215624 9.146165735327997 4
    endloop
  endfacet
  facet normal 0 0 1
    outer loop
      vertex -5.820287286117817 3.8889916311372152 4
      vertex -5.553473382038646 4.261330003061045 4
      vertex -6.111272563215624 9.146165735327997 4
    endloop
  endfacet
  facet normal 0 0 -1
    outer loop
      vertex -5.5 -2.6278871583657826 0
      vertex -5.5 9.526279441628825 0
      vertex -4.865175592409014 9.865600156859571 0
    endloop
  endfacet
  facet normal 0 0 1
    outer loop
      vertex -6.696375719095927 8.726886743203586 4
      vertex -6.06217782649107 3.5 4
      vertex -6.111272563215624 9.146165735327997 4
    endloop
  endfacet
  facet normal 0 0 1
    outer loop
      vertex -5.553473382038646 4.261330003061045 4
      vertex -5.262878652352843 4.6154207057004815 4
      vertex -6.111272563215624 9.146165735327997 4
    endloop
  endfacet
  facet normal 0 0 1
    outer loop
      vertex -5.262878652352843 4.6154207057004815 4
      vertex -4.949747468305833 4.949747468305833 4
      vertex -5.5 9.526279441628825 4
    endloop
  endfacet
  facet normal 0 0 1
    outer loop
      vertex -4.949747468305833 4.949747468305833 4
      vertex -4.6154207057004815 5.262878652352843 4
      vertex -5.5 9.526279441628825 4
    endloop
  endfacet
  facet normal 0 0 1
    outer loop
      vertex -5.262878652352843 4.6154207057004815 4
      vertex -5.5 9.526279441628825 4
      vertex -6.111272563215624 9.146165735327997 4
    endloop
  endfacet
  facet normal 0 0 -1
    outer loop
      vertex -4.865175592409014 -2.3663439078900295 0
      vertex -4.865175592409014 9.865600156859571 0
      vertex -4.2095177560159875 10.162674857624154 0
    endloop
  endfacet
  facet normal 0 0 -1
    outer loop
      vertex -4.2095177560159875 -3.97077296218927 0
      vertex -4.2095177560159875 10.162674857624154 0
      vertex -3.6820776164380042 5.948954688755937 0
    endloop
  endfacet
  facet normal 0 0 1
    outer loop
      vertex -4.6154207057004815 5.262878652352843 4
      vertex -4.261330003061045 5.553473382038646 4
      vertex -4.865175592409014 9.865600156859571 4
    endloop
  endfacet
  facet normal 0 0 1
    outer loop
      vertex -4.261330003061045 5.553473382038646 4
      vertex -3.8889916311372152 5.820287286117817 4
      vertex -4.865175592409014 9.865600156859571 4
    endloop
  endfacet
  facet normal 0 0 -1
    outer loop
      vertex -3.5358341183347775 4.967558747645405 0
      vertex -3.6820776164380042 5.948954688755937 0
      vertex -3.5358341183347775 10.416231424446163 0
    endloop
  endfacet
  facet normal 0 0 1
    outer loop
      vertex -3.8889916311372152 5.820287286117817 4
      vertex -3.5 6.06217782649107 4
      vertex -4.2095177560159875 10.162674857624154 4
    endloop
  endfacet
  facet normal 0 0 1
    outer loop
      vertex -3.5 6.06217782649107 4
      vertex -3.096020831533009 6.278109190728818 4
      vertex -3.5358341183347775 10.416231424446163 4
    endloop
  endfacet
  facet normal 0 0 -1
    outer loop
      vertex -3.5358341183347775 4.967558747645405 0
      vertex -3.0147426931066934 2.3132934302331383 0
      vertex -3.1595845267496716 2.1111668854744883 0
    endloop
  endfacet
  facet normal 0 0 -1
    outer loop
      vertex -3.5358341183347775 4.967558747645405 0
      vertex -2.8569912684201144 2.5055140973802614 0
      vertex -3.0147426931066934 2.3132934302331383 0
    endloop
  endfacet
  facet normal 0 0 -1
    outer loop
      vertex -1.4357881144205673 4.722457123857833 0
      vertex -1.4541970429873412 3.5107422235428896 0
      vertex -1.5239729638401058 3.4791271651125 0
    endloop
  endfacet
  facet normal 0 0 -1
    outer loop
      vertex -1.4357881144205673 4.722457123857833 0
      vertex -1.221469968152014 3.5983344920814013 0
      vertex -1.4541970429873412 3.5107422235428896 0
    endloop
  endfacet
  facet normal 0 0 -1
    outer loop
      vertex -1.4357881144205673 4.722457123857833 0
      vertex -0.9835123713895788 3.6705181398984594 0
      vertex -1.221469968152014 3.5983344920814013 0
    endloop
  endfacet
  facet normal 0 0 -1
    outer loop
      vertex -2.145993542177411 10.788638084435535 0
      vertex -2.6870057685088806 2.6870057685088806 0
      vertex -2.8569912684201144 2.5055140973802614 0
    endloop
  endfacet
  facet normal 0 0 -1
    outer loop
      vertex -2.145993542177411 10.788638084435535 0
      vertex -2.5055140973802614 2.8569912684201144 0
      vertex -2.6870057685088806 2.6870057685088806 0
    endloop
  endfacet
  facet normal 0 0 -1
    outer loop
      vertex -1.5696140155620815 6.817935086833491 0
      vertex -2.1111668854744883 3.1595845267496716 0
      vertex -2.3132934302331383 3.0147426931066934 0
    endloop
  endfacet
  facet normal 0 0 -1
    outer loop
      vertex -1.5696140155620815 6.817935086833491 0
      vertex -1.9 3.2908965343808667 0
      vertex -2.1111668854744883 3.1595845267496716 0
    endloop
  endfacet
  facet normal 0 0 -1
    outer loop
      vertex -1.5696140155620815 6.817935086833491 0
      vertex -1.6812495897703659 3.4078210646424103 0
      vertex -1.9 3.2908965343808667 0
    endloop
  endfacet
  facet normal 0 0 -1
    outer loop
      vertex -2.145993542177411 10.788638084435535 0
      vertex -2.3132934302331383 3.0147426931066934 0
      vertex -2.5055140973802614 2.8569912684201144 0
    endloop
  endfacet
  facet normal 0 0 -1
    outer loop
      vertex -3.5358341183347775 4.967558747645405 0
      vertex -2.847009496127728 10.62518408917975 0
      vertex -2.8569912684201144 2.5055140973802614 0
    endloop
  endfacet
  facet normal 0 0 -1
    outer loop
      vertex -2.847009496127728 10.62518408917975 0
      vertex -2.145993542177411 10.788638084435535 0
      vertex -2.8569912684201144 2.5055140973802614 0
    endloop
  endfacet
  facet normal 0 0 1
    outer loop
      vertex -3.096020831533009 6.278109190728818 4
      vertex -2.6787840265556286 6.467156727579007 4
      vertex -3.5358341183347775 10.416231424446163 4
    endloop
  endfacet
  facet normal 0 0 1
    outer loop
      vertex -2.6787840265556286 6.467156727579007 4
      vertex -2.250076257122131 6.62851090646574 4
      vertex -2.847009496127728 10.62518408917975 4
    endloop
  endfacet
  facet normal 0 0 -1
    outer loop
      vertex -1.5696140155620815 6.817935086833491 0
      vertex -2.3132934302331383 3.0147426931066934 0
      vertex -2.145993542177411 10.788638084435535 0
    endloop
  endfacet
  facet normal 0 0 -1
    outer loop
      vertex -1.4357881144205673 4.722457123857833 0
      vertex -0.7413432236612874 3.7269840655322755 0
      vertex -0.9835123713895788 3.6705181398984594 0
    endloop
  endfacet
  facet normal 0 0 -1
    outer loop
      vertex -1.4357881144205673 4.722457123857833 0
      vertex -0.7194344215315737 10.976448155624638 0
      vertex -0.7413432236612874 3.7269840655322755 0
    endloop
  endfacet
  facet normal 0 0 -1
    outer loop
      vertex -1.4357881144205673 4.722457123857833 0
      vertex -1.5696140155620815 6.817935086833491 0
      vertex -1.4357881144205673 10.905893475111915 0
    endloop
  endfacet
  facet normal 0 0 -1
    outer loop
      vertex -0.7194344215315737 10.976448155624638 0
      vertex -0.49599953043619593 3.7674904732204793 0
      vertex -0.7413432236612874 3.7269840655322755 0
    endloop
  endfacet
  facet normal 0 0 -1
    outer loop
      vertex -0.7194344215315737 10.976448155624638 0
      vertex -0.24853189107454363 3.791863908306693 0
      vertex -0.49599953043619593 3.7674904732204793 0
    endloop
  endfacet
  facet normal 0 0 -1
    outer loop
      vertex 0 11 0
      vertex 0 3.8 0
      vertex -0.24853189107454363 3.791863908306693 0
    endloop
  endfacet
  facet normal -0.5280678506503681 0.8492021815265788 0
    outer loop
      vertex -6.111272563215624 9.146165735327997 0
      vertex -6.111272563215624 9.146165735327997 4
      vertex -5.5 9.526279441628825 0
    endloop
  endfacet
  facet normal -0.582477696867802 0.8128466845916152 -2.2714924584906407e-18
    outer loop
      vertex -6.696375719095927 8.726886743203586 4
      vertex -6.111272563215624 9.146165735327997 4
      vertex -6.111272563215624 9.146165735327997 0
    endloop
  endfacet
  facet normal -0.5280678506503681 0.8492021815265788 -3.626998964140206e-18
    outer loop
      vertex -6.111272563215624 9.146165735327997 4
      vertex -5.5 9.526279441628825 4
      vertex -5.5 9.526279441628825 0
    endloop
  endfacet
  facet normal 0 0 1
    outer loop
      vertex -4.6154207057004815 5.262878652352843 4
      vertex -4.865175592409014 9.865600156859571 4
      vertex -5.5 9.526279441628825 4
    endloop
  endfacet
  facet normal -0.47139673682599786 0.8819212643483547 0
    outer loop
      vertex -5.5 9.526279441628825 0
      vertex -5.5 9.526279441628825 4
      vertex -4.865175592409014 9.865600156859571 0
    endloop
  endfacet
  facet normal -0.47139673682599786 0.8819212643483547 -4.390750912874505e-18
    outer loop
      vertex -5.5 9.526279441628825 4
      vertex -4.865175592409014 9.865600156859571 4
      vertex -4.865175592409014 9.865600156859571 0
    endloop
  endfacet
  facet normal 0 0 1
    outer loop
      vertex -3.8889916311372152 5.820287286117817 4
      vertex -4.2095177560159875 10.162674857624154 4
      vertex -4.865175592409014 9.865600156859571 4
    endloop
  endfacet
  facet normal -0.4127070298043944 0.910863824921176 0
    outer loop
      vertex -4.865175592409014 9.865600156859571 0
      vertex -4.865175592409014 9.865600156859571 4
      vertex -4.2095177560159875 10.162674857624154 0
    endloop
  endfacet
  facet normal 0 0 -1
    outer loop
      vertex -3.6820776164380042 5.948954688755937 0
      vertex -4.2095177560159875 10.162674857624154 0
      vertex -3.5358341183347775 10.416231424446163 0
    endloop
  endfacet
  facet normal 0 0 -1
    outer loop
      vertex -3.5358341183347775 4.967558747645405 0
      vertex -3.5358341183347775 10.416231424446163 0
      vertex -2.847009496127728 10.62518408917975 0
    endloop
  endfacet
  facet normal 0 0 1
    outer loop
      vertex -3.5 6.06217782649107 4
      vertex -3.5358341183347775 10.416231424446163 4
      vertex -4.2095177560159875 10.162674857624154 4
    endloop
  endfacet
  facet normal -0.4127070298043944 0.910863824921176 3.4686272262191505e-18
    outer loop
      vertex -4.865175592409014 9.865600156859571 4
      vertex -4.2095177560159875 10.162674857624154 4
      vertex -4.2095177560159875 10.162674857624154 0
    endloop
  endfacet
  facet normal -0.3522500479212353 0.9359059267573251 0
    outer loop
      vertex -4.2095177560159875 10.162674857624154 0
      vertex -4.2095177560159875 10.162674857624154 4
      vertex -3.5358341183347775 10.416231424446163 0
    endloop
  endfacet
  facet normal -0.2902846772544603 0.9569403357322095 0
    outer loop
      vertex -3.5358341183347775 10.416231424446163 0
      vertex -3.5358341183347775 10.416231424446163 4
      vertex -2.847009496127728 10.62518408917975 0
    endloop
  endfacet
  facet normal -0.3522500479212353 0.9359059267573251 -4.3823973898028226e-18
    outer loop
      vertex -4.2095177560159875 10.162674857624154 4
      vertex -3.5358341183347775 10.416231424446163 4
      vertex -3.5358341183347775 10.416231424446163 0
    endloop
  endfacet
  facet normal 0 0 1
    outer loop
      vertex -2.6787840265556286 6.467156727579007 4
      vertex -2.847009496127728 10.62518408917975 4
      vertex -3.5358341183347775 10.416231424446163 4
    endloop
  endfacet
  facet normal 0 0 1
    outer loop
      vertex -2.250076257122131 6.62851090646574 4
      vertex -1.8117333157176452 6.761480784023478 4
      vertex -2.847009496127728 10.62518408917975 4
    endloop
  endfacet
  facet normal 0 0 1
    outer loop
      vertex -1.8117333157176452 6.761480784023478 4
      vertex -1.3656322541128978 6.865496962822613 4
      vertex -2.145993542177411 10.788638084435535 4
    endloop
  endfacet
  facet normal 0 0 -1
    outer loop
      vertex -1.5696140155620815 6.817935086833491 0
      vertex -2.145993542177411 10.788638084435535 0
      vertex -1.4357881144205673 10.905893475111915 0
    endloop
  endfacet
  facet normal 0 0 1
    outer loop
      vertex -1.8117333157176452 6.761480784023478 4
      vertex -2.145993542177411 10.788638084435535 4
      vertex -2.847009496127728 10.62518408917975 4
    endloop
  endfacet
  facet normal 0 0 1
    outer loop
      vertex -1.3656322541128978 6.865496962822613 4
      vertex -1.4357881144205673 10.905893475111915 4
      vertex -2.145993542177411 10.788638084435535 4
    endloop
  endfacet
  facet normal -0.22707626303437362 0.9738769792773335 0
    outer loop
      vertex -2.847009496127728 10.62518408917975 0
      vertex -2.847009496127728 10.62518408917975 4
      vertex -2.145993542177411 10.788638084435535 0
    endloop
  endfacet
  facet normal -0.2902846772544603 0.9569403357322095 4.8076349729418895e-18
    outer loop
      vertex -3.5358341183347775 10.416231424446163 4
      vertex -2.847009496127728 10.62518408917975 4
      vertex -2.847009496127728 10.62518408917975 0
    endloop
  endfacet
  facet normal -0.16289547339458962 0.9866433320848789 0
    outer loop
      vertex -2.145993542177411 10.788638084435535 0
      vertex -2.145993542177411 10.788638084435535 4
      vertex -1.4357881144205673 10.905893475111915 0
    endloop
  endfacet
  facet normal -0.22707626303437362 0.9738769792773335 5.722892050744083e-19
    outer loop
      vertex -2.847009496127728 10.62518408917975 4
      vertex -2.145993542177411 10.788638084435535 4
      vertex -2.145993542177411 10.788638084435535 0
    endloop
  endfacet
  facet normal -0.16289547339458962 0.9866433320848789 -6.957267077829904e-19
    outer loop
      vertex -2.145993542177411 10.788638084435535 4
      vertex -1.4357881144205673 10.905893475111915 4
      vertex -1.4357881144205673 10.905893475111915 0
    endloop
  endfacet
  facet normal 0 0 -1
    outer loop
      vertex -1.4357881144205673 4.722457123857833 0
      vertex -1.4357881144205673 10.905893475111915 0
      vertex -0.7194344215315737 10.976448155624638 0
    endloop
  endfacet
  facet normal 0 0 1
    outer loop
      vertex -1.3656322541128978 6.865496962822613 4
      vertex -0.913683345540361 6.940114029616673 4
      vertex -1.4357881144205673 10.905893475111915 4
    endloop
  endfacet
  facet normal 0 0 1
    outer loop
      vertex -0.913683345540361 6.940114029616673 4
      vertex -0.4578219046110014 6.985012462670224 4
      vertex -1.4357881144205673 10.905893475111915 4
    endloop
  endfacet
  facet normal 0 0 1
    outer loop
      vertex -0.4578219046110014 6.985012462670224 4
      vertex -0.7194344215315737 10.976448155624638 4
      vertex -1.4357881144205673 10.905893475111915 4
    endloop
  endfacet
  facet normal 0 0 -1
    outer loop
      vertex -0.7194344215315737 10.976448155624638 0
      vertex 0 11 0
      vertex -0.24853189107454363 3.791863908306693 0
    endloop
  endfacet
  facet normal 0 0 1
    outer loop
      vertex -0.4578219046110014 6.985012462670224 4
      vertex 0 7 4
      vertex -0.7194344215315737 10.976448155624638 4
    endloop
  endfacet
  facet normal 0 0 1
    outer loop
      vertex -0.7194344215315737 10.976448155624638 4
      vertex 0 7 4
      vertex 0 11 4
    endloop
  endfacet
  facet normal -0.09801714032955929 0.9951847266721972 0
    outer loop
      vertex -1.4357881144205673 10.905893475111915 0
      vertex -1.4357881144205673 10.905893475111915 4
      vertex -0.7194344215315737 10.976448155624638 0
    endloop
  endfacet
  facet normal -0.09801714032955929 0.9951847266721972 8.987034087165185e-20
    outer loop
      vertex -1.4357881144205673 10.905893475111915 4
      vertex -0.7194344215315737 10.976448155624638 4
      vertex -0.7194344215315737 10.976448155624638 0
    endloop
  endfacet
  facet normal -0.03271908282177688 0.9994645874763657 0
    outer loop
      vertex -0.7194344215315737 10.976448155624638 0
      vertex -0.7194344215315737 10.976448155624638 4
      vertex 0 11 0
    endloop
  endfacet
  facet normal -0.03271908282177688 0.9994645874763657 4.112575455164497e-19
    outer loop
      vertex -0.7194344215315737 10.976448155624638 4
      vertex 0 11 4
      vertex 0 11 0
    endloop
  endfacet
  facet normal 0.03271908282177688 -0.9994645874763657 4.112575455164497e-19
    outer loop
      vertex 0 -11 0
      vertex 0.7194344215315737 -10.976448155624638 0
      vertex 0.7194344215315737 -10.976448155624638 4
    endloop
  endfacet
  facet normal 0.03271908282177688 -0.9994645874763657 0
    outer loop
      vertex 0 -11 0
      vertex 0.7194344215315737 -10.976448155624638 4
      vertex 0 -11 4
    endloop
  endfacet
  facet normal 0.09801714032955929 -0.9951847266721972 8.987034087165185e-20
    outer loop
      vertex 0.7194344215315737 -10.976448155624638 0
      vertex 1.4357881144205673 -10.905893475111915 0
      vertex 1.4357881144205673 -10.905893475111915 4
    endloop
  endfacet
  facet normal 0.09801714032955929 -0.9951847266721972 0
    outer loop
      vertex 0.7194344215315737 -10.976448155624638 0
      vertex 1.4357881144205673 -10.905893475111915 4
      vertex 0.7194344215315737 -10.976448155624638 4
    endloop
  endfacet
  facet normal 0 0 -1
    outer loop
      vertex 0 -11 0
      vertex 0.7194344215315737 -6.959245878742918 0
      vertex 0.7194344215315737 -10.976448155624638 0
    endloop
  endfacet
  facet normal 0 0 1
    outer loop
      vertex 0 -11 4
      vertex 0.7194344215315737 -10.976448155624638 4
      vertex 0 -7 4
    endloop
  endfacet
  facet normal 0 0 -1
    outer loop
      vertex 0.7194344215315737 -10.976448155624638 0
      vertex 0.7194344215315737 -6.959245878742918 0
      vertex 0.8513694020397509 -6.9462514173607675 0
    endloop
  endfacet
  facet normal 0 0 1
    outer loop
      vertex 0.7194344215315737 -10.976448155624638 4
      vertex 0.4578219046110014 -6.985012462670224 4
      vertex 0 -7 4
    endloop
  endfacet
  facet normal 0 0 -1
    outer loop
      vertex 0.7194344215315737 -10.976448155624638 0
      vertex 0.8513694020397509 -6.9462514173607675 0
      vertex 1.4357881144205673 -10.905893475111915 0
    endloop
  endfacet
  facet normal 0 0 1
    outer loop
      vertex 0.7194344215315737 -10.976448155624638 4
      vertex 1.4357881144205673 -10.905893475111915 4
      vertex 0.4578219046110014 -6.985012462670224 4
    endloop
  endfacet
  facet normal 0 0 -1
    outer loop
      vertex 1.4357881144205673 -10.905893475111915 0
      vertex 0.8513694020397509 -6.9462514173607675 0
      vertex 1.4357881144205673 -6.849138910494024 0
    endloop
  endfacet
  facet normal 0 0 -1
    outer loop
      vertex 1.4357881144205673 -10.905893475111915 0
      vertex 1.4357881144205673 -6.849138910494024 0
      vertex 1.5696140155620815 -6.817935086833491 0
    endloop
  endfacet
  facet normal 0 0 1
    outer loop
      vertex 1.4357881144205673 -10.905893475111915 4
      vertex 0.913683345540361 -6.940114029616673 4
      vertex 0.4578219046110014 -6.985012462670224 4
    endloop
  endfacet
  facet normal 0 0 1
    outer loop
      vertex 1.4357881144205673 -10.905893475111915 4
      vertex 1.3656322541128978 -6.865496962822613 4
      vertex 0.913683345540361 -6.940114029616673 4
    endloop
  endfacet
  facet normal 0.16289547339458962 -0.9866433320848789 -6.957267077829904e-19
    outer loop
      vertex 1.4357881144205673 -10.905893475111915 0
      vertex 2.145993542177411 -10.788638084435535 0
      vertex 2.145993542177411 -10.788638084435535 4
    endloop
  endfacet
  facet normal 0.16289547339458962 -0.9866433320848789 0
    outer loop
      vertex 1.4357881144205673 -10.905893475111915 0
      vertex 2.145993542177411 -10.788638084435535 4
      vertex 1.4357881144205673 -10.905893475111915 4
    endloop
  endfacet
  facet normal 0.22707626303437362 -0.9738769792773335 0
    outer loop
      vertex 2.145993542177411 -10.788638084435535 0
      vertex 2.847009496127728 -10.62518408917975 4
      vertex 2.145993542177411 -10.788638084435535 4
    endloop
  endfacet
  facet normal 0.22707626303437362 -0.9738769792773335 5.722892050744083e-19
    outer loop
      vertex 2.145993542177411 -10.788638084435535 0
      vertex 2.847009496127728 -10.62518408917975 0
      vertex 2.847009496127728 -10.62518408917975 4
    endloop
  endfacet
  facet normal 0.2902846772544603 -0.9569403357322095 0
    outer loop
      vertex 2.847009496127728 -10.62518408917975 0
      vertex 3.5358341183347775 -10.416231424446163 4
      vertex 2.847009496127728 -10.62518408917975 4
    endloop
  endfacet
  facet normal 0 0 -1
    outer loop
      vertex 1.4357881144205673 -10.905893475111915 0
      vertex 1.5696140155620815 -6.817935086833491 0
      vertex 2.145993542177411 -10.788638084435535 0
    endloop
  endfacet
  facet normal 0 0 1
    outer loop
      vertex 1.4357881144205673 -10.905893475111915 4
      vertex 2.145993542177411 -10.788638084435535 4
      vertex 1.3656322541128978 -6.865496962822613 4
    endloop
  endfacet
  facet normal 0 0 1
    outer loop
      vertex 2.145993542177411 -10.788638084435535 4
      vertex 2.847009496127728 -10.62518408917975 4
      vertex 1.8117333157176452 -6.761480784023478 4
    endloop
  endfacet
  facet normal 0 0 -1
    outer loop
      vertex 2.145993542177411 -10.788638084435535 0
      vertex 2.046173517653784 -3.2 0
      vertex 2.847009496127728 -10.62518408917975 0
    endloop
  endfacet
  facet normal 0 0 1
    outer loop
      vertex 2.145993542177411 -10.788638084435535 4
      vertex 1.8117333157176452 -6.761480784023478 4
      vertex 1.3656322541128978 -6.865496962822613 4
    endloop
  endfacet
  facet normal 0 0 1
    outer loop
      vertex 2.847009496127728 -10.62518408917975 4
      vertex 2.250076257122131 -6.62851090646574 4
      vertex 1.8117333157176452 -6.761480784023478 4
    endloop
  endfacet
  facet normal 0 0 -1
    outer loop
      vertex 2.847009496127728 -10.62518408917975 0
      vertex 2.9877114661276956 -6.32718352574294 0
      vertex 3.5358341183347775 -10.416231424446163 0
    endloop
  endfacet
  facet normal 0 0 1
    outer loop
      vertex 2.847009496127728 -10.62518408917975 4
      vertex 3.5358341183347775 -10.416231424446163 4
      vertex 2.6787840265556286 -6.467156727579007 4
    endloop
  endfacet
  facet normal 0.2902846772544603 -0.9569403357322095 4.8076349729418895e-18
    outer loop
      vertex 2.847009496127728 -10.62518408917975 0
      vertex 3.5358341183347775 -10.416231424446163 0
      vertex 3.5358341183347775 -10.416231424446163 4
    endloop
  endfacet
  facet normal 0.3522500479212353 -0.9359059267573251 -4.3823973898028226e-18
    outer loop
      vertex 3.5358341183347775 -10.416231424446163 0
      vertex 4.2095177560159875 -10.162674857624154 0
      vertex 4.2095177560159875 -10.162674857624154 4
    endloop
  endfacet
  facet normal 0.3522500479212353 -0.9359059267573251 0
    outer loop
      vertex 3.5358341183347775 -10.416231424446163 0
      vertex 4.2095177560159875 -10.162674857624154 4
      vertex 3.5358341183347775 -10.416231424446163 4
    endloop
  endfacet
  facet normal 0.4127070298043944 -0.910863824921176 0
    outer loop
      vertex 4.2095177560159875 -10.162674857624154 0
      vertex 4.865175592409014 -9.865600156859571 4
      vertex 4.2095177560159875 -10.162674857624154 4
    endloop
  endfacet
  facet normal 0 0 -1
    outer loop
      vertex 3.5358341183347775 -10.416231424446163 0
      vertex 3.6820776164380042 -5.948954688755937 0
      vertex 4.2095177560159875 -10.162674857624154 0
    endloop
  endfacet
  facet normal 0 0 1
    outer loop
      vertex 3.5358341183347775 -10.416231424446163 4
      vertex 4.2095177560159875 -10.162674857624154 4
      vertex 3.5 -6.06217782649107 4
    endloop
  endfacet
  facet normal 0.4127070298043944 -0.910863824921176 3.4686272262191505e-18
    outer loop
      vertex 4.2095177560159875 -10.162674857624154 0
      vertex 4.865175592409014 -9.865600156859571 0
      vertex 4.865175592409014 -9.865600156859571 4
    endloop
  endfacet
  facet normal 0 0 1
    outer loop
      vertex 4.2095177560159875 -10.162674857624154 4
      vertex 4.865175592409014 -9.865600156859571 4
      vertex 3.8889916311372152 -5.820287286117817 4
    endloop
  endfacet
  facet normal 0.47139673682599786 -0.8819212643483547 -4.390750912874505e-18
    outer loop
      vertex 4.865175592409014 -9.865600156859571 0
      vertex 5.5 -9.526279441628825 0
      vertex 5.5 -9.526279441628825 4
    endloop
  endfacet
  facet normal 0.47139673682599786 -0.8819212643483547 0
    outer loop
      vertex 4.865175592409014 -9.865600156859571 0
      vertex 5.5 -9.526279441628825 4
      vertex 4.865175592409014 -9.865600156859571 4
    endloop
  endfacet
  facet normal 0 0 1
    outer loop
      vertex 4.865175592409014 -9.865600156859571 4
      vertex 5.5 -9.526279441628825 4
      vertex 4.6154207057004815 -5.262878652352843 4
    endloop
  endfacet
  facet normal 0.5280678506503681 -0.8492021815265788 -3.626998964140206e-18
    outer loop
      vertex 5.5 -9.526279441628825 0
      vertex 6.111272563215624 -9.146165735327997 0
      vertex 6.111272563215624 -9.146165735327997 4
    endloop
  endfacet
  facet normal 0.5280678506503681 -0.8492021815265788 0
    outer loop
      vertex 5.5 -9.526279441628825 0
      vertex 6.111272563215624 -9.146165735327997 4
      vertex 5.5 -9.526279441628825 4
    endloop
  endfacet
  facet normal 0.582477696867802 -0.8128466845916152 0
    outer loop
      vertex 6.111272563215624 -9.146165735327997 0
      vertex 6.696375719095927 -8.726886743203586 4
      vertex 6.111272563215624 -9.146165735327997 4
    endloop
  endfacet
  facet normal 0 0 -1
    outer loop
      vertex 0 -11 0
      vertex 0.49599953043619593 -3.7674904732204793 0
      vertex 0.7194344215315737 -6.959245878742918 0
    endloop
  endfacet
  facet normal 0 0 -1
    outer loop
      vertex 0 -11 0
      vertex 0 -3.8 0
      vertex 0.24853189107454363 -3.791863908306693 0
    endloop
  endfacet
  facet normal 0 0 -1
    outer loop
      vertex 0 -11 0
      vertex 0.24853189107454363 -3.791863908306693 0
      vertex 0.49599953043619593 -3.7674904732204793 0
    endloop
  endfacet
  facet normal 0 0 -1
    outer loop
      vertex 0.8513694020397509 -6.9462514173607675 0
      vertex 0.913683345540361 -5.042757356292155 0
      vertex 1.4357881144205673 -6.849138910494024 0
    endloop
  endfacet
  facet normal 0 0 -1
    outer loop
      vertex 0.7194344215315737 -6.959245878742918 0
      vertex 0.49599953043619593 -3.7674904732204793 0
      vertex 0.7194344215315737 -3.730601223403182 0
    endloop
  endfacet
  facet normal 0 0 -1
    outer loop
      vertex 1.4357881144205673 -6.849138910494024 0
      vertex 0.913683345540361 -5.042757356292155 0
      vertex 1.4357881144205673 -4.722457123857833 0
    endloop
  endfacet
  facet normal 0 0 -1
    outer loop
      vertex 0.913683345540361 -5.042757356292155 0
      vertex 0.8704649644337851 -3.6968770982304413 0
      vertex 0.9835123713895788 -3.6705181398984594 0
    endloop
  endfacet
  facet normal 0 0 -1
    outer loop
      vertex 0.913683345540361 -5.042757356292155 0
      vertex 0.9835123713895788 -3.6705181398984594 0
      vertex 1.4357881144205673 -4.722457123857833 0
    endloop
  endfacet
  facet normal 0 0 -1
    outer loop
      vertex 2.145993542177411 -10.788638084435535 0
      vertex 1.5696140155620815 -6.817935086833491 0
      vertex 2.046173517653784 -3.2 0
    endloop
  endfacet
  facet normal 0 0 -1
    outer loop
      vertex 2.847009496127728 -10.62518408917975 0
      vertex 2.847009496127728 -6.390934758954269 0
      vertex 2.9877114661276956 -6.32718352574294 0
    endloop
  endfacet
  facet normal 0 0 1
    outer loop
      vertex 2.847009496127728 -10.62518408917975 4
      vertex 2.6787840265556286 -6.467156727579007 4
      vertex 2.250076257122131 -6.62851090646574 4
    endloop
  endfacet
  facet normal 0 0 1
    outer loop
      vertex 3.5358341183347775 -10.416231424446163 4
      vertex 3.096020831533009 -6.278109190728818 4
      vertex 2.6787840265556286 -6.467156727579007 4
    endloop
  endfacet
  facet normal 0 0 -1
    outer loop
      vertex 2.847009496127728 -10.62518408917975 0
      vertex 2.046173517653784 -3.2 0
      vertex 2.847009496127728 -6.390934758954269 0
    endloop
  endfacet
  facet normal 0 0 -1
    outer loop
      vertex 1.5696140155620815 -6.817935086833491 0
      vertex 1.6812495897703659 -3.4078210646424103 0
      vertex 1.9 -3.2908965343808667 0
    endloop
  endfacet
  facet normal 0 0 -1
    outer loop
      vertex 1.5696140155620815 -6.817935086833491 0
      vertex 1.9 -3.2908965343808667 0
      vertex 2.046173517653784 -3.2 0
    endloop
  endfacet
  facet normal 0 0 -1
    outer loop
      vertex 2.046173517653784 -3.2 0
      vertex 2.847009496127728 -3.2 0
      vertex 2.847009496127728 -6.390934758954269 0
    endloop
  endfacet
  facet normal 0 0 -1
    outer loop
      vertex 2.9877114661276956 -6.32718352574294 0
      vertex 3.0900848548998083 -3.2 0
      vertex 3.5358341183347775 -4.967558747645405 0
    endloop
  endfacet
  facet normal 0 0 -1
    outer loop
      vertex 1.4357881144205673 -4.722457123857833 0
      vertex 0.9835123713895788 -3.6705181398984594 0
      vertex 1.221469968152014 -3.5983344920814013 0
    endloop
  endfacet
  facet normal 0 0 -1
    outer loop
      vertex 1.4357881144205673 -4.722457123857833 0
      vertex 1.221469968152014 -3.5983344920814013 0
      vertex 1.4541970429873412 -3.5107422235428896 0
    endloop
  endfacet
  facet normal 0 0 -1
    outer loop
      vertex 1.4357881144205673 -4.722457123857833 0
      vertex 1.4541970429873412 -3.5107422235428896 0
      vertex 1.5239729638401058 -3.4791271651125 0
    endloop
  endfacet
  facet normal 0 0 -1
    outer loop
      vertex 3.5358341183347775 -10.416231424446163 0
      vertex 2.9877114661276956 -6.32718352574294 0
      vertex 3.5358341183347775 -6.039894739776691 0
    endloop
  endfacet
  facet normal 0 0 -1
    outer loop
      vertex 3.5358341183347775 -10.416231424446163 0
      vertex 3.5358341183347775 -6.039894739776691 0
      vertex 3.6820776164380042 -5.948954688755937 0
    endloop
  endfacet
  facet normal 0 0 1
    outer loop
      vertex 3.5358341183347775 -10.416231424446163 4
      vertex 3.5 -6.06217782649107 4
      vertex 3.096020831533009 -6.278109190728818 4
    endloop
  endfacet
  facet normal 0 0 1
    outer loop
      vertex 4.2095177560159875 -10.162674857624154 4
      vertex 3.8889916311372152 -5.820287286117817 4
      vertex 3.5 -6.06217782649107 4
    endloop
  endfacet
  facet normal 0 0 1
    outer loop
      vertex 4.865175592409014 -9.865600156859571 4
      vertex 4.261330003061045 -5.553473382038646 4
      vertex 3.8889916311372152 -5.820287286117817 4
    endloop
  endfacet
  facet normal 0 0 1
    outer loop
      vertex 4.865175592409014 -9.865600156859571 4
      vertex 4.6154207057004815 -5.262878652352843 4
      vertex 4.261330003061045 -5.553473382038646 4
    endloop
  endfacet
  facet normal 0 0 -1
    outer loop
      vertex 2.9877114661276956 -6.32718352574294 0
      vertex 3.5358341183347775 -4.967558747645405 0
      vertex 3.5358341183347775 -6.039894739776691 0
    endloop
  endfacet
  facet normal 0 0 1
    outer loop
      vertex 5.5 -9.526279441628825 4
      vertex 6.111272563215624 -9.146165735327997 4
      vertex 5.262878652352843 -4.6154207057004815 4
    endloop
  endfacet
  facet normal 0 0 1
    outer loop
      vertex 5.5 -9.526279441628825 4
      vertex 4.949747468305833 -4.949747468305833 4
      vertex 4.6154207057004815 -5.262878652352843 4
    endloop
  endfacet
  facet normal 0 0 1
    outer loop
      vertex 5.5 -9.526279441628825 4
      vertex 5.262878652352843 -4.6154207057004815 4
      vertex 4.949747468305833 -4.949747468305833 4
    endloop
  endfacet
  facet normal 0 0 1
    outer loop
      vertex 6.111272563215624 -9.146165735327997 4
      vertex 5.553473382038646 -4.261330003061045 4
      vertex 5.262878652352843 -4.6154207057004815 4
    endloop
  endfacet
  facet normal 0 0 1
    outer loop
      vertex 6.111272563215624 -9.146165735327997 4
      vertex 6.696375719095927 -8.726886743203586 4
      vertex 6.06217782649107 -3.5 4
    endloop
  endfacet
  facet normal 0 0 -1
    outer loop
      vertex 4.2095177560159875 -10.162674857624154 0
      vertex 3.6820776164380042 -5.948954688755937 0
      vertex 10.518105590485213 -3.2 0
    endloop
  endfacet
  facet normal 0 0 1
    outer loop
      vertex 6.111272563215624 -9.146165735327997 4
      vertex 5.820287286117817 -3.8889916311372152 4
      vertex 5.553473382038646 -4.261330003061045 4
    endloop
  endfacet
  facet normal 0 0 1
    outer loop
      vertex 6.111272563215624 -9.146165735327997 4
      vertex 6.06217782649107 -3.5 4
      vertex 5.820287286117817 -3.8889916311372152 4
    endloop
  endfacet
  facet normal 0 0 1
    outer loop
      vertex 6.06217782649107 -3.5 4
      vertex 6.696375719095927 -8.726886743203586 4
      vertex 6.278109190728818 -3.096020831533009 4
    endloop
  endfacet
  facet normal 0 0 -1
    outer loop
      vertex 3.6820776164380042 -5.948954688755937 0
      vertex 3.772069075126722 -3.2 0
      vertex 10.518105590485213 -3.2 0
    endloop
  endfacet
  facet normal 0 0 1
    outer loop
      vertex 6.278109190728818 -3.096020831533009 4
      vertex 6.696375719095927 -8.726886743203586 4
      vertex 6.467156727579007 -2.6787840265556286 4
    endloop
  endfacet
  facet normal 0 0 -1
    outer loop
      vertex 3.5358341183347775 -4.967558747645405 0
      vertex 3.0900848548998083 -3.2 0
      vertex 3.65274859353844 -3.2 0
    endloop
  endfacet
  facet normal 0.582477696867802 -0.8128466845916152 -2.2714924584906407e-18
    outer loop
      vertex 6.111272563215624 -9.146165735327997 0
      vertex 6.696375719095927 -8.726886743203586 0
      vertex 6.696375719095927 -8.726886743203586 4
    endloop
  endfacet
  facet normal 0.634393284163645 -0.7730104533627373 3.704452985200911e-18
    outer loop
      vertex 6.696375719095927 -8.726886743203586 0
      vertex 7.252803966100757 -8.270237882268752 0
      vertex 7.252803966100757 -8.270237882268752 4
    endloop
  endfacet
  facet normal 0.634393284163645 -0.7730104533627373 0
    outer loop
      vertex 6.696375719095927 -8.726886743203586 0
      vertex 7.252803966100757 -8.270237882268752 4
      vertex 6.696375719095927 -8.726886743203586 4
    endloop
  endfacet
  facet normal 0.6835923020228704 -0.7298640726978364 0
    outer loop
      vertex 7.252803966100757 -8.270237882268752 0
      vertex 7.778174593052023 -7.778174593052023 4
      vertex 7.252803966100757 -8.270237882268752 4
    endloop
  endfacet
  facet normal 0 0 -1
    outer loop
      vertex 4.2095177560159875 -10.162674857624154 0
      vertex 10.518105590485213 -3.2 0
      vertex 4.865175592409014 -9.865600156859571 0
    endloop
  endfacet
  facet normal 0 0 -1
    outer loop
      vertex 4.865175592409014 -9.865600156859571 0
      vertex 10.518105590485213 -3.2 0
      vertex 5.5 -9.526279441628825 0
    endloop
  endfacet
  facet normal 0 0 1
    outer loop
      vertex 6.696375719095927 -8.726886743203586 4
      vertex 7.252803966100757 -8.270237882268752 4
      vertex 6.62851090646574 -2.250076257122131 4
    endloop
  endfacet
  facet normal 0.6835923020228704 -0.7298640726978364 -3.895461232236935e-18
    outer loop
      vertex 7.252803966100757 -8.270237882268752 0
      vertex 7.778174593052023 -7.778174593052023 0
      vertex 7.778174593052023 -7.778174593052023 4
    endloop
  endfacet
  facet normal 0 0 -1
    outer loop
      vertex 5.5 -9.526279441628825 0
      vertex 10.518105590485213 -3.2 0
      vertex 6.111272563215624 -9.146165735327997 0
    endloop
  endfacet
  facet normal 0.7298640726978364 -0.6835923020228704 0
    outer loop
      vertex 7.778174593052023 -7.778174593052023 0
      vertex 8.270237882268752 -7.252803966100757 0
      vertex 7.778174593052023 -7.778174593052023 4
    endloop
  endfacet
  facet normal 0 0 -1
    outer loop
      vertex 6.111272563215624 -9.146165735327997 0
      vertex 10.518105590485213 -3.2 0
      vertex 6.696375719095927 -8.726886743203586 0
    endloop
  endfacet
  facet normal 0.7298640726978364 -0.6835923020228704 -3.895461232236935e-18
    outer loop
      vertex 7.778174593052023 -7.778174593052023 4
      vertex 8.270237882268752 -7.252803966100757 0
      vertex 8.270237882268752 -7.252803966100757 4
    endloop
  endfacet
  facet normal 0 0 1
    outer loop
      vertex 6.467156727579007 -2.6787840265556286 4
      vertex 6.696375719095927 -8.726886743203586 4
      vertex 6.62851090646574 -2.250076257122131 4
    endloop
  endfacet
  facet normal 0 0 1
    outer loop
      vertex 7.252803966100757 -8.270237882268752 4
      vertex 6.761480784023478 -1.8117333157176452 4
      vertex 6.62851090646574 -2.250076257122131 4
    endloop
  endfacet
  facet normal 0.7730104533627373 -0.634393284163645 0
    outer loop
      vertex 8.270237882268752 -7.252803966100757 0
      vertex 8.726886743203586 -6.696375719095927 0
      vertex 8.270237882268752 -7.252803966100757 4
    endloop
  endfacet
  facet normal 0 0 -1
    outer loop
      vertex 6.696375719095927 -8.726886743203586 0
      vertex 10.518105590485213 -3.2 0
      vertex 7.252803966100757 -8.270237882268752 0
    endloop
  endfacet
  facet normal 0 0 -1
    outer loop
      vertex 7.252803966100757 -8.270237882268752 0
      vertex 10.518105590485213 -3.2 0
      vertex 7.778174593052023 -7.778174593052023 0
    endloop
  endfacet
  facet normal 0.8128466845916152 -0.582477696867802 0
    outer loop
      vertex 8.726886743203586 -6.696375719095927 0
      vertex 9.146165735327997 -6.111272563215624 0
      vertex 8.726886743203586 -6.696375719095927 4
    endloop
  endfacet
  facet normal 0 0 -1
    outer loop
      vertex 7.778174593052023 -7.778174593052023 0
      vertex 10.518105590485213 -3.2 0
      vertex 8.270237882268752 -7.252803966100757 0
    endloop
  endfacet
  facet normal 0.7730104533627373 -0.634393284163645 3.704452985200911e-18
    outer loop
      vertex 8.270237882268752 -7.252803966100757 4
      vertex 8.726886743203586 -6.696375719095927 0
      vertex 8.726886743203586 -6.696375719095927 4
    endloop
  endfacet
  facet normal 0.8128466845916152 -0.582477696867802 -2.2714924584906407e-18
    outer loop
      vertex 8.726886743203586 -6.696375719095927 4
      vertex 9.146165735327997 -6.111272563215624 0
      vertex 9.146165735327997 -6.111272563215624 4
    endloop
  endfacet
  facet normal 0 0 -1
    outer loop
      vertex 8.270237882268752 -7.252803966100757 0
      vertex 10.518105590485213 -3.2 0
      vertex 8.726886743203586 -6.696375719095927 0
    endloop
  endfacet
  facet normal 0.8492021815265788 -0.5280678506503681 0
    outer loop
      vertex 9.146165735327997 -6.111272563215624 0
      vertex 9.526279441628825 -5.5 0
      vertex 9.146165735327997 -6.111272563215624 4
    endloop
  endfacet
  facet normal 0 0 -1
    outer loop
      vertex 8.726886743203586 -6.696375719095927 0
      vertex 10.518105590485213 -3.2 0
      vertex 9.146165735327997 -6.111272563215624 0
    endloop
  endfacet
  facet normal 0.8819212643483547 -0.47139673682599786 0
    outer loop
      vertex 9.526279441628825 -5.5 0
      vertex 9.865600156859571 -4.865175592409014 0
      vertex 9.526279441628825 -5.5 4
    endloop
  endfacet
  facet normal 0.8492021815265788 -0.5280678506503681 -3.626998964140206e-18
    outer loop
      vertex 9.146165735327997 -6.111272563215624 4
      vertex 9.526279441628825 -5.5 0
      vertex 9.526279441628825 -5.5 4
    endloop
  endfacet
  facet normal 0 0 -1
    outer loop
      vertex 9.146165735327997 -6.111272563215624 0
      vertex 10.518105590485213 -3.2 0
      vertex 9.526279441628825 -5.5 0
    endloop
  endfacet
  facet normal 0 0 1
    outer loop
      vertex 7.252803966100757 -8.270237882268752 4
      vertex 6.865496962822613 -1.3656322541128978 4
      vertex 6.761480784023478 -1.8117333157176452 4
    endloop
  endfacet
  facet normal 0 0 1
    outer loop
      vertex 7.252803966100757 -8.270237882268752 4
      vertex 6.940114029616673 -0.913683345540361 4
      vertex 6.865496962822613 -1.3656322541128978 4
    endloop
  endfacet
  facet normal 0 0 1
    outer loop
      vertex 7.252803966100757 -8.270237882268752 4
      vertex 6.985012462670224 -0.4578219046110014 4
      vertex 6.940114029616673 -0.913683345540361 4
    endloop
  endfacet
  facet normal 0 0 1
    outer loop
      vertex 7.252803966100757 -8.270237882268752 4
      vertex 7 0 4
      vertex 6.985012462670224 -0.4578219046110014 4
    endloop
  endfacet
  facet normal 0 0 1
    outer loop
      vertex 7.252803966100757 -8.270237882268752 4
      vertex 7.778174593052023 -7.778174593052023 4
      vertex 7.252803966100757 8.270237882268752 4
    endloop
  endfacet
  facet normal 0 0 1
    outer loop
      vertex 7.778174593052023 -7.778174593052023 4
      vertex 8.270237882268752 -7.252803966100757 4
      vertex 7.778174593052023 7.778174593052023 4
    endloop
  endfacet
  facet normal 0 0 1
    outer loop
      vertex 8.270237882268752 -7.252803966100757 4
      vertex 8.726886743203586 -6.696375719095927 4
      vertex 8.270237882268752 7.252803966100757 4
    endloop
  endfacet
  facet normal 0 0 1
    outer loop
      vertex 8.726886743203586 -6.696375719095927 4
      vertex 9.146165735327997 -6.111272563215624 4
      vertex 8.726886743203586 6.696375719095927 4
    endloop
  endfacet
  facet normal 0 0 1
    outer loop
      vertex 9.146165735327997 -6.111272563215624 4
      vertex 9.526279441628825 -5.5 4
      vertex 9.146165735327997 6.111272563215624 4
    endloop
  endfacet
  facet normal 0 0 1
    outer loop
      vertex 9.526279441628825 -5.5 4
      vertex 9.865600156859571 -4.865175592409014 4
      vertex 9.526279441628825 5.5 4
    endloop
  endfacet
  facet normal 0.8819212643483547 -0.47139673682599786 -4.390750912874505e-18
    outer loop
      vertex 9.526279441628825 -5.5 4
      vertex 9.865600156859571 -4.865175592409014 0
      vertex 9.865600156859571 -4.865175592409014 4
    endloop
  endfacet
  facet normal 0 0 -1
    outer loop
      vertex 9.526279441628825 -5.5 0
      vertex 10.518105590485213 -3.2 0
      vertex 9.865600156859571 -4.865175592409014 0
    endloop
  endfacet
  facet normal 0.910863824921176 -0.4127070298043944 0
    outer loop
      vertex 9.865600156859571 -4.865175592409014 0
      vertex 10.162674857624154 -4.2095177560159875 0
      vertex 9.865600156859571 -4.865175592409014 4
    endloop
  endfacet
  facet normal 0 0 -1
    outer loop
      vertex 9.865600156859571 -4.865175592409014 0
      vertex 10.518105590485213 -3.2 0
      vertex 10.162674857624154 -4.2095177560159875 0
    endloop
  endfacet
  facet normal 0.910863824921176 -0.4127070298043944 0
    outer loop
      vertex 10.162674857624154 -4.2095177560159875 0
      vertex 10.162674857624154 -4.2095177560159875 4
      vertex 9.865600156859571 -4.865175592409014 4
    endloop
  endfacet
  facet normal 0 0 -1
    outer loop
      vertex 10.162674857624154 -4.2095177560159875 0
      vertex 10.518105590485213 -3.2 0
      vertex 10.416231424446163 -3.5358341183347775 0
    endloop
  endfacet
  facet normal 0.9359059267573251 -0.3522500479212353 0
    outer loop
      vertex 10.162674857624154 -4.2095177560159875 0
      vertex 10.416231424446163 -3.5358341183347775 0
      vertex 10.162674857624154 -4.2095177560159875 4
    endloop
  endfacet
  facet normal 0.9569403357322095 -0.2902846772544602 -1.7189822958572029e-19
    outer loop
      vertex 10.416231424446163 -3.5358341183347775 0
      vertex 10.518105590485213 -3.2 0
      vertex 10.518105590485213 -3.2 2
    endloop
  endfacet
  facet normal 0.9569403357322095 -0.2902846772544602 0
    outer loop
      vertex 10.416231424446163 -3.5358341183347775 0
      vertex 10.518105590485213 -3.2 2
      vertex 10.416231424446163 -3.5358341183347775 4
    endloop
  endfacet
  facet normal 0.9359059267573251 -0.3522500479212353 -4.3823973898028226e-18
    outer loop
      vertex 10.162674857624154 -4.2095177560159875 4
      vertex 10.416231424446163 -3.5358341183347775 0
      vertex 10.416231424446163 -3.5358341183347775 4
    endloop
  endfacet
  facet normal 0.9569403357322096 -0.2902846772544604 -2.936747866722395e-17
    outer loop
      vertex 10.416231424446163 -3.5358341183347775 4
      vertex 10.518105590485213 -3.2 2
      vertex 10.62518408917975 -2.847009496127728 2
    endloop
  endfacet
  facet normal 0.9569403357322095 -0.2902846772544603 9.615269945883779e-18
    outer loop
      vertex 10.416231424446163 -3.5358341183347775 4
      vertex 10.62518408917975 -2.847009496127728 2
      vertex 10.62518408917975 -2.847009496127728 4
    endloop
  endfacet
  facet normal 0.9738769792773335 -0.22707626303437362 0
    outer loop
      vertex 10.62518408917975 -2.847009496127728 4
      vertex 10.62518408917975 -2.847009496127728 2
      vertex 10.788638084435535 -2.145993542177411 2
    endloop
  endfacet
  facet normal 0.9738769792773335 -0.22707626303437362 1.1445784101488166e-18
    outer loop
      vertex 10.62518408917975 -2.847009496127728 4
      vertex 10.788638084435535 -2.145993542177411 2
      vertex 10.788638084435535 -2.145993542177411 4
    endloop
  endfacet
  facet normal 0 0 1
    outer loop
      vertex 9.865600156859571 -4.865175592409014 4
      vertex 10.162674857624154 -4.2095177560159875 4
      vertex 9.865600156859571 4.865175592409014 4
    endloop
  endfacet
  facet normal 0 0 1
    outer loop
      vertex 10.162674857624154 -4.2095177560159875 4
      vertex 10.416231424446163 -3.5358341183347775 4
      vertex 10.162674857624154 4.2095177560159875 4
    endloop
  endfacet
  facet normal 0 0 1
    outer loop
      vertex 10.416231424446163 -3.5358341183347775 4
      vertex 10.62518408917975 -2.847009496127728 4
      vertex 10.416231424446163 3.5358341183347775 4
    endloop
  endfacet
  facet normal 0.9866433320848789 -0.16289547339458962 0
    outer loop
      vertex 10.788638084435535 -2.145993542177411 4
      vertex 10.788638084435535 -2.145993542177411 2
      vertex 10.905893475111915 -1.4357881144205673 2
    endloop
  endfacet
  facet normal 0.9866433320848789 -0.16289547339458962 -1.3914534155659808e-18
    outer loop
      vertex 10.788638084435535 -2.145993542177411 4
      vertex 10.905893475111915 -1.4357881144205673 2
      vertex 10.905893475111915 -1.4357881144205673 4
    endloop
  endfacet
  facet normal 0.9951847266721972 -0.09801714032955929 0
    outer loop
      vertex 10.905893475111915 -1.4357881144205673 4
      vertex 10.905893475111915 -1.4357881144205673 2
      vertex 10.976448155624638 -0.7194344215315737 2
    endloop
  endfacet
  facet normal 0.9951847266721972 -0.09801714032955929 1.797406817433037e-19
    outer loop
      vertex 10.905893475111915 -1.4357881144205673 4
      vertex 10.976448155624638 -0.7194344215315737 2
      vertex 10.976448155624638 -0.7194344215315737 4
    endloop
  endfacet
  facet normal 0 0 1
    outer loop
      vertex 10.62518408917975 -2.847009496127728 4
      vertex 10.788638084435535 -2.145993542177411 4
      vertex 10.62518408917975 2.847009496127728 4
    endloop
  endfacet
  facet normal 0 0 1
    outer loop
      vertex 10.788638084435535 -2.145993542177411 4
      vertex 10.905893475111915 -1.4357881144205673 4
      vertex 10.788638084435535 2.145993542177411 4
    endloop
  endfacet
  facet normal 0 0 1
    outer loop
      vertex 10.905893475111915 -1.4357881144205673 4
      vertex 10.976448155624638 -0.7194344215315737 4
      vertex 10.905893475111915 1.4357881144205673 4
    endloop
  endfacet
  facet normal 0.9994645874763657 -0.03271908282177688 0
    outer loop
      vertex 10.976448155624638 -0.7194344215315737 4
      vertex 10.976448155624638 -0.7194344215315737 2
      vertex 11 0 2
    endloop
  endfacet
  facet normal 0.9994645874763657 -0.03271908282177688 8.225150910328994e-19
    outer loop
      vertex 10.976448155624638 -0.7194344215315737 4
      vertex 11 0 2
      vertex 11 0 4
    endloop
  endfacet
  facet normal 0 0 -1
    outer loop
      vertex 2.145993542177411 3.44911286764266 0
      vertex 3.9815833817697466 3.2 0
      vertex 2.116990916346253 3.2 0
    endloop
  endfacet
  facet normal 0 0 -1
    outer loop
      vertex 1.4357881144205673 10.905893475111915 0
      vertex 1.680697022832205 3.4081164178242154 0
      vertex 1.4541970429873412 3.5107422235428896 0
    endloop
  endfacet
  facet normal 0 0 -1
    outer loop
      vertex 0.7194344215315737 10.976448155624638 0
      vertex 0.24853189107454363 3.791863908306693 0
      vertex 0 3.8 0
    endloop
  endfacet
  facet normal 0 0 -1
    outer loop
      vertex 0.7194344215315737 10.976448155624638 0
      vertex 0.49599953043619593 3.7674904732204793 0
      vertex 0.24853189107454363 3.791863908306693 0
    endloop
  endfacet
  facet normal 0 0 -1
    outer loop
      vertex 1.4357881144205673 10.905893475111915 0
      vertex 0.7413432236612874 3.7269840655322755 0
      vertex 0.49599953043619593 3.7674904732204793 0
    endloop
  endfacet
  facet normal 0 0 -1
    outer loop
      vertex 1.4357881144205673 10.905893475111915 0
      vertex 0.9835123713895788 3.6705181398984594 0
      vertex 0.7413432236612874 3.7269840655322755 0
    endloop
  endfacet
  facet normal 0 0 -1
    outer loop
      vertex 1.4357881144205673 10.905893475111915 0
      vertex 1.221469968152014 3.5983344920814013 0
      vertex 0.9835123713895788 3.6705181398984594 0
    endloop
  endfacet
  facet normal 0 0 -1
    outer loop
      vertex 1.4357881144205673 10.905893475111915 0
      vertex 1.4541970429873412 3.5107422235428896 0
      vertex 1.221469968152014 3.5983344920814013 0
    endloop
  endfacet
  facet normal 0 0 -1
    outer loop
      vertex 2.0121676410358966 6.700679696157112 0
      vertex 1.9 3.2908965343808667 0
      vertex 1.680697022832205 3.4081164178242154 0
    endloop
  endfacet
  facet normal 0 0 -1
    outer loop
      vertex 2.0121676410358966 6.700679696157112 0
      vertex 1.9005320668276122 3.2905656739660305 0
      vertex 1.9 3.2908965343808667 0
    endloop
  endfacet
  facet normal 0 0 -1
    outer loop
      vertex 2.145993542177411 3.44911286764266 0
      vertex 2.145993542177411 10.788638084435535 0
      vertex 3.9815833817697466 3.2 0
    endloop
  endfacet
  facet normal 0 0 -1
    outer loop
      vertex 2.145993542177411 3.44911286764266 0
      vertex 2.0121676410358966 6.700679696157112 0
      vertex 2.145993542177411 10.788638084435535 0
    endloop
  endfacet
  facet normal 0 0 -1
    outer loop
      vertex 2.0121676410358966 6.700679696157112 0
      vertex 1.680697022832205 3.4081164178242154 0
      vertex 1.4357881144205673 10.905893475111915 0
    endloop
  endfacet
  facet normal 0 0 1
    outer loop
      vertex 2.250076257122131 6.62851090646574 4
      vertex 2.6787840265556286 6.467156727579007 4
      vertex 2.145993542177411 10.788638084435535 4
    endloop
  endfacet
  facet normal 0 0 1
    outer loop
      vertex 2.6787840265556286 6.467156727579007 4
      vertex 3.096020831533009 6.278109190728818 4
      vertex 2.847009496127728 10.62518408917975 4
    endloop
  endfacet
  facet normal 0 0 -1
    outer loop
      vertex 4.2095177560159875 3.97077296218927 0
      vertex 4.646966436905253 3.2 0
      vertex 4.140875910753829 3.2 0
    endloop
  endfacet
  facet normal 0 0 -1
    outer loop
      vertex 5.336306132437159 4.5259490623427014 0
      vertex 5.292899054555799 3.2 0
      vertex 4.8195420927751735 3.2 0
    endloop
  endfacet
  facet normal 0 0 -1
    outer loop
      vertex 4.2095177560159875 3.97077296218927 0
      vertex 4.711550634473738 5.17284314880969 0
      vertex 4.646966436905253 3.2 0
    endloop
  endfacet
  facet normal 0 0 -1
    outer loop
      vertex 4.063274257912761 5.6953981219339305 0
      vertex 3.9815833817697466 3.2 0
      vertex 3.5358341183347775 10.416231424446163 0
    endloop
  endfacet
  facet normal 0 0 1
    outer loop
      vertex 3.8889916311372152 5.820287286117817 4
      vertex 3.5358341183347775 10.416231424446163 4
      vertex 3.5 6.06217782649107 4
    endloop
  endfacet
  facet normal 0 0 1
    outer loop
      vertex 3.096020831533009 6.278109190728818 4
      vertex 3.5 6.06217782649107 4
      vertex 3.5358341183347775 10.416231424446163 4
    endloop
  endfacet
  facet normal 0 0 -1
    outer loop
      vertex 4.2095177560159875 3.97077296218927 0
      vertex 4.2095177560159875 10.162674857624154 0
      vertex 4.711550634473738 5.17284314880969 0
    endloop
  endfacet
  facet normal 0 0 -1
    outer loop
      vertex 4.2095177560159875 3.97077296218927 0
      vertex 4.063274257912761 5.6953981219339305 0
      vertex 4.2095177560159875 10.162674857624154 0
    endloop
  endfacet
  facet normal 0 0 -1
    outer loop
      vertex 4.711550634473738 5.17284314880969 0
      vertex 4.865175592409014 9.865600156859571 0
      vertex 4.8195420927751735 3.2 0
    endloop
  endfacet
  facet normal 0 0 1
    outer loop
      vertex 4.261330003061045 5.553473382038646 4
      vertex 4.6154207057004815 5.262878652352843 4
      vertex 4.2095177560159875 10.162674857624154 4
    endloop
  endfacet
  facet normal 0 0 1
    outer loop
      vertex 4.6154207057004815 5.262878652352843 4
      vertex 4.949747468305833 4.949747468305833 4
      vertex 4.865175592409014 9.865600156859571 4
    endloop
  endfacet
  facet normal 0 0 1
    outer loop
      vertex 3.8889916311372152 5.820287286117817 4
      vertex 4.261330003061045 5.553473382038646 4
      vertex 4.2095177560159875 10.162674857624154 4
    endloop
  endfacet
  facet normal 0 0 -1
    outer loop
      vertex 5.336306132437159 4.5259490623427014 0
      vertex 4.8195420927751735 3.2 0
      vertex 4.865175592409014 9.865600156859571 0
    endloop
  endfacet
  facet normal 0 0 -1
    outer loop
      vertex 5.336306132437159 4.5259490623427014 0
      vertex 5.5 9.526279441628825 0
      vertex 5.450659478738154 3.2 0
    endloop
  endfacet
  facet normal 0 0 1
    outer loop
      vertex 5.820287286117817 3.8889916311372152 4
      vertex 5.5 9.526279441628825 4
      vertex 5.553473382038646 4.261330003061045 4
    endloop
  endfacet
  facet normal 0 0 1
    outer loop
      vertex 6.467156727579007 2.6787840265556286 4
      vertex 6.111272563215624 9.146165735327997 4
      vertex 6.278109190728818 3.096020831533009 4
    endloop
  endfacet
  facet normal 0 0 1
    outer loop
      vertex 5.820287286117817 3.8889916311372152 4
      vertex 6.06217782649107 3.5 4
      vertex 6.111272563215624 9.146165735327997 4
    endloop
  endfacet
  facet normal 0 0 1
    outer loop
      vertex 6.06217782649107 3.5 4
      vertex 6.278109190728818 3.096020831533009 4
      vertex 6.111272563215624 9.146165735327997 4
    endloop
  endfacet
  facet normal 0 0 1
    outer loop
      vertex 4.949747468305833 4.949747468305833 4
      vertex 5.262878652352843 4.6154207057004815 4
      vertex 4.865175592409014 9.865600156859571 4
    endloop
  endfacet
  facet normal 0 0 1
    outer loop
      vertex 5.262878652352843 4.6154207057004815 4
      vertex 5.553473382038646 4.261330003061045 4
      vertex 5.5 9.526279441628825 4
    endloop
  endfacet
  facet normal 0 0 -1
    outer loop
      vertex 5.336306132437159 4.5259490623427014 0
      vertex 4.865175592409014 9.865600156859571 0
      vertex 5.5 9.526279441628825 0
    endloop
  endfacet
  facet normal 0 0 -1
    outer loop
      vertex 5.5 9.526279441628825 0
      vertex 6.111272563215624 9.146165735327997 0
      vertex 5.450659478738154 3.2 0
    endloop
  endfacet
  facet normal 0 0 -1
    outer loop
      vertex 6.696375719095927 8.726886743203586 0
      vertex 7.252803966100757 8.270237882268752 0
      vertex 5.450659478738154 3.2 0
    endloop
  endfacet
  facet normal 0 0 1
    outer loop
      vertex 6.467156727579007 2.6787840265556286 4
      vertex 6.696375719095927 8.726886743203586 4
      vertex 6.111272563215624 9.146165735327997 4
    endloop
  endfacet
  facet normal 0 0 -1
    outer loop
      vertex 6.111272563215624 9.146165735327997 0
      vertex 6.696375719095927 8.726886743203586 0
      vertex 5.450659478738154 3.2 0
    endloop
  endfacet
  facet normal 0 0 1
    outer loop
      vertex 5.820287286117817 3.8889916311372152 4
      vertex 6.111272563215624 9.146165735327997 4
      vertex 5.5 9.526279441628825 4
    endloop
  endfacet
  facet normal 0 0 -1
    outer loop
      vertex 0.7194344215315737 10.976448155624638 0
      vertex 0 3.8 0
      vertex 0 11 0
    endloop
  endfacet
  facet normal 0 0 1
    outer loop
      vertex 0.4578219046110014 6.985012462670224 4
      vertex 0 11 4
      vertex 0 7 4
    endloop
  endfacet
  facet normal 0 0 1
    outer loop
      vertex 0.4578219046110014 6.985012462670224 4
      vertex 0.913683345540361 6.940114029616673 4
      vertex 0.7194344215315737 10.976448155624638 4
    endloop
  endfacet
  facet normal 0 0 1
    outer loop
      vertex 0.4578219046110014 6.985012462670224 4
      vertex 0.7194344215315737 10.976448155624638 4
      vertex 0 11 4
    endloop
  endfacet
  facet normal 0 0 -1
    outer loop
      vertex 0.7194344215315737 10.976448155624638 0
      vertex 1.4357881144205673 10.905893475111915 0
      vertex 0.49599953043619593 3.7674904732204793 0
    endloop
  endfacet
  facet normal 0 0 1
    outer loop
      vertex 0.913683345540361 6.940114029616673 4
      vertex 1.3656322541128978 6.865496962822613 4
      vertex 1.4357881144205673 10.905893475111915 4
    endloop
  endfacet
  facet normal 0 0 1
    outer loop
      vertex 1.3656322541128978 6.865496962822613 4
      vertex 1.8117333157176452 6.761480784023478 4
      vertex 1.4357881144205673 10.905893475111915 4
    endloop
  endfacet
  facet normal 0 0 1
    outer loop
      vertex 0.913683345540361 6.940114029616673 4
      vertex 1.4357881144205673 10.905893475111915 4
      vertex 0.7194344215315737 10.976448155624638 4
    endloop
  endfacet
  facet normal 0.03271908282177688 0.9994645874763657 -4.112575455164497e-19
    outer loop
      vertex 0.7194344215315737 10.976448155624638 0
      vertex 0 11 0
      vertex 0 11 4
    endloop
  endfacet
  facet normal 0.03271908282177688 0.9994645874763657 0
    outer loop
      vertex 0.7194344215315737 10.976448155624638 0
      vertex 0 11 4
      vertex 0.7194344215315737 10.976448155624638 4
    endloop
  endfacet
  facet normal 0.09801714032955929 0.9951847266721972 0
    outer loop
      vertex 0.7194344215315737 10.976448155624638 0
      vertex 0.7194344215315737 10.976448155624638 4
      vertex 1.4357881144205673 10.905893475111915 0
    endloop
  endfacet
  facet normal 0.09801714032955929 0.9951847266721972 -8.987034087165185e-20
    outer loop
      vertex 0.7194344215315737 10.976448155624638 4
      vertex 1.4357881144205673 10.905893475111915 4
      vertex 1.4357881144205673 10.905893475111915 0
    endloop
  endfacet
  facet normal 0 0 1
    outer loop
      vertex 1.8117333157176452 6.761480784023478 4
      vertex 2.250076257122131 6.62851090646574 4
      vertex 2.145993542177411 10.788638084435535 4
    endloop
  endfacet
  facet normal 0 0 -1
    outer loop
      vertex 2.0121676410358966 6.700679696157112 0
      vertex 1.4357881144205673 10.905893475111915 0
      vertex 2.145993542177411 10.788638084435535 0
    endloop
  endfacet
  facet normal 0 0 1
    outer loop
      vertex 1.8117333157176452 6.761480784023478 4
      vertex 2.145993542177411 10.788638084435535 4
      vertex 1.4357881144205673 10.905893475111915 4
    endloop
  endfacet
  facet normal 0 0 -1
    outer loop
      vertex 2.145993542177411 10.788638084435535 0
      vertex 2.847009496127728 10.62518408917975 0
      vertex 3.9815833817697466 3.2 0
    endloop
  endfacet
  facet normal 0 0 1
    outer loop
      vertex 2.6787840265556286 6.467156727579007 4
      vertex 2.847009496127728 10.62518408917975 4
      vertex 2.145993542177411 10.788638084435535 4
    endloop
  endfacet
  facet normal 0 0 1
    outer loop
      vertex 3.096020831533009 6.278109190728818 4
      vertex 3.5358341183347775 10.416231424446163 4
      vertex 2.847009496127728 10.62518408917975 4
    endloop
  endfacet
  facet normal 0.16289547339458962 0.9866433320848789 0
    outer loop
      vertex 1.4357881144205673 10.905893475111915 0
      vertex 1.4357881144205673 10.905893475111915 4
      vertex 2.145993542177411 10.788638084435535 0
    endloop
  endfacet
  facet normal 0.22707626303437362 0.9738769792773335 0
    outer loop
      vertex 2.145993542177411 10.788638084435535 0
      vertex 2.145993542177411 10.788638084435535 4
      vertex 2.847009496127728 10.62518408917975 0
    endloop
  endfacet
  facet normal 0.16289547339458962 0.9866433320848789 6.957267077829904e-19
    outer loop
      vertex 1.4357881144205673 10.905893475111915 4
      vertex 2.145993542177411 10.788638084435535 4
      vertex 2.145993542177411 10.788638084435535 0
    endloop
  endfacet
  facet normal 0.2902846772544603 0.9569403357322095 0
    outer loop
      vertex 2.847009496127728 10.62518408917975 0
      vertex 2.847009496127728 10.62518408917975 4
      vertex 3.5358341183347775 10.416231424446163 0
    endloop
  endfacet
  facet normal 0.22707626303437362 0.9738769792773335 -5.722892050744083e-19
    outer loop
      vertex 2.145993542177411 10.788638084435535 4
      vertex 2.847009496127728 10.62518408917975 4
      vertex 2.847009496127728 10.62518408917975 0
    endloop
  endfacet
  facet normal 0 0 -1
    outer loop
      vertex 2.847009496127728 10.62518408917975 0
      vertex 3.5358341183347775 10.416231424446163 0
      vertex 3.9815833817697466 3.2 0
    endloop
  endfacet
  facet normal 0 0 -1
    outer loop
      vertex 4.063274257912761 5.6953981219339305 0
      vertex 3.5358341183347775 10.416231424446163 0
      vertex 4.2095177560159875 10.162674857624154 0
    endloop
  endfacet
  facet normal 0 0 1
    outer loop
      vertex 3.8889916311372152 5.820287286117817 4
      vertex 4.2095177560159875 10.162674857624154 4
      vertex 3.5358341183347775 10.416231424446163 4
    endloop
  endfacet
  facet normal 0 0 -1
    outer loop
      vertex 4.711550634473738 5.17284314880969 0
      vertex 4.2095177560159875 10.162674857624154 0
      vertex 4.865175592409014 9.865600156859571 0
    endloop
  endfacet
  facet normal 0 0 1
    outer loop
      vertex 4.6154207057004815 5.262878652352843 4
      vertex 4.865175592409014 9.865600156859571 4
      vertex 4.2095177560159875 10.162674857624154 4
    endloop
  endfacet
  facet normal 0.4127070298043944 0.910863824921176 0
    outer loop
      vertex 4.865175592409014 9.865600156859571 0
      vertex 4.2095177560159875 10.162674857624154 4
      vertex 4.865175592409014 9.865600156859571 4
    endloop
  endfacet
  facet normal 0.3522500479212353 0.9359059267573251 0
    outer loop
      vertex 3.5358341183347775 10.416231424446163 0
      vertex 3.5358341183347775 10.416231424446163 4
      vertex 4.2095177560159875 10.162674857624154 0
    endloop
  endfacet
  facet normal 0.2902846772544603 0.9569403357322095 -4.8076349729418895e-18
    outer loop
      vertex 2.847009496127728 10.62518408917975 4
      vertex 3.5358341183347775 10.416231424446163 4
      vertex 3.5358341183347775 10.416231424446163 0
    endloop
  endfacet
  facet normal 0.3522500479212353 0.9359059267573251 4.3823973898028226e-18
    outer loop
      vertex 3.5358341183347775 10.416231424446163 4
      vertex 4.2095177560159875 10.162674857624154 4
      vertex 4.2095177560159875 10.162674857624154 0
    endloop
  endfacet
  facet normal 0.4127070298043944 0.910863824921176 -3.4686272262191505e-18
    outer loop
      vertex 4.865175592409014 9.865600156859571 0
      vertex 4.2095177560159875 10.162674857624154 0
      vertex 4.2095177560159875 10.162674857624154 4
    endloop
  endfacet
  facet normal 0 0 1
    outer loop
      vertex 5.262878652352843 4.6154207057004815 4
      vertex 5.5 9.526279441628825 4
      vertex 4.865175592409014 9.865600156859571 4
    endloop
  endfacet
  facet normal 0.47139673682599786 0.8819212643483547 0
    outer loop
      vertex 4.865175592409014 9.865600156859571 0
      vertex 4.865175592409014 9.865600156859571 4
      vertex 5.5 9.526279441628825 0
    endloop
  endfacet
  facet normal 0.47139673682599786 0.8819212643483547 4.390750912874505e-18
    outer loop
      vertex 4.865175592409014 9.865600156859571 4
      vertex 5.5 9.526279441628825 4
      vertex 5.5 9.526279441628825 0
    endloop
  endfacet
  facet normal 0.5280678506503681 0.8492021815265788 0
    outer loop
      vertex 5.5 9.526279441628825 0
      vertex 5.5 9.526279441628825 4
      vertex 6.111272563215624 9.146165735327997 0
    endloop
  endfacet
  facet normal 0.582477696867802 0.8128466845916152 0
    outer loop
      vertex 6.111272563215624 9.146165735327997 0
      vertex 6.111272563215624 9.146165735327997 4
      vertex 6.696375719095927 8.726886743203586 0
    endloop
  endfacet
  facet normal 0.5280678506503681 0.8492021815265788 3.626998964140206e-18
    outer loop
      vertex 5.5 9.526279441628825 4
      vertex 6.111272563215624 9.146165735327997 4
      vertex 6.111272563215624 9.146165735327997 0
    endloop
  endfacet
  facet normal 0 0 1
    outer loop
      vertex 7.252803966100757 -8.270237882268752 4
      vertex 7.252803966100757 8.270237882268752 4
      vertex 7 0 4
    endloop
  endfacet
  facet normal 0 0 1
    outer loop
      vertex 7 0 4
      vertex 7.252803966100757 8.270237882268752 4
      vertex 6.985012462670224 0.4578219046110014 4
    endloop
  endfacet
  facet normal 0 0 1
    outer loop
      vertex 6.985012462670224 0.4578219046110014 4
      vertex 6.696375719095927 8.726886743203586 4
      vertex 6.940114029616673 0.913683345540361 4
    endloop
  endfacet
  facet normal 0 0 1
    outer loop
      vertex 6.940114029616673 0.913683345540361 4
      vertex 6.696375719095927 8.726886743203586 4
      vertex 6.865496962822613 1.3656322541128978 4
    endloop
  endfacet
  facet normal 0 0 1
    outer loop
      vertex 6.865496962822613 1.3656322541128978 4
      vertex 6.696375719095927 8.726886743203586 4
      vertex 6.761480784023478 1.8117333157176452 4
    endloop
  endfacet
  facet normal 0 0 1
    outer loop
      vertex 7.778174593052023 -7.778174593052023 4
      vertex 7.778174593052023 7.778174593052023 4
      vertex 7.252803966100757 8.270237882268752 4
    endloop
  endfacet
  facet normal 0 0 1
    outer loop
      vertex 8.270237882268752 -7.252803966100757 4
      vertex 8.270237882268752 7.252803966100757 4
      vertex 7.778174593052023 7.778174593052023 4
    endloop
  endfacet
  facet normal 0 0 1
    outer loop
      vertex 8.726886743203586 -6.696375719095927 4
      vertex 8.726886743203586 6.696375719095927 4
      vertex 8.270237882268752 7.252803966100757 4
    endloop
  endfacet
  facet normal 0 0 -1
    outer loop
      vertex 10.416231424446163 3.5358341183347775 0
      vertex 10.518105590485213 3.2 0
      vertex 5.450659478738154 3.2 0
    endloop
  endfacet
  facet normal 0 0 -1
    outer loop
      vertex 10.416231424446163 3.5358341183347775 0
      vertex 5.450659478738154 3.2 0
      vertex 10.162674857624154 4.2095177560159875 0
    endloop
  endfacet
  facet normal 0 0 1
    outer loop
      vertex 9.146165735327997 -6.111272563215624 4
      vertex 9.146165735327997 6.111272563215624 4
      vertex 8.726886743203586 6.696375719095927 4
    endloop
  endfacet
  facet normal 0 0 1
    outer loop
      vertex 9.526279441628825 -5.5 4
      vertex 9.526279441628825 5.5 4
      vertex 9.146165735327997 6.111272563215624 4
    endloop
  endfacet
  facet normal 0 0 1
    outer loop
      vertex 6.761480784023478 1.8117333157176452 4
      vertex 6.696375719095927 8.726886743203586 4
      vertex 6.62851090646574 2.250076257122131 4
    endloop
  endfacet
  facet normal 0 0 1
    outer loop
      vertex 6.467156727579007 2.6787840265556286 4
      vertex 6.62851090646574 2.250076257122131 4
      vertex 6.696375719095927 8.726886743203586 4
    endloop
  endfacet
  facet normal 0 0 1
    outer loop
      vertex 6.985012462670224 0.4578219046110014 4
      vertex 7.252803966100757 8.270237882268752 4
      vertex 6.696375719095927 8.726886743203586 4
    endloop
  endfacet
  facet normal 0 0 -1
    outer loop
      vertex 9.526279441628825 5.5 0
      vertex 5.450659478738154 3.2 0
      vertex 9.146165735327997 6.111272563215624 0
    endloop
  endfacet
  facet normal 0 0 -1
    outer loop
      vertex 8.726886743203586 6.696375719095927 0
      vertex 5.450659478738154 3.2 0
      vertex 8.270237882268752 7.252803966100757 0
    endloop
  endfacet
  facet normal 0 0 -1
    outer loop
      vertex 8.726886743203586 6.696375719095927 0
      vertex 9.146165735327997 6.111272563215624 0
      vertex 5.450659478738154 3.2 0
    endloop
  endfacet
  facet normal 0 0 -1
    outer loop
      vertex 7.778174593052023 7.778174593052023 0
      vertex 5.450659478738154 3.2 0
      vertex 7.252803966100757 8.270237882268752 0
    endloop
  endfacet
  facet normal 0 0 -1
    outer loop
      vertex 7.778174593052023 7.778174593052023 0
      vertex 8.270237882268752 7.252803966100757 0
      vertex 5.450659478738154 3.2 0
    endloop
  endfacet
  facet normal 0.7298640726978364 0.6835923020228704 3.895461232236935e-18
    outer loop
      vertex 7.778174593052023 7.778174593052023 0
      vertex 8.270237882268752 7.252803966100757 4
      vertex 8.270237882268752 7.252803966100757 0
    endloop
  endfacet
  facet normal 0.6835923020228704 0.7298640726978364 0
    outer loop
      vertex 7.778174593052023 7.778174593052023 0
      vertex 7.252803966100757 8.270237882268752 4
      vertex 7.778174593052023 7.778174593052023 4
    endloop
  endfacet
  facet normal 0.7298640726978364 0.6835923020228704 0
    outer loop
      vertex 7.778174593052023 7.778174593052023 0
      vertex 7.778174593052023 7.778174593052023 4
      vertex 8.270237882268752 7.252803966100757 4
    endloop
  endfacet
  facet normal 0 0 -1
    outer loop
      vertex 9.865600156859571 4.865175592409014 0
      vertex 10.162674857624154 4.2095177560159875 0
      vertex 5.450659478738154 3.2 0
    endloop
  endfacet
  facet normal 0 0 -1
    outer loop
      vertex 9.526279441628825 5.5 0
      vertex 9.865600156859571 4.865175592409014 0
      vertex 5.450659478738154 3.2 0
    endloop
  endfacet
  facet normal 0.8492021815265788 0.5280678506503681 0
    outer loop
      vertex 9.526279441628825 5.5 0
      vertex 9.146165735327997 6.111272563215624 0
      vertex 9.526279441628825 5.5 4
    endloop
  endfacet
  facet normal 0.8492021815265788 0.5280678506503681 3.626998964140206e-18
    outer loop
      vertex 9.526279441628825 5.5 4
      vertex 9.146165735327997 6.111272563215624 0
      vertex 9.146165735327997 6.111272563215624 4
    endloop
  endfacet
  facet normal 0.8819212643483547 0.47139673682599786 0
    outer loop
      vertex 9.526279441628825 5.5 0
      vertex 9.526279441628825 5.5 4
      vertex 9.865600156859571 4.865175592409014 4
    endloop
  endfacet
  facet normal 0.7730104533627373 0.634393284163645 0
    outer loop
      vertex 8.726886743203586 6.696375719095927 0
      vertex 8.270237882268752 7.252803966100757 0
      vertex 8.726886743203586 6.696375719095927 4
    endloop
  endfacet
  facet normal 0.8128466845916152 0.582477696867802 0
    outer loop
      vertex 8.726886743203586 6.696375719095927 0
      vertex 8.726886743203586 6.696375719095927 4
      vertex 9.146165735327997 6.111272563215624 4
    endloop
  endfacet
  facet normal 0.7730104533627373 0.634393284163645 -3.704452985200911e-18
    outer loop
      vertex 8.726886743203586 6.696375719095927 4
      vertex 8.270237882268752 7.252803966100757 0
      vertex 8.270237882268752 7.252803966100757 4
    endloop
  endfacet
  facet normal 0.8128466845916152 0.582477696867802 2.2714924584906407e-18
    outer loop
      vertex 8.726886743203586 6.696375719095927 0
      vertex 9.146165735327997 6.111272563215624 4
      vertex 9.146165735327997 6.111272563215624 0
    endloop
  endfacet
  facet normal 0 0 1
    outer loop
      vertex 9.865600156859571 -4.865175592409014 4
      vertex 9.865600156859571 4.865175592409014 4
      vertex 9.526279441628825 5.5 4
    endloop
  endfacet
  facet normal 0 0 1
    outer loop
      vertex 10.162674857624154 -4.2095177560159875 4
      vertex 10.162674857624154 4.2095177560159875 4
      vertex 9.865600156859571 4.865175592409014 4
    endloop
  endfacet
  facet normal 0 0 1
    outer loop
      vertex 10.416231424446163 -3.5358341183347775 4
      vertex 10.416231424446163 3.5358341183347775 4
      vertex 10.162674857624154 4.2095177560159875 4
    endloop
  endfacet
  facet normal 0 0 1
    outer loop
      vertex 10.62518408917975 -2.847009496127728 4
      vertex 10.62518408917975 2.847009496127728 4
      vertex 10.416231424446163 3.5358341183347775 4
    endloop
  endfacet
  facet normal 0 0 1
    outer loop
      vertex 10.976448155624638 -0.7194344215315737 4
      vertex 10.976448155624638 0.7194344215315737 4
      vertex 10.905893475111915 1.4357881144205673 4
    endloop
  endfacet
  facet normal 0.9951847266721972 0.09801714032955929 0
    outer loop
      vertex 10.976448155624638 0.7194344215315737 4
      vertex 10.976448155624638 0.7194344215315737 2
      vertex 10.905893475111915 1.4357881144205673 2
    endloop
  endfacet
  facet normal 0 0 1
    outer loop
      vertex 10.788638084435535 -2.145993542177411 4
      vertex 10.788638084435535 2.145993542177411 4
      vertex 10.62518408917975 2.847009496127728 4
    endloop
  endfacet
  facet normal 0 0 1
    outer loop
      vertex 10.905893475111915 -1.4357881144205673 4
      vertex 10.905893475111915 1.4357881144205673 4
      vertex 10.788638084435535 2.145993542177411 4
    endloop
  endfacet
  facet normal 0.9994645874763657 0.03271908282177688 0
    outer loop
      vertex 11 0 4
      vertex 11 0 2
      vertex 10.976448155624638 0.7194344215315737 2
    endloop
  endfacet
  facet normal 0.9994645874763657 0.03271908282177688 -8.225150910328994e-19
    outer loop
      vertex 11 0 4
      vertex 10.976448155624638 0.7194344215315737 2
      vertex 10.976448155624638 0.7194344215315737 4
    endloop
  endfacet
  facet normal 0 0 1
    outer loop
      vertex 10.976448155624638 -0.7194344215315737 4
      vertex 11 0 4
      vertex 10.976448155624638 0.7194344215315737 4
    endloop
  endfacet
  facet normal 0.9951847266721972 0.09801714032955929 -1.797406817433037e-19
    outer loop
      vertex 10.976448155624638 0.7194344215315737 4
      vertex 10.905893475111915 1.4357881144205673 2
      vertex 10.905893475111915 1.4357881144205673 4
    endloop
  endfacet
  facet normal 0.9866433320848789 0.16289547339458962 0
    outer loop
      vertex 10.905893475111915 1.4357881144205673 4
      vertex 10.905893475111915 1.4357881144205673 2
      vertex 10.788638084435535 2.145993542177411 2
    endloop
  endfacet
  facet normal 0.9866433320848789 0.16289547339458962 1.3914534155659808e-18
    outer loop
      vertex 10.905893475111915 1.4357881144205673 4
      vertex 10.788638084435535 2.145993542177411 2
      vertex 10.788638084435535 2.145993542177411 4
    endloop
  endfacet
  facet normal 0.9569403357322095 0.2902846772544602 0
    outer loop
      vertex 10.416231424446163 3.5358341183347775 0
      vertex 10.416231424446163 3.5358341183347775 4
      vertex 10.518105590485213 3.2 0
    endloop
  endfacet
  facet normal 0.9569403357322095 0.2902846772544602 1.7189822958572029e-19
    outer loop
      vertex 10.416231424446163 3.5358341183347775 4
      vertex 10.518105590485213 3.2 2
      vertex 10.518105590485213 3.2 0
    endloop
  endfacet
  facet normal 0.9359059267573251 0.3522500479212353 0
    outer loop
      vertex 10.416231424446163 3.5358341183347775 0
      vertex 10.162674857624154 4.2095177560159875 0
      vertex 10.416231424446163 3.5358341183347775 4
    endloop
  endfacet
  facet normal 0.9569403357322095 0.2902846772544603 -1.8966239717785383e-17
    outer loop
      vertex 10.416231424446163 3.5358341183347775 4
      vertex 10.62518408917975 2.847009496127728 4
      vertex 10.518105590485213 3.2 2
    endloop
  endfacet
  facet normal 0.9359059267573251 0.3522500479212353 4.3823973898028226e-18
    outer loop
      vertex 10.416231424446163 3.5358341183347775 4
      vertex 10.162674857624154 4.2095177560159875 0
      vertex 10.162674857624154 4.2095177560159875 4
    endloop
  endfacet
  facet normal 0.9738769792773335 0.22707626303437362 0
    outer loop
      vertex 10.788638084435535 2.145993542177411 4
      vertex 10.788638084435535 2.145993542177411 2
      vertex 10.62518408917975 2.847009496127728 2
    endloop
  endfacet
  facet normal 0.9738769792773335 0.22707626303437362 -1.1445784101488166e-18
    outer loop
      vertex 10.788638084435535 2.145993542177411 4
      vertex 10.62518408917975 2.847009496127728 2
      vertex 10.62518408917975 2.847009496127728 4
    endloop
  endfacet
  facet normal 0.9569403357322096 0.2902846772544604 0
    outer loop
      vertex 10.62518408917975 2.847009496127728 4
      vertex 10.62518408917975 2.847009496127728 2
      vertex 10.518105590485213 3.2 2
    endloop
  endfacet
  facet normal 0.910863824921176 0.4127070298043944 -3.4686272262191505e-18
    outer loop
      vertex 9.865600156859571 4.865175592409014 0
      vertex 10.162674857624154 4.2095177560159875 4
      vertex 10.162674857624154 4.2095177560159875 0
    endloop
  endfacet
  facet normal 0.910863824921176 0.4127070298043944 0
    outer loop
      vertex 9.865600156859571 4.865175592409014 0
      vertex 9.865600156859571 4.865175592409014 4
      vertex 10.162674857624154 4.2095177560159875 4
    endloop
  endfacet
  facet normal 0.8819212643483547 0.47139673682599786 4.390750912874505e-18
    outer loop
      vertex 9.526279441628825 5.5 0
      vertex 9.865600156859571 4.865175592409014 4
      vertex 9.865600156859571 4.865175592409014 0
    endloop
  endfacet
  facet normal 0.634393284163645 0.7730104533627373 0
    outer loop
      vertex 6.696375719095927 8.726886743203586 0
      vertex 6.696375719095927 8.726886743203586 4
      vertex 7.252803966100757 8.270237882268752 0
    endloop
  endfacet
  facet normal 0.582477696867802 0.8128466845916152 2.2714924584906407e-18
    outer loop
      vertex 6.111272563215624 9.146165735327997 4
      vertex 6.696375719095927 8.726886743203586 4
      vertex 6.696375719095927 8.726886743203586 0
    endloop
  endfacet
  facet normal 0.634393284163645 0.7730104533627373 0
    outer loop
      vertex 7.252803966100757 8.270237882268752 0
      vertex 6.696375719095927 8.726886743203586 4
      vertex 7.252803966100757 8.270237882268752 4
    endloop
  endfacet
  facet normal 0.6835923020228704 0.7298640726978364 3.895461232236935e-18
    outer loop
      vertex 7.778174593052023 7.778174593052023 0
      vertex 7.252803966100757 8.270237882268752 0
      vertex 7.252803966100757 8.270237882268752 4
    endloop
  endfacet
  facet normal -0.9359059267573251 -0.35225004792123493 4.876771541069276e-19
    outer loop
      vertex -6.62851090646574 -2.250076257122131 4
      vertex -6.467156727579007 -2.6787840265556286 4
      vertex -6.467156727579007 -2.6787840265556286 35
    endloop
  endfacet
  facet normal -0.9569403357322093 -0.2902846772544609 0
    outer loop
      vertex -6.62851090646574 -2.250076257122131 4
      vertex -6.62851090646574 -2.250076257122131 35
      vertex -6.761480784023478 -1.8117333157176452 4
    endloop
  endfacet
  facet normal -0.9738769792773336 -0.22707626303437328 0
    outer loop
      vertex -6.761480784023478 -1.8117333157176452 4
      vertex -6.761480784023478 -1.8117333157176452 35
      vertex -6.865496962822613 -1.3656322541128978 4
    endloop
  endfacet
  facet normal -0.9866433320848789 -0.16289547339458926 0
    outer loop
      vertex -6.865496962822613 -1.3656322541128978 4
      vertex -6.865496962822613 -1.3656322541128978 35
      vertex -6.940114029616673 -0.913683345540361 4
    endloop
  endfacet
  facet normal -0.995184726672197 -0.09801714032955944 0
    outer loop
      vertex -6.940114029616673 -0.913683345540361 4
      vertex -6.940114029616673 -0.913683345540361 35
      vertex -6.985012462670224 -0.4578219046110014 4
    endloop
  endfacet
  facet normal -0.9994645874763656 -0.03271908282177705 0
    outer loop
      vertex -6.985012462670224 -0.4578219046110014 4
      vertex -6.985012462670224 -0.4578219046110014 35
      vertex -7 0 4
    endloop
  endfacet
  facet normal -0.9359059267573251 -0.35225004792123493 0
    outer loop
      vertex -6.62851090646574 -2.250076257122131 4
      vertex -6.467156727579007 -2.6787840265556286 35
      vertex -6.62851090646574 -2.250076257122131 35
    endloop
  endfacet
  facet normal -0.9866433320848789 -0.16289547339458926 0
    outer loop
      vertex -6.940114029616673 -0.913683345540361 4
      vertex -6.865496962822613 -1.3656322541128978 35
      vertex -6.940114029616673 -0.913683345540361 35
    endloop
  endfacet
  facet normal -0.9569403357322093 -0.2902846772544609 0
    outer loop
      vertex -6.761480784023478 -1.8117333157176452 4
      vertex -6.62851090646574 -2.250076257122131 35
      vertex -6.761480784023478 -1.8117333157176452 35
    endloop
  endfacet
  facet normal -0.9738769792773336 -0.22707626303437328 0
    outer loop
      vertex -6.865496962822613 -1.3656322541128978 4
      vertex -6.761480784023478 -1.8117333157176452 35
      vertex -6.865496962822613 -1.3656322541128978 35
    endloop
  endfacet
  facet normal -0.995184726672197 -0.09801714032955944 0
    outer loop
      vertex -6.985012462670224 -0.4578219046110014 4
      vertex -6.940114029616673 -0.913683345540361 35
      vertex -6.985012462670224 -0.4578219046110014 35
    endloop
  endfacet
  facet normal -0.9994645874763656 -0.03271908282177705 -6.6885116106493815e-21
    outer loop
      vertex -6.985012462670224 -0.4578219046110014 35
      vertex -7 0 35
      vertex -7 0 4
    endloop
  endfacet
  facet normal 0 0 -1
    outer loop
      vertex -4.2095177560159875 -5.590601513210779 0
      vertex -4.2095177560159875 -3.97077296218927 0
      vertex -4.063274257912761 -5.6953981219339305 0
    endloop
  endfacet
  facet normal 0 0 -1
    outer loop
      vertex -4.865175592409014 -5.028957674004824 0
      vertex -4.6154207057004815 -2.236377596616686 0
      vertex -4.711550634473738 -5.17284314880969 0
    endloop
  endfacet
  facet normal -0.8128466845916157 -0.5824776968678016 0
    outer loop
      vertex -5.553473382038646 -4.261330003061045 4
      vertex -5.553473382038646 -4.261330003061045 35
      vertex -5.820287286117817 -3.8889916311372152 4
    endloop
  endfacet
  facet normal -0.7730104533627368 -0.6343932841636457 4.519531755180929e-19
    outer loop
      vertex -5.553473382038646 -4.261330003061045 4
      vertex -5.262878652352843 -4.6154207057004815 4
      vertex -5.262878652352843 -4.6154207057004815 35
    endloop
  endfacet
  facet normal -0.7298640726978355 -0.6835923020228716 2.4748245155563095e-19
    outer loop
      vertex -5.262878652352843 -4.6154207057004815 4
      vertex -4.949747468305833 -4.949747468305833 4
      vertex -4.949747468305833 -4.949747468305833 35
    endloop
  endfacet
  facet normal -0.6835923020228716 -0.7298640726978355 2.4748245155563095e-19
    outer loop
      vertex -4.949747468305833 -4.949747468305833 4
      vertex -4.6154207057004815 -5.262878652352843 4
      vertex -4.6154207057004815 -5.262878652352843 35
    endloop
  endfacet
  facet normal -0.6343932841636457 -0.7730104533627368 4.519531755180929e-19
    outer loop
      vertex -4.6154207057004815 -5.262878652352843 4
      vertex -4.261330003061045 -5.553473382038646 4
      vertex -4.261330003061045 -5.553473382038646 35
    endloop
  endfacet
  facet normal -0.5824776968678016 -0.8128466845916157 -4.471837147856292e-19
    outer loop
      vertex -4.261330003061045 -5.553473382038646 4
      vertex -3.8889916311372152 -5.820287286117817 4
      vertex -3.8889916311372152 -5.820287286117817 35
    endloop
  endfacet
  facet normal -0.5280678506503677 -0.8492021815265791 0
    outer loop
      vertex -3.5 -6.06217782649107 4
      vertex -3.5 -6.06217782649107 35
      vertex -3.8889916311372152 -5.820287286117817 4
    endloop
  endfacet
  facet normal 0 0 -1
    outer loop
      vertex -5.336306132437159 -4.5259490623427014 0
      vertex -5.5 -4.326487507600248 0
      vertex -5.5 -2.6278871583657826 0
    endloop
  endfacet
  facet normal 0 0 -1
    outer loop
      vertex -5.336306132437159 -4.5259490623427014 0
      vertex -5.5 -2.6278871583657826 0
      vertex -5.262878652352843 -2.2829715775625763 0
    endloop
  endfacet
  facet normal 0 0 -1
    outer loop
      vertex -4.865175592409014 -5.028957674004824 0
      vertex -4.865175592409014 -2.3663439078900295 0
      vertex -4.6154207057004815 -2.236377596616686 0
    endloop
  endfacet
  facet normal 0 0 -1
    outer loop
      vertex -4.063274257912761 -5.6953981219339305 0
      vertex -4.2095177560159875 -3.97077296218927 0
      vertex -3.8889916311372152 -0.37161460931704937 0
    endloop
  endfacet
  facet normal -0.8819212643483549 -0.471396736825998 -4.747567063495906e-19
    outer loop
      vertex -6.278109190728818 -3.096020831533009 4
      vertex -6.06217782649107 -3.5 4
      vertex -6.06217782649107 -3.5 35
    endloop
  endfacet
  facet normal -0.8492021815265791 -0.5280678506503677 0
    outer loop
      vertex -5.820287286117817 -3.8889916311372152 4
      vertex -5.820287286117817 -3.8889916311372152 35
      vertex -6.06217782649107 -3.5 4
    endloop
  endfacet
  facet normal -0.910863824921176 -0.41270702980439417 0
    outer loop
      vertex -6.278109190728818 -3.096020831533009 4
      vertex -6.278109190728818 -3.096020831533009 35
      vertex -6.467156727579007 -2.6787840265556286 4
    endloop
  endfacet
  facet normal 0 0 -1
    outer loop
      vertex -2.847009496127728 -6.390934758954269 0
      vertex -2.6787840265556286 -5.486427588432301 0
      vertex -2.710420517660041 -6.452822419947166 0
    endloop
  endfacet
  facet normal 0 0 -1
    outer loop
      vertex -2.847009496127728 -6.390934758954269 0
      vertex -2.847009496127728 -2.516171527191137 0
      vertex -2.6787840265556286 -5.486427588432301 0
    endloop
  endfacet
  facet normal 0 0 -1
    outer loop
      vertex -2.145993542177411 -6.660084052865069 0
      vertex -2.145993542177411 -3.44911286764266 0
      vertex -2.0121676410358966 -6.700679696157112 0
    endloop
  endfacet
  facet normal 0 0 -1
    outer loop
      vertex -2.0121676410358966 -6.700679696157112 0
      vertex -2.145993542177411 -3.44911286764266 0
      vertex -1.9005320668276122 -3.2905656739660305 0
    endloop
  endfacet
  facet normal 0 0 -1
    outer loop
      vertex -0.7194344215315737 -6.959245878742918 0
      vertex -0.48347795539671606 -3.7687237407183596 0
      vertex -0.5883474959010973 -6.972156814010039 0
    endloop
  endfacet
  facet normal 0 0 -1
    outer loop
      vertex -0.7194344215315737 -6.959245878742918 0
      vertex -0.7194344215315737 -3.730601223403182 0
      vertex -0.49599953043619593 -3.7674904732204793 0
    endloop
  endfacet
  facet normal 0 0 -1
    outer loop
      vertex -0.7194344215315737 -6.959245878742918 0
      vertex -0.49599953043619593 -3.7674904732204793 0
      vertex -0.48347795539671606 -3.7687237407183596 0
    endloop
  endfacet
  facet normal -0.471396736825998 -0.8819212643483549 -4.747567063495906e-19
    outer loop
      vertex -3.5 -6.06217782649107 4
      vertex -3.096020831533009 -6.278109190728818 4
      vertex -3.096020831533009 -6.278109190728818 35
    endloop
  endfacet
  facet normal -0.41270702980439417 -0.910863824921176 3.4532267257128023e-19
    outer loop
      vertex -3.096020831533009 -6.278109190728818 4
      vertex -2.6787840265556286 -6.467156727579007 4
      vertex -2.6787840265556286 -6.467156727579007 35
    endloop
  endfacet
  facet normal -0.35225004792123493 -0.9359059267573251 4.876771541069276e-19
    outer loop
      vertex -2.6787840265556286 -6.467156727579007 4
      vertex -2.250076257122131 -6.62851090646574 4
      vertex -2.250076257122131 -6.62851090646574 35
    endloop
  endfacet
  facet normal -0.2902846772544609 -0.9569403357322093 -1.3528149789223564e-19
    outer loop
      vertex -2.250076257122131 -6.62851090646574 4
      vertex -1.8117333157176452 -6.761480784023478 4
      vertex -1.8117333157176452 -6.761480784023478 35
    endloop
  endfacet
  facet normal -0.22707626303437328 -0.9738769792773336 1.461845726747151e-19
    outer loop
      vertex -1.8117333157176452 -6.761480784023478 4
      vertex -1.3656322541128978 -6.865496962822613 4
      vertex -1.3656322541128978 -6.865496962822613 35
    endloop
  endfacet
  facet normal -0.16289547339458926 -0.9866433320848789 1.7191147627045354e-19
    outer loop
      vertex -1.3656322541128978 -6.865496962822613 4
      vertex -0.913683345540361 -6.940114029616673 4
      vertex -0.913683345540361 -6.940114029616673 35
    endloop
  endfacet
  facet normal -0.09801714032955944 -0.995184726672197 6.004658954642985e-20
    outer loop
      vertex -0.913683345540361 -6.940114029616673 4
      vertex -0.4578219046110014 -6.985012462670224 4
      vertex -0.4578219046110014 -6.985012462670224 35
    endloop
  endfacet
  facet normal -0.03271908282177705 -0.9994645874763656 -6.6885116106493815e-21
    outer loop
      vertex -0.4578219046110014 -6.985012462670224 4
      vertex 0 -7 4
      vertex 0 -7 35
    endloop
  endfacet
  facet normal 0 0 -1
    outer loop
      vertex -2.6787840265556286 -5.486427588432301 0
      vertex -2.847009496127728 -2.516171527191137 0
      vertex -2.7495364137233724 -2.6202424780949616 0
    endloop
  endfacet
  facet normal 0 0 -1
    outer loop
      vertex -2.145993542177411 -3.44911286764266 0
      vertex -2.1121994548069063 -3.15884459803002 0
      vertex -2.1111668854744883 -3.1595845267496716 0
    endloop
  endfacet
  facet normal 0 0 -1
    outer loop
      vertex -2.145993542177411 -3.44911286764266 0
      vertex -2.1111668854744883 -3.1595845267496716 0
      vertex -1.9005320668276122 -3.2905656739660305 0
    endloop
  endfacet
  facet normal -0.8128466845916157 -0.5824776968678016 0
    outer loop
      vertex -5.820287286117817 -3.8889916311372152 4
      vertex -5.553473382038646 -4.261330003061045 35
      vertex -5.820287286117817 -3.8889916311372152 35
    endloop
  endfacet
  facet normal -0.7730104533627368 -0.6343932841636457 0
    outer loop
      vertex -5.553473382038646 -4.261330003061045 4
      vertex -5.262878652352843 -4.6154207057004815 35
      vertex -5.553473382038646 -4.261330003061045 35
    endloop
  endfacet
  facet normal -0.7298640726978355 -0.6835923020228716 0
    outer loop
      vertex -5.262878652352843 -4.6154207057004815 4
      vertex -4.949747468305833 -4.949747468305833 35
      vertex -5.262878652352843 -4.6154207057004815 35
    endloop
  endfacet
  facet normal -0.471396736825998 -0.8819212643483549 0
    outer loop
      vertex -3.5 -6.06217782649107 4
      vertex -3.096020831533009 -6.278109190728818 35
      vertex -3.5 -6.06217782649107 35
    endloop
  endfacet
  facet normal -0.6835923020228716 -0.7298640726978355 0
    outer loop
      vertex -4.949747468305833 -4.949747468305833 4
      vertex -4.6154207057004815 -5.262878652352843 35
      vertex -4.949747468305833 -4.949747468305833 35
    endloop
  endfacet
  facet normal -0.6343932841636457 -0.7730104533627368 0
    outer loop
      vertex -4.6154207057004815 -5.262878652352843 4
      vertex -4.261330003061045 -5.553473382038646 35
      vertex -4.6154207057004815 -5.262878652352843 35
    endloop
  endfacet
  facet normal -0.5824776968678016 -0.8128466845916157 0
    outer loop
      vertex -4.261330003061045 -5.553473382038646 4
      vertex -3.8889916311372152 -5.820287286117817 35
      vertex -4.261330003061045 -5.553473382038646 35
    endloop
  endfacet
  facet normal -0.5280678506503677 -0.8492021815265791 0
    outer loop
      vertex -3.8889916311372152 -5.820287286117817 4
      vertex -3.5 -6.06217782649107 35
      vertex -3.8889916311372152 -5.820287286117817 35
    endloop
  endfacet
  facet normal -0.8819212643483549 -0.471396736825998 0
    outer loop
      vertex -6.278109190728818 -3.096020831533009 4
      vertex -6.06217782649107 -3.5 35
      vertex -6.278109190728818 -3.096020831533009 35
    endloop
  endfacet
  facet normal -0.8492021815265791 -0.5280678506503677 0
    outer loop
      vertex -6.06217782649107 -3.5 4
      vertex -5.820287286117817 -3.8889916311372152 35
      vertex -6.06217782649107 -3.5 35
    endloop
  endfacet
  facet normal -0.910863824921176 -0.41270702980439417 0
    outer loop
      vertex -6.467156727579007 -2.6787840265556286 4
      vertex -6.278109190728818 -3.096020831533009 35
      vertex -6.467156727579007 -2.6787840265556286 35
    endloop
  endfacet
  facet normal -0.41270702980439417 -0.910863824921176 0
    outer loop
      vertex -3.096020831533009 -6.278109190728818 4
      vertex -2.6787840265556286 -6.467156727579007 35
      vertex -3.096020831533009 -6.278109190728818 35
    endloop
  endfacet
  facet normal -0.35225004792123493 -0.9359059267573251 0
    outer loop
      vertex -2.6787840265556286 -6.467156727579007 4
      vertex -2.250076257122131 -6.62851090646574 35
      vertex -2.6787840265556286 -6.467156727579007 35
    endloop
  endfacet
  facet normal -0.2902846772544609 -0.9569403357322093 0
    outer loop
      vertex -2.250076257122131 -6.62851090646574 4
      vertex -1.8117333157176452 -6.761480784023478 35
      vertex -2.250076257122131 -6.62851090646574 35
    endloop
  endfacet
  facet normal -0.22707626303437328 -0.9738769792773336 0
    outer loop
      vertex -1.8117333157176452 -6.761480784023478 4
      vertex -1.3656322541128978 -6.865496962822613 35
      vertex -1.8117333157176452 -6.761480784023478 35
    endloop
  endfacet
  facet normal -0.16289547339458926 -0.9866433320848789 0
    outer loop
      vertex -1.3656322541128978 -6.865496962822613 4
      vertex -0.913683345540361 -6.940114029616673 35
      vertex -1.3656322541128978 -6.865496962822613 35
    endloop
  endfacet
  facet normal -0.09801714032955944 -0.995184726672197 0
    outer loop
      vertex -0.913683345540361 -6.940114029616673 4
      vertex -0.4578219046110014 -6.985012462670224 35
      vertex -0.913683345540361 -6.940114029616673 35
    endloop
  endfacet
  facet normal -0.03271908282177705 -0.9994645874763656 0
    outer loop
      vertex -0.4578219046110014 -6.985012462670224 4
      vertex 0 -7 35
      vertex -0.4578219046110014 -6.985012462670224 35
    endloop
  endfacet
  facet normal -0.9994645874763656 0.03271908282177705 0
    outer loop
      vertex -7 0 4
      vertex -7 0 35
      vertex -6.985012462670224 0.4578219046110014 4
    endloop
  endfacet
  facet normal -0.995184726672197 0.09801714032955944 0
    outer loop
      vertex -6.985012462670224 0.4578219046110014 4
      vertex -6.985012462670224 0.4578219046110014 35
      vertex -6.940114029616673 0.913683345540361 4
    endloop
  endfacet
  facet normal -0.9866433320848789 0.16289547339458926 0
    outer loop
      vertex -6.940114029616673 0.913683345540361 4
      vertex -6.940114029616673 0.913683345540361 35
      vertex -6.865496962822613 1.3656322541128978 4
    endloop
  endfacet
  facet normal -0.9738769792773336 0.22707626303437328 0
    outer loop
      vertex -6.865496962822613 1.3656322541128978 4
      vertex -6.865496962822613 1.3656322541128978 35
      vertex -6.761480784023478 1.8117333157176452 4
    endloop
  endfacet
  facet normal -0.9569403357322093 0.2902846772544609 0
    outer loop
      vertex -6.761480784023478 1.8117333157176452 4
      vertex -6.761480784023478 1.8117333157176452 35
      vertex -6.62851090646574 2.250076257122131 4
    endloop
  endfacet
  facet normal -0.9359059267573251 0.35225004792123493 0
    outer loop
      vertex -6.62851090646574 2.250076257122131 4
      vertex -6.62851090646574 2.250076257122131 35
      vertex -6.467156727579007 2.6787840265556286 4
    endloop
  endfacet
  facet normal -0.9994645874763656 0.03271908282177705 0
    outer loop
      vertex -6.985012462670224 0.4578219046110014 4
      vertex -7 0 35
      vertex -6.985012462670224 0.4578219046110014 35
    endloop
  endfacet
  facet normal -0.995184726672197 0.09801714032955944 0
    outer loop
      vertex -6.940114029616673 0.913683345540361 4
      vertex -6.985012462670224 0.4578219046110014 35
      vertex -6.940114029616673 0.913683345540361 35
    endloop
  endfacet
  facet normal -0.9866433320848789 0.16289547339458926 0
    outer loop
      vertex -6.865496962822613 1.3656322541128978 4
      vertex -6.940114029616673 0.913683345540361 35
      vertex -6.865496962822613 1.3656322541128978 35
    endloop
  endfacet
  facet normal -0.9738769792773336 0.22707626303437328 0
    outer loop
      vertex -6.761480784023478 1.8117333157176452 4
      vertex -6.865496962822613 1.3656322541128978 35
      vertex -6.761480784023478 1.8117333157176452 35
    endloop
  endfacet
  facet normal -0.9569403357322093 0.2902846772544609 0
    outer loop
      vertex -6.62851090646574 2.250076257122131 4
      vertex -6.761480784023478 1.8117333157176452 35
      vertex -6.62851090646574 2.250076257122131 35
    endloop
  endfacet
  facet normal -0.9359059267573251 0.35225004792123493 -4.876771541069276e-19
    outer loop
      vertex -6.62851090646574 2.250076257122131 35
      vertex -6.467156727579007 2.6787840265556286 35
      vertex -6.467156727579007 2.6787840265556286 4
    endloop
  endfacet
  facet normal 0 0 -1
    outer loop
      vertex -3.8889916311372152 -0.37161460931704937 0
      vertex -3.6820776164380042 5.948954688755937 0
      vertex -3.5358341183347775 4.967558747645405 0
    endloop
  endfacet
  facet normal -0.910863824921176 0.41270702980439417 0
    outer loop
      vertex -6.467156727579007 2.6787840265556286 4
      vertex -6.467156727579007 2.6787840265556286 35
      vertex -6.278109190728818 3.096020831533009 4
    endloop
  endfacet
  facet normal -0.8819212643483549 0.471396736825998 0
    outer loop
      vertex -6.278109190728818 3.096020831533009 4
      vertex -6.278109190728818 3.096020831533009 35
      vertex -6.06217782649107 3.5 4
    endloop
  endfacet
  facet normal -0.8492021815265791 0.5280678506503677 0
    outer loop
      vertex -6.06217782649107 3.5 4
      vertex -6.06217782649107 3.5 35
      vertex -5.820287286117817 3.8889916311372152 4
    endloop
  endfacet
  facet normal -0.8128466845916157 0.5824776968678016 0
    outer loop
      vertex -5.820287286117817 3.8889916311372152 4
      vertex -5.820287286117817 3.8889916311372152 35
      vertex -5.553473382038646 4.261330003061045 4
    endloop
  endfacet
  facet normal -0.7730104533627368 0.6343932841636457 0
    outer loop
      vertex -5.553473382038646 4.261330003061045 4
      vertex -5.553473382038646 4.261330003061045 35
      vertex -5.262878652352843 4.6154207057004815 4
    endloop
  endfacet
  facet normal -0.7298640726978355 0.6835923020228716 0
    outer loop
      vertex -5.262878652352843 4.6154207057004815 4
      vertex -5.262878652352843 4.6154207057004815 35
      vertex -4.949747468305833 4.949747468305833 4
    endloop
  endfacet
  facet normal -0.6835923020228716 0.7298640726978355 0
    outer loop
      vertex -4.949747468305833 4.949747468305833 4
      vertex -4.949747468305833 4.949747468305833 35
      vertex -4.6154207057004815 5.262878652352843 4
    endloop
  endfacet
  facet normal -0.6343932841636457 0.7730104533627368 0
    outer loop
      vertex -4.6154207057004815 5.262878652352843 4
      vertex -4.6154207057004815 5.262878652352843 35
      vertex -4.261330003061045 5.553473382038646 4
    endloop
  endfacet
  facet normal -0.5824776968678016 0.8128466845916157 0
    outer loop
      vertex -4.261330003061045 5.553473382038646 4
      vertex -4.261330003061045 5.553473382038646 35
      vertex -3.8889916311372152 5.820287286117817 4
    endloop
  endfacet
  facet normal -0.5280678506503677 0.8492021815265791 0
    outer loop
      vertex -3.8889916311372152 5.820287286117817 4
      vertex -3.8889916311372152 5.820287286117817 35
      vertex -3.5 6.06217782649107 4
    endloop
  endfacet
  facet normal -0.471396736825998 0.8819212643483549 0
    outer loop
      vertex -3.5 6.06217782649107 4
      vertex -3.5 6.06217782649107 35
      vertex -3.096020831533009 6.278109190728818 4
    endloop
  endfacet
  facet normal 0 0 -1
    outer loop
      vertex -1.4357881144205673 4.722457123857833 0
      vertex -1.680697022832205 3.4081164178242154 0
      vertex -1.6812495897703659 3.4078210646424103 0
    endloop
  endfacet
  facet normal 0 0 -1
    outer loop
      vertex -1.4357881144205673 4.722457123857833 0
      vertex -1.5239729638401058 3.4791271651125 0
      vertex -1.680697022832205 3.4081164178242154 0
    endloop
  endfacet
  facet normal 0 0 -1
    outer loop
      vertex -1.4357881144205673 4.722457123857833 0
      vertex -1.6812495897703659 3.4078210646424103 0
      vertex -1.5696140155620815 6.817935086833491 0
    endloop
  endfacet
  facet normal -0.41270702980439417 0.910863824921176 0
    outer loop
      vertex -3.096020831533009 6.278109190728818 4
      vertex -3.096020831533009 6.278109190728818 35
      vertex -2.6787840265556286 6.467156727579007 4
    endloop
  endfacet
  facet normal -0.35225004792123493 0.9359059267573251 0
    outer loop
      vertex -2.6787840265556286 6.467156727579007 4
      vertex -2.6787840265556286 6.467156727579007 35
      vertex -2.250076257122131 6.62851090646574 4
    endloop
  endfacet
  facet normal -0.2902846772544609 0.9569403357322093 0
    outer loop
      vertex -2.250076257122131 6.62851090646574 4
      vertex -2.250076257122131 6.62851090646574 35
      vertex -1.8117333157176452 6.761480784023478 4
    endloop
  endfacet
  facet normal -0.22707626303437328 0.9738769792773336 0
    outer loop
      vertex -1.8117333157176452 6.761480784023478 4
      vertex -1.8117333157176452 6.761480784023478 35
      vertex -1.3656322541128978 6.865496962822613 4
    endloop
  endfacet
  facet normal -0.16289547339458926 0.9866433320848789 0
    outer loop
      vertex -1.3656322541128978 6.865496962822613 4
      vertex -1.3656322541128978 6.865496962822613 35
      vertex -0.913683345540361 6.940114029616673 4
    endloop
  endfacet
  facet normal -0.09801714032955944 0.995184726672197 0
    outer loop
      vertex -0.913683345540361 6.940114029616673 4
      vertex -0.913683345540361 6.940114029616673 35
      vertex -0.4578219046110014 6.985012462670224 4
    endloop
  endfacet
  facet normal -0.03271908282177705 0.9994645874763656 0
    outer loop
      vertex -0.4578219046110014 6.985012462670224 4
      vertex -0.4578219046110014 6.985012462670224 35
      vertex 0 7 4
    endloop
  endfacet
  facet normal -0.910863824921176 0.41270702980439417 0
    outer loop
      vertex -6.278109190728818 3.096020831533009 4
      vertex -6.467156727579007 2.6787840265556286 35
      vertex -6.278109190728818 3.096020831533009 35
    endloop
  endfacet
  facet normal -0.8819212643483549 0.471396736825998 0
    outer loop
      vertex -6.06217782649107 3.5 4
      vertex -6.278109190728818 3.096020831533009 35
      vertex -6.06217782649107 3.5 35
    endloop
  endfacet
  facet normal -0.8492021815265791 0.5280678506503677 0
    outer loop
      vertex -5.820287286117817 3.8889916311372152 4
      vertex -6.06217782649107 3.5 35
      vertex -5.820287286117817 3.8889916311372152 35
    endloop
  endfacet
  facet normal -0.8128466845916157 0.5824776968678016 0
    outer loop
      vertex -5.553473382038646 4.261330003061045 4
      vertex -5.820287286117817 3.8889916311372152 35
      vertex -5.553473382038646 4.261330003061045 35
    endloop
  endfacet
  facet normal -0.7730104533627368 0.6343932841636457 0
    outer loop
      vertex -5.262878652352843 4.6154207057004815 4
      vertex -5.553473382038646 4.261330003061045 35
      vertex -5.262878652352843 4.6154207057004815 35
    endloop
  endfacet
  facet normal -0.7298640726978355 0.6835923020228716 0
    outer loop
      vertex -4.949747468305833 4.949747468305833 4
      vertex -5.262878652352843 4.6154207057004815 35
      vertex -4.949747468305833 4.949747468305833 35
    endloop
  endfacet
  facet normal -0.6835923020228716 0.7298640726978355 0
    outer loop
      vertex -4.6154207057004815 5.262878652352843 4
      vertex -4.949747468305833 4.949747468305833 35
      vertex -4.6154207057004815 5.262878652352843 35
    endloop
  endfacet
  facet normal -0.6343932841636457 0.7730104533627368 0
    outer loop
      vertex -4.261330003061045 5.553473382038646 4
      vertex -4.6154207057004815 5.262878652352843 35
      vertex -4.261330003061045 5.553473382038646 35
    endloop
  endfacet
  facet normal -0.5824776968678016 0.8128466845916157 0
    outer loop
      vertex -3.8889916311372152 5.820287286117817 4
      vertex -4.261330003061045 5.553473382038646 35
      vertex -3.8889916311372152 5.820287286117817 35
    endloop
  endfacet
  facet normal -0.5280678506503677 0.8492021815265791 0
    outer loop
      vertex -3.5 6.06217782649107 4
      vertex -3.8889916311372152 5.820287286117817 35
      vertex -3.5 6.06217782649107 35
    endloop
  endfacet
  facet normal -0.471396736825998 0.8819212643483549 0
    outer loop
      vertex -3.096020831533009 6.278109190728818 4
      vertex -3.5 6.06217782649107 35
      vertex -3.096020831533009 6.278109190728818 35
    endloop
  endfacet
  facet normal -0.41270702980439417 0.910863824921176 0
    outer loop
      vertex -2.6787840265556286 6.467156727579007 4
      vertex -3.096020831533009 6.278109190728818 35
      vertex -2.6787840265556286 6.467156727579007 35
    endloop
  endfacet
  facet normal -0.35225004792123493 0.9359059267573251 0
    outer loop
      vertex -2.250076257122131 6.62851090646574 4
      vertex -2.6787840265556286 6.467156727579007 35
      vertex -2.250076257122131 6.62851090646574 35
    endloop
  endfacet
  facet normal -0.2902846772544609 0.9569403357322093 0
    outer loop
      vertex -1.8117333157176452 6.761480784023478 4
      vertex -2.250076257122131 6.62851090646574 35
      vertex -1.8117333157176452 6.761480784023478 35
    endloop
  endfacet
  facet normal -0.22707626303437328 0.9738769792773336 0
    outer loop
      vertex -1.3656322541128978 6.865496962822613 4
      vertex -1.8117333157176452 6.761480784023478 35
      vertex -1.3656322541128978 6.865496962822613 35
    endloop
  endfacet
  facet normal -0.16289547339458926 0.9866433320848789 0
    outer loop
      vertex -0.913683345540361 6.940114029616673 4
      vertex -1.3656322541128978 6.865496962822613 35
      vertex -0.913683345540361 6.940114029616673 35
    endloop
  endfacet
  facet normal -0.09801714032955944 0.995184726672197 0
    outer loop
      vertex -0.4578219046110014 6.985012462670224 4
      vertex -0.913683345540361 6.940114029616673 35
      vertex -0.4578219046110014 6.985012462670224 35
    endloop
  endfacet
  facet normal -0.03271908282177705 0.9994645874763656 6.6885116106493815e-21
    outer loop
      vertex -0.4578219046110014 6.985012462670224 35
      vertex 0 7 35
      vertex 0 7 4
    endloop
  endfacet
  facet normal 0 0 -1
    outer loop
      vertex 0.7194344215315737 -6.959245878742918 0
      vertex 0.913683345540361 -5.042757356292155 0
      vertex 0.8513694020397509 -6.9462514173607675 0
    endloop
  endfacet
  facet normal 0 0 -1
    outer loop
      vertex 1.4357881144205673 -6.849138910494024 0
      vertex 1.4357881144205673 -4.722457123857833 0
      vertex 1.5696140155620815 -6.817935086833491 0
    endloop
  endfacet
  facet normal 0 0 -1
    outer loop
      vertex 0.7194344215315737 -6.959245878742918 0
      vertex 0.7194344215315737 -3.730601223403182 0
      vertex 0.913683345540361 -5.042757356292155 0
    endloop
  endfacet
  facet normal 0 0 -1
    outer loop
      vertex 0.913683345540361 -5.042757356292155 0
      vertex 0.7194344215315737 -3.730601223403182 0
      vertex 0.7413432236612874 -3.7269840655322755 0
    endloop
  endfacet
  facet normal 0 0 -1
    outer loop
      vertex 0.913683345540361 -5.042757356292155 0
      vertex 0.7413432236612874 -3.7269840655322755 0
      vertex 0.8704649644337851 -3.6968770982304413 0
    endloop
  endfacet
  facet normal 0 0 -1
    outer loop
      vertex 1.5696140155620815 -6.817935086833491 0
      vertex 1.4357881144205673 -4.722457123857833 0
      vertex 1.6812495897703659 -3.4078210646424103 0
    endloop
  endfacet
  facet normal 0 0 -1
    outer loop
      vertex 2.847009496127728 -6.390934758954269 0
      vertex 3.0900848548998083 -3.2 0
      vertex 2.9877114661276956 -6.32718352574294 0
    endloop
  endfacet
  facet normal 0 0 -1
    outer loop
      vertex 2.847009496127728 -6.390934758954269 0
      vertex 2.847009496127728 -3.2 0
      vertex 3.0900848548998083 -3.2 0
    endloop
  endfacet
  facet normal 0.03271908282177705 -0.9994645874763656 6.6885116106493815e-21
    outer loop
      vertex 0 -7 4
      vertex 0.4578219046110014 -6.985012462670224 4
      vertex 0.4578219046110014 -6.985012462670224 35
    endloop
  endfacet
  facet normal 0.09801714032955944 -0.995184726672197 -6.004658954642985e-20
    outer loop
      vertex 0.4578219046110014 -6.985012462670224 4
      vertex 0.913683345540361 -6.940114029616673 4
      vertex 0.913683345540361 -6.940114029616673 35
    endloop
  endfacet
  facet normal 0.16289547339458926 -0.9866433320848789 -1.7191147627045354e-19
    outer loop
      vertex 0.913683345540361 -6.940114029616673 4
      vertex 1.3656322541128978 -6.865496962822613 4
      vertex 1.3656322541128978 -6.865496962822613 35
    endloop
  endfacet
  facet normal 0.22707626303437328 -0.9738769792773336 -1.461845726747151e-19
    outer loop
      vertex 1.3656322541128978 -6.865496962822613 4
      vertex 1.8117333157176452 -6.761480784023478 4
      vertex 1.8117333157176452 -6.761480784023478 35
    endloop
  endfacet
  facet normal 0.2902846772544609 -0.9569403357322093 1.3528149789223564e-19
    outer loop
      vertex 1.8117333157176452 -6.761480784023478 4
      vertex 2.250076257122131 -6.62851090646574 4
      vertex 2.250076257122131 -6.62851090646574 35
    endloop
  endfacet
  facet normal 0.35225004792123493 -0.9359059267573251 -4.876771541069276e-19
    outer loop
      vertex 2.250076257122131 -6.62851090646574 4
      vertex 2.6787840265556286 -6.467156727579007 4
      vertex 2.6787840265556286 -6.467156727579007 35
    endloop
  endfacet
  facet normal 0.41270702980439417 -0.910863824921176 -3.4532267257128023e-19
    outer loop
      vertex 2.6787840265556286 -6.467156727579007 4
      vertex 3.096020831533009 -6.278109190728818 4
      vertex 3.096020831533009 -6.278109190728818 35
    endloop
  endfacet
  facet normal 0 0 -1
    outer loop
      vertex 1.4357881144205673 -4.722457123857833 0
      vertex 1.5239729638401058 -3.4791271651125 0
      vertex 1.680697022832205 -3.4081164178242154 0
    endloop
  endfacet
  facet normal 0 0 -1
    outer loop
      vertex 1.4357881144205673 -4.722457123857833 0
      vertex 1.680697022832205 -3.4081164178242154 0
      vertex 1.6812495897703659 -3.4078210646424103 0
    endloop
  endfacet
  facet normal 0 0 -1
    outer loop
      vertex 3.5358341183347775 -6.039894739776691 0
      vertex 3.5358341183347775 -4.967558747645405 0
      vertex 3.6820776164380042 -5.948954688755937 0
    endloop
  endfacet
  facet normal 0 0 -1
    outer loop
      vertex 3.6820776164380042 -5.948954688755937 0
      vertex 3.5358341183347775 -4.967558747645405 0
      vertex 3.772069075126722 -3.2 0
    endloop
  endfacet
  facet normal 0.8128466845916156 -0.5824776968678016 -1.3661114632878039e-17
    outer loop
      vertex 5.553473382038646 -4.261330003061045 4
      vertex 5.820287286117817 -3.8889916311372152 4
      vertex 5.740739813938937 -4 6
    endloop
  endfacet
  facet normal 0.8128466845916156 -0.5824776968678016 -2.7447664088971847e-19
    outer loop
      vertex 5.553473382038646 -4.261330003061045 4
      vertex 5.740739813938937 -4 6
      vertex 5.740739813938937 -4 18
    endloop
  endfacet
  facet normal 0.471396736825998 -0.8819212643483549 4.747567063495906e-19
    outer loop
      vertex 3.096020831533009 -6.278109190728818 4
      vertex 3.5 -6.06217782649107 4
      vertex 3.5 -6.06217782649107 35
    endloop
  endfacet
  facet normal 0.5280678506503677 -0.8492021815265791 -5.066884559341182e-20
    outer loop
      vertex 3.5 -6.06217782649107 4
      vertex 3.8889916311372152 -5.820287286117817 4
      vertex 3.8889916311372152 -5.820287286117817 35
    endloop
  endfacet
  facet normal 0.5824776968678016 -0.8128466845916157 4.471837147856292e-19
    outer loop
      vertex 3.8889916311372152 -5.820287286117817 4
      vertex 4.261330003061045 -5.553473382038646 4
      vertex 4.261330003061045 -5.553473382038646 35
    endloop
  endfacet
  facet normal 0.6343932841636457 -0.7730104533627368 -4.519531755180929e-19
    outer loop
      vertex 4.261330003061045 -5.553473382038646 4
      vertex 4.6154207057004815 -5.262878652352843 4
      vertex 4.6154207057004815 -5.262878652352843 35
    endloop
  endfacet
  facet normal 0.6835923020228716 -0.7298640726978355 -2.4748245155563095e-19
    outer loop
      vertex 4.6154207057004815 -5.262878652352843 4
      vertex 4.949747468305833 -4.949747468305833 4
      vertex 4.949747468305833 -4.949747468305833 35
    endloop
  endfacet
  facet normal 0.7298640726978355 -0.6835923020228716 -2.4748245155563095e-19
    outer loop
      vertex 4.949747468305833 -4.949747468305833 4
      vertex 5.262878652352843 -4.6154207057004815 4
      vertex 5.262878652352843 -4.6154207057004815 35
    endloop
  endfacet
  facet normal 0.7730104533627368 -0.6343932841636457 -4.519531755180929e-19
    outer loop
      vertex 5.262878652352843 -4.6154207057004815 4
      vertex 5.553473382038646 -4.261330003061045 4
      vertex 5.553473382038646 -4.261330003061045 35
    endloop
  endfacet
  facet normal 0.8128466845916156 -0.5824776968678017 1.9819893956693832e-18
    outer loop
      vertex 5.553473382038646 -4.261330003061045 4
      vertex 5.740739813938937 -4 18
      vertex 5.820287286117817 -3.8889916311372152 35
    endloop
  endfacet
  facet normal 0 0 -1
    outer loop
      vertex 3.5358341183347775 -4.967558747645405 0
      vertex 3.65274859353844 -3.2 0
      vertex 3.772069075126722 -3.2 0
    endloop
  endfacet
  facet normal 0.8492021815265791 -0.5280678506503675 0
    outer loop
      vertex 5.820287286117817 -3.8889916311372152 4
      vertex 6.06217782649107 -3.5 4
      vertex 5.820287286117817 -3.8889916311372152 6
    endloop
  endfacet
  facet normal 0.8819212643483549 -0.471396736825998 0
    outer loop
      vertex 6.06217782649107 -3.5 4
      vertex 6.278109190728818 -3.096020831533009 4
      vertex 6.06217782649107 -3.5 6
    endloop
  endfacet
  facet normal 0.9108638249211761 -0.4127070298043942 0
    outer loop
      vertex 6.278109190728818 -3.096020831533009 4
      vertex 6.467156727579007 -2.6787840265556286 4
      vertex 6.278109190728818 -3.096020831533009 6
    endloop
  endfacet
  facet normal 0.8128466845916157 -0.5824776968678015 0
    outer loop
      vertex 5.820287286117817 -3.8889916311372152 4
      vertex 5.820287286117817 -3.8889916311372152 6
      vertex 5.740739813938937 -4 6
    endloop
  endfacet
  facet normal 0.8492021815265791 -0.5280678506503675 0
    outer loop
      vertex 6.06217782649107 -3.5 4
      vertex 6.06217782649107 -3.5 6
      vertex 5.820287286117817 -3.8889916311372152 6
    endloop
  endfacet
  facet normal 0.8819212643483549 -0.471396736825998 0
    outer loop
      vertex 6.278109190728818 -3.096020831533009 4
      vertex 6.278109190728818 -3.096020831533009 6
      vertex 6.06217782649107 -3.5 6
    endloop
  endfacet
  facet normal 0.9108638249211761 -0.4127070298043942 0
    outer loop
      vertex 6.467156727579007 -2.6787840265556286 4
      vertex 6.467156727579007 -2.6787840265556286 6
      vertex 6.278109190728818 -3.096020831533009 6
    endloop
  endfacet
  facet normal 0.03271908282177705 -0.9994645874763656 0
    outer loop
      vertex 0 -7 4
      vertex 0.4578219046110014 -6.985012462670224 35
      vertex 0 -7 35
    endloop
  endfacet
  facet normal 0.09801714032955944 -0.995184726672197 0
    outer loop
      vertex 0.4578219046110014 -6.985012462670224 4
      vertex 0.913683345540361 -6.940114029616673 35
      vertex 0.4578219046110014 -6.985012462670224 35
    endloop
  endfacet
  facet normal 0.16289547339458926 -0.9866433320848789 0
    outer loop
      vertex 0.913683345540361 -6.940114029616673 4
      vertex 1.3656322541128978 -6.865496962822613 35
      vertex 0.913683345540361 -6.940114029616673 35
    endloop
  endfacet
  facet normal 0.22707626303437328 -0.9738769792773336 0
    outer loop
      vertex 1.3656322541128978 -6.865496962822613 4
      vertex 1.8117333157176452 -6.761480784023478 35
      vertex 1.3656322541128978 -6.865496962822613 35
    endloop
  endfacet
  facet normal 0.2902846772544609 -0.9569403357322093 0
    outer loop
      vertex 1.8117333157176452 -6.761480784023478 4
      vertex 2.250076257122131 -6.62851090646574 35
      vertex 1.8117333157176452 -6.761480784023478 35
    endloop
  endfacet
  facet normal 0.35225004792123493 -0.9359059267573251 0
    outer loop
      vertex 2.250076257122131 -6.62851090646574 4
      vertex 2.6787840265556286 -6.467156727579007 35
      vertex 2.250076257122131 -6.62851090646574 35
    endloop
  endfacet
  facet normal 0.41270702980439417 -0.910863824921176 0
    outer loop
      vertex 2.6787840265556286 -6.467156727579007 4
      vertex 3.096020831533009 -6.278109190728818 35
      vertex 2.6787840265556286 -6.467156727579007 35
    endloop
  endfacet
  facet normal 0.471396736825998 -0.8819212643483549 0
    outer loop
      vertex 3.096020831533009 -6.278109190728818 4
      vertex 3.5 -6.06217782649107 35
      vertex 3.096020831533009 -6.278109190728818 35
    endloop
  endfacet
  facet normal 0.5280678506503677 -0.8492021815265791 0
    outer loop
      vertex 3.5 -6.06217782649107 4
      vertex 3.8889916311372152 -5.820287286117817 35
      vertex 3.5 -6.06217782649107 35
    endloop
  endfacet
  facet normal 0.5824776968678016 -0.8128466845916157 0
    outer loop
      vertex 3.8889916311372152 -5.820287286117817 4
      vertex 4.261330003061045 -5.553473382038646 35
      vertex 3.8889916311372152 -5.820287286117817 35
    endloop
  endfacet
  facet normal 0.6343932841636457 -0.7730104533627368 0
    outer loop
      vertex 4.261330003061045 -5.553473382038646 4
      vertex 4.6154207057004815 -5.262878652352843 35
      vertex 4.261330003061045 -5.553473382038646 35
    endloop
  endfacet
  facet normal 0.6835923020228716 -0.7298640726978355 0
    outer loop
      vertex 4.6154207057004815 -5.262878652352843 4
      vertex 4.949747468305833 -4.949747468305833 35
      vertex 4.6154207057004815 -5.262878652352843 35
    endloop
  endfacet
  facet normal 0.7298640726978355 -0.6835923020228716 0
    outer loop
      vertex 4.949747468305833 -4.949747468305833 4
      vertex 5.262878652352843 -4.6154207057004815 35
      vertex 4.949747468305833 -4.949747468305833 35
    endloop
  endfacet
  facet normal 0.7730104533627368 -0.6343932841636457 0
    outer loop
      vertex 5.262878652352843 -4.6154207057004815 4
      vertex 5.553473382038646 -4.261330003061045 35
      vertex 5.262878652352843 -4.6154207057004815 35
    endloop
  endfacet
  facet normal 0.8128466845916157 -0.5824776968678016 0
    outer loop
      vertex 5.553473382038646 -4.261330003061045 4
      vertex 5.820287286117817 -3.8889916311372152 35
      vertex 5.553473382038646 -4.261330003061045 35
    endloop
  endfacet
  facet normal 0.8128466845916158 -0.5824776968678016 0
    outer loop
      vertex 5.820287286117817 -3.8889916311372152 35
      vertex 5.740739813938937 -4 18
      vertex 5.820287286117817 -3.8889916311372152 18
    endloop
  endfacet
  facet normal 0.8492021815265791 -0.5280678506503677 0
    outer loop
      vertex 5.820287286117817 -3.8889916311372152 35
      vertex 5.820287286117817 -3.8889916311372152 18
      vertex 6.06217782649107 -3.5 18
    endloop
  endfacet
  facet normal 0.8819212643483549 -0.47139673682599803 0
    outer loop
      vertex 6.06217782649107 -3.5 35
      vertex 6.06217782649107 -3.5 18
      vertex 6.278109190728818 -3.096020831533009 18
    endloop
  endfacet
  facet normal 0.910863824921176 -0.41270702980439417 0
    outer loop
      vertex 6.278109190728818 -3.096020831533009 35
      vertex 6.278109190728818 -3.096020831533009 18
      vertex 6.467156727579007 -2.6787840265556286 18
    endloop
  endfacet
  facet normal 0.8492021815265791 -0.5280678506503677 -9.239613019975097e-20
    outer loop
      vertex 5.820287286117817 -3.8889916311372152 35
      vertex 6.06217782649107 -3.5 18
      vertex 6.06217782649107 -3.5 35
    endloop
  endfacet
  facet normal 0.8819212643483549 -0.47139673682599803 8.657328174610182e-19
    outer loop
      vertex 6.06217782649107 -3.5 35
      vertex 6.278109190728818 -3.096020831533009 18
      vertex 6.278109190728818 -3.096020831533009 35
    endloop
  endfacet
  facet normal 0.910863824921176 -0.41270702980439417 -6.297060499829229e-19
    outer loop
      vertex 6.278109190728818 -3.096020831533009 35
      vertex 6.467156727579007 -2.6787840265556286 18
      vertex 6.467156727579007 -2.6787840265556286 35
    endloop
  endfacet
  facet normal 0.9359059267573251 -0.352250047921235 0
    outer loop
      vertex 6.467156727579007 -2.6787840265556286 4
      vertex 6.62851090646574 -2.250076257122131 4
      vertex 6.467156727579007 -2.6787840265556286 6
    endloop
  endfacet
  facet normal 0.9569403357322093 -0.29028467725446094 0
    outer loop
      vertex 6.62851090646574 -2.250076257122131 4
      vertex 6.761480784023478 -1.8117333157176452 4
      vertex 6.62851090646574 -2.250076257122131 6
    endloop
  endfacet
  facet normal 0.9359059267573251 -0.352250047921235 0
    outer loop
      vertex 6.62851090646574 -2.250076257122131 4
      vertex 6.62851090646574 -2.250076257122131 6
      vertex 6.467156727579007 -2.6787840265556286 6
    endloop
  endfacet
  facet normal 0.9738769792773336 -0.22707626303437328 0
    outer loop
      vertex 6.761480784023478 -1.8117333157176452 4
      vertex 6.865496962822613 -1.3656322541128978 4
      vertex 6.761480784023478 -1.8117333157176452 6
    endloop
  endfacet
  facet normal 0.9866433320848789 -0.16289547339458926 0
    outer loop
      vertex 6.865496962822613 -1.3656322541128978 4
      vertex 6.940114029616673 -0.913683345540361 4
      vertex 6.865496962822613 -1.3656322541128978 6
    endloop
  endfacet
  facet normal 0.9951847266721969 -0.09801714032955944 0
    outer loop
      vertex 6.940114029616673 -0.913683345540361 4
      vertex 6.985012462670224 -0.4578219046110014 4
      vertex 6.940114029616673 -0.913683345540361 6
    endloop
  endfacet
  facet normal 0.9994645874763657 -0.03271908282177705 0
    outer loop
      vertex 6.985012462670224 -0.4578219046110014 4
      vertex 7 0 4
      vertex 6.985012462670224 -0.4578219046110014 6
    endloop
  endfacet
  facet normal 0.9569403357322093 -0.29028467725446094 0
    outer loop
      vertex 6.761480784023478 -1.8117333157176452 4
      vertex 6.761480784023478 -1.8117333157176452 6
      vertex 6.62851090646574 -2.250076257122131 6
    endloop
  endfacet
  facet normal 0.9738769792773336 -0.22707626303437328 0
    outer loop
      vertex 6.865496962822613 -1.3656322541128978 4
      vertex 6.865496962822613 -1.3656322541128978 6
      vertex 6.761480784023478 -1.8117333157176452 6
    endloop
  endfacet
  facet normal 0.9866433320848789 -0.16289547339458926 0
    outer loop
      vertex 6.940114029616673 -0.913683345540361 4
      vertex 6.940114029616673 -0.913683345540361 6
      vertex 6.865496962822613 -1.3656322541128978 6
    endloop
  endfacet
  facet normal 0.9951847266721969 -0.09801714032955944 0
    outer loop
      vertex 6.985012462670224 -0.4578219046110014 4
      vertex 6.985012462670224 -0.4578219046110014 6
      vertex 6.940114029616673 -0.913683345540361 6
    endloop
  endfacet
  facet normal 0.9994645874763657 -0.03271908282177705 0
    outer loop
      vertex 7 0 4
      vertex 7 0 6
      vertex 6.985012462670224 -0.4578219046110014 6
    endloop
  endfacet
  facet normal 0.9359059267573252 -0.352250047921235 0
    outer loop
      vertex 6.467156727579007 -2.6787840265556286 35
      vertex 6.467156727579007 -2.6787840265556286 18
      vertex 6.62851090646574 -2.250076257122131 18
    endloop
  endfacet
  facet normal 0.9569403357322093 -0.29028467725446094 0
    outer loop
      vertex 6.62851090646574 -2.250076257122131 35
      vertex 6.62851090646574 -2.250076257122131 18
      vertex 6.761480784023478 -1.8117333157176452 18
    endloop
  endfacet
  facet normal 0.9359059267573252 -0.352250047921235 -8.892936339596915e-19
    outer loop
      vertex 6.467156727579007 -2.6787840265556286 35
      vertex 6.62851090646574 -2.250076257122131 18
      vertex 6.62851090646574 -2.250076257122131 35
    endloop
  endfacet
  facet normal 0.9738769792773336 -0.22707626303437328 0
    outer loop
      vertex 6.761480784023478 -1.8117333157176452 35
      vertex 6.761480784023478 -1.8117333157176452 18
      vertex 6.865496962822613 -1.3656322541128978 18
    endloop
  endfacet
  facet normal 0.9866433320848789 -0.16289547339458926 0
    outer loop
      vertex 6.865496962822613 -1.3656322541128978 35
      vertex 6.865496962822613 -1.3656322541128978 18
      vertex 6.940114029616673 -0.913683345540361 18
    endloop
  endfacet
  facet normal 0.995184726672197 -0.09801714032955945 0
    outer loop
      vertex 6.940114029616673 -0.913683345540361 35
      vertex 6.940114029616673 -0.913683345540361 18
      vertex 6.985012462670224 -0.4578219046110014 18
    endloop
  endfacet
  facet normal 0.9994645874763657 -0.03271908282177705 0
    outer loop
      vertex 6.985012462670224 -0.4578219046110014 35
      vertex 6.985012462670224 -0.4578219046110014 18
      vertex 7 0 18
    endloop
  endfacet
  facet normal 0.9569403357322093 -0.29028467725446094 2.466897902740768e-19
    outer loop
      vertex 6.62851090646574 -2.250076257122131 35
      vertex 6.761480784023478 -1.8117333157176452 18
      vertex 6.761480784023478 -1.8117333157176452 35
    endloop
  endfacet
  facet normal 0.9738769792773336 -0.22707626303437328 -2.665718678185981e-19
    outer loop
      vertex 6.761480784023478 -1.8117333157176452 35
      vertex 6.865496962822613 -1.3656322541128978 18
      vertex 6.865496962822613 -1.3656322541128978 35
    endloop
  endfacet
  facet normal 0.9866433320848789 -0.16289547339458926 -3.134856331990623e-19
    outer loop
      vertex 6.865496962822613 -1.3656322541128978 35
      vertex 6.940114029616673 -0.913683345540361 18
      vertex 6.940114029616673 -0.913683345540361 35
    endloop
  endfacet
  facet normal 0.995184726672197 -0.09801714032955945 -1.0949672211407799e-19
    outer loop
      vertex 6.940114029616673 -0.913683345540361 35
      vertex 6.985012462670224 -0.4578219046110014 18
      vertex 6.985012462670224 -0.4578219046110014 35
    endloop
  endfacet
  facet normal 0.9994645874763657 -0.03271908282177705 1.2196697642948872e-20
    outer loop
      vertex 6.985012462670224 -0.4578219046110014 35
      vertex 7 0 18
      vertex 7 0 35
    endloop
  endfacet
  facet normal 0 0 -1
    outer loop
      vertex 2.145993542177411 3.44911286764266 0
      vertex 2.046173517653784 3.2 0
      vertex 1.9005320668276122 3.2905656739660305 0
    endloop
  endfacet
  facet normal 0 0 -1
    outer loop
      vertex 2.145993542177411 3.44911286764266 0
      vertex 2.116990916346253 3.2 0
      vertex 2.046173517653784 3.2 0
    endloop
  endfacet
  facet normal 0 0 -1
    outer loop
      vertex 2.145993542177411 3.44911286764266 0
      vertex 1.9005320668276122 3.2905656739660305 0
      vertex 2.0121676410358966 6.700679696157112 0
    endloop
  endfacet
  facet normal 0.03271908282177705 0.9994645874763656 -6.6885116106493815e-21
    outer loop
      vertex 0.4578219046110014 6.985012462670224 4
      vertex 0 7 4
      vertex 0 7 35
    endloop
  endfacet
  facet normal 0.09801714032955944 0.995184726672197 0
    outer loop
      vertex 0.4578219046110014 6.985012462670224 4
      vertex 0.4578219046110014 6.985012462670224 35
      vertex 0.913683345540361 6.940114029616673 4
    endloop
  endfacet
  facet normal 0.16289547339458926 0.9866433320848789 0
    outer loop
      vertex 0.913683345540361 6.940114029616673 4
      vertex 0.913683345540361 6.940114029616673 35
      vertex 1.3656322541128978 6.865496962822613 4
    endloop
  endfacet
  facet normal 0.22707626303437328 0.9738769792773336 0
    outer loop
      vertex 1.3656322541128978 6.865496962822613 4
      vertex 1.3656322541128978 6.865496962822613 35
      vertex 1.8117333157176452 6.761480784023478 4
    endloop
  endfacet
  facet normal 0.2902846772544609 0.9569403357322093 0
    outer loop
      vertex 1.8117333157176452 6.761480784023478 4
      vertex 1.8117333157176452 6.761480784023478 35
      vertex 2.250076257122131 6.62851090646574 4
    endloop
  endfacet
  facet normal 0.35225004792123493 0.9359059267573251 0
    outer loop
      vertex 2.250076257122131 6.62851090646574 4
      vertex 2.250076257122131 6.62851090646574 35
      vertex 2.6787840265556286 6.467156727579007 4
    endloop
  endfacet
  facet normal 0.41270702980439417 0.910863824921176 0
    outer loop
      vertex 2.6787840265556286 6.467156727579007 4
      vertex 2.6787840265556286 6.467156727579007 35
      vertex 3.096020831533009 6.278109190728818 4
    endloop
  endfacet
  facet normal 0.471396736825998 0.8819212643483549 0
    outer loop
      vertex 3.096020831533009 6.278109190728818 4
      vertex 3.096020831533009 6.278109190728818 35
      vertex 3.5 6.06217782649107 4
    endloop
  endfacet
  facet normal 0 0 -1
    outer loop
      vertex 4.2095177560159875 3.97077296218927 0
      vertex 4.140875910753829 3.2 0
      vertex 3.9815833817697466 3.2 0
    endloop
  endfacet
  facet normal 0 0 -1
    outer loop
      vertex 4.711550634473738 5.17284314880969 0
      vertex 4.8195420927751735 3.2 0
      vertex 4.646966436905253 3.2 0
    endloop
  endfacet
  facet normal 0 0 -1
    outer loop
      vertex 5.336306132437159 4.5259490623427014 0
      vertex 5.450659478738154 3.2 0
      vertex 5.292899054555799 3.2 0
    endloop
  endfacet
  facet normal 0.9108638249211761 0.4127070298043942 0
    outer loop
      vertex 6.467156727579007 2.6787840265556286 4
      vertex 6.278109190728818 3.096020831533009 4
      vertex 6.467156727579007 2.6787840265556286 6
    endloop
  endfacet
  facet normal 0.8492021815265791 0.5280678506503675 7.853671066978832e-19
    outer loop
      vertex 5.820287286117817 3.8889916311372152 4
      vertex 6.06217782649107 3.5 6
      vertex 6.06217782649107 3.5 4
    endloop
  endfacet
  facet normal 0.8819212643483549 0.471396736825998 -7.358728948418654e-18
    outer loop
      vertex 6.06217782649107 3.5 4
      vertex 6.278109190728818 3.096020831533009 6
      vertex 6.278109190728818 3.096020831533009 4
    endloop
  endfacet
  facet normal 0.9108638249211761 0.4127070298043942 0
    outer loop
      vertex 6.278109190728818 3.096020831533009 4
      vertex 6.278109190728818 3.096020831533009 6
      vertex 6.467156727579007 2.6787840265556286 6
    endloop
  endfacet
  facet normal 0.8492021815265791 0.5280678506503675 0
    outer loop
      vertex 5.820287286117817 3.8889916311372152 4
      vertex 5.820287286117817 3.8889916311372152 6
      vertex 6.06217782649107 3.5 6
    endloop
  endfacet
  facet normal 0.8819212643483549 0.471396736825998 0
    outer loop
      vertex 6.06217782649107 3.5 4
      vertex 6.06217782649107 3.5 6
      vertex 6.278109190728818 3.096020831533009 6
    endloop
  endfacet
  facet normal 0 0 -1
    outer loop
      vertex 4.2095177560159875 3.97077296218927 0
      vertex 3.9815833817697466 3.2 0
      vertex 4.063274257912761 5.6953981219339305 0
    endloop
  endfacet
  facet normal 0.8128466845916156 0.5824776968678016 0
    outer loop
      vertex 5.820287286117817 3.8889916311372152 4
      vertex 5.553473382038646 4.261330003061045 4
      vertex 5.820287286117817 3.8889916311372152 6
    endloop
  endfacet
  facet normal 0.8128466845916157 0.5824776968678015 -2.5786174195916875e-17
    outer loop
      vertex 5.553473382038646 4.261330003061045 4
      vertex 5.740739813938937 4 6
      vertex 5.820287286117817 3.8889916311372152 6
    endloop
  endfacet
  facet normal 0.5280678506503677 0.8492021815265791 5.066884559341182e-20
    outer loop
      vertex 3.8889916311372152 5.820287286117817 4
      vertex 3.5 6.06217782649107 4
      vertex 3.5 6.06217782649107 35
    endloop
  endfacet
  facet normal 0.5824776968678016 0.8128466845916157 0
    outer loop
      vertex 3.8889916311372152 5.820287286117817 4
      vertex 3.8889916311372152 5.820287286117817 35
      vertex 4.261330003061045 5.553473382038646 4
    endloop
  endfacet
  facet normal 0.6343932841636457 0.7730104533627368 0
    outer loop
      vertex 4.261330003061045 5.553473382038646 4
      vertex 4.261330003061045 5.553473382038646 35
      vertex 4.6154207057004815 5.262878652352843 4
    endloop
  endfacet
  facet normal 0.6835923020228716 0.7298640726978355 0
    outer loop
      vertex 4.6154207057004815 5.262878652352843 4
      vertex 4.6154207057004815 5.262878652352843 35
      vertex 4.949747468305833 4.949747468305833 4
    endloop
  endfacet
  facet normal 0.7298640726978355 0.6835923020228716 0
    outer loop
      vertex 4.949747468305833 4.949747468305833 4
      vertex 4.949747468305833 4.949747468305833 35
      vertex 5.262878652352843 4.6154207057004815 4
    endloop
  endfacet
  facet normal 0.7730104533627368 0.6343932841636457 0
    outer loop
      vertex 5.262878652352843 4.6154207057004815 4
      vertex 5.262878652352843 4.6154207057004815 35
      vertex 5.553473382038646 4.261330003061045 4
    endloop
  endfacet
  facet normal 0.8128466845916156 0.5824776968678016 0
    outer loop
      vertex 5.553473382038646 4.261330003061045 4
      vertex 5.553473382038646 4.261330003061045 35
      vertex 5.740739813938937 4 6
    endloop
  endfacet
  facet normal 0.8128466845916156 0.5824776968678016 2.7447664088971847e-19
    outer loop
      vertex 5.553473382038646 4.261330003061045 35
      vertex 5.740739813938937 4 18
      vertex 5.740739813938937 4 6
    endloop
  endfacet
  facet normal 0.03271908282177705 0.9994645874763656 0
    outer loop
      vertex 0.4578219046110014 6.985012462670224 4
      vertex 0 7 35
      vertex 0.4578219046110014 6.985012462670224 35
    endloop
  endfacet
  facet normal 0.09801714032955944 0.995184726672197 0
    outer loop
      vertex 0.913683345540361 6.940114029616673 4
      vertex 0.4578219046110014 6.985012462670224 35
      vertex 0.913683345540361 6.940114029616673 35
    endloop
  endfacet
  facet normal 0.16289547339458926 0.9866433320848789 0
    outer loop
      vertex 1.3656322541128978 6.865496962822613 4
      vertex 0.913683345540361 6.940114029616673 35
      vertex 1.3656322541128978 6.865496962822613 35
    endloop
  endfacet
  facet normal 0.22707626303437328 0.9738769792773336 0
    outer loop
      vertex 1.8117333157176452 6.761480784023478 4
      vertex 1.3656322541128978 6.865496962822613 35
      vertex 1.8117333157176452 6.761480784023478 35
    endloop
  endfacet
  facet normal 0.2902846772544609 0.9569403357322093 0
    outer loop
      vertex 2.250076257122131 6.62851090646574 4
      vertex 1.8117333157176452 6.761480784023478 35
      vertex 2.250076257122131 6.62851090646574 35
    endloop
  endfacet
  facet normal 0.35225004792123493 0.9359059267573251 0
    outer loop
      vertex 2.6787840265556286 6.467156727579007 4
      vertex 2.250076257122131 6.62851090646574 35
      vertex 2.6787840265556286 6.467156727579007 35
    endloop
  endfacet
  facet normal 0.41270702980439417 0.910863824921176 0
    outer loop
      vertex 3.096020831533009 6.278109190728818 4
      vertex 2.6787840265556286 6.467156727579007 35
      vertex 3.096020831533009 6.278109190728818 35
    endloop
  endfacet
  facet normal 0.910863824921176 0.41270702980439417 0
    outer loop
      vertex 6.467156727579007 2.6787840265556286 35
      vertex 6.467156727579007 2.6787840265556286 18
      vertex 6.278109190728818 3.096020831533009 18
    endloop
  endfacet
  facet normal 0.8128466845916158 0.5824776968678016 0
    outer loop
      vertex 5.820287286117817 3.8889916311372152 35
      vertex 5.820287286117817 3.8889916311372152 18
      vertex 5.740739813938937 4 18
    endloop
  endfacet
  facet normal 0.8492021815265791 0.5280678506503677 0
    outer loop
      vertex 6.06217782649107 3.5 35
      vertex 6.06217782649107 3.5 18
      vertex 5.820287286117817 3.8889916311372152 18
    endloop
  endfacet
  facet normal 0.8819212643483549 0.47139673682599803 0
    outer loop
      vertex 6.278109190728818 3.096020831533009 35
      vertex 6.278109190728818 3.096020831533009 18
      vertex 6.06217782649107 3.5 18
    endloop
  endfacet
  facet normal 0.910863824921176 0.41270702980439417 6.297060499829229e-19
    outer loop
      vertex 6.467156727579007 2.6787840265556286 35
      vertex 6.278109190728818 3.096020831533009 18
      vertex 6.278109190728818 3.096020831533009 35
    endloop
  endfacet
  facet normal 0.8492021815265791 0.5280678506503677 0
    outer loop
      vertex 5.820287286117817 3.8889916311372152 35
      vertex 6.06217782649107 3.5 35
      vertex 5.820287286117817 3.8889916311372152 18
    endloop
  endfacet
  facet normal 0.8819212643483549 0.47139673682599803 0
    outer loop
      vertex 6.06217782649107 3.5 35
      vertex 6.278109190728818 3.096020831533009 35
      vertex 6.06217782649107 3.5 18
    endloop
  endfacet
  facet normal 0.5280678506503677 0.8492021815265791 0
    outer loop
      vertex 3.8889916311372152 5.820287286117817 4
      vertex 3.5 6.06217782649107 35
      vertex 3.8889916311372152 5.820287286117817 35
    endloop
  endfacet
  facet normal 0.5824776968678016 0.8128466845916157 0
    outer loop
      vertex 4.261330003061045 5.553473382038646 4
      vertex 3.8889916311372152 5.820287286117817 35
      vertex 4.261330003061045 5.553473382038646 35
    endloop
  endfacet
  facet normal 0.6343932841636457 0.7730104533627368 0
    outer loop
      vertex 4.6154207057004815 5.262878652352843 4
      vertex 4.261330003061045 5.553473382038646 35
      vertex 4.6154207057004815 5.262878652352843 35
    endloop
  endfacet
  facet normal 0.6835923020228716 0.7298640726978355 0
    outer loop
      vertex 4.949747468305833 4.949747468305833 4
      vertex 4.6154207057004815 5.262878652352843 35
      vertex 4.949747468305833 4.949747468305833 35
    endloop
  endfacet
  facet normal 0.471396736825998 0.8819212643483549 0
    outer loop
      vertex 3.5 6.06217782649107 4
      vertex 3.096020831533009 6.278109190728818 35
      vertex 3.5 6.06217782649107 35
    endloop
  endfacet
  facet normal 0.7298640726978355 0.6835923020228716 0
    outer loop
      vertex 5.262878652352843 4.6154207057004815 4
      vertex 4.949747468305833 4.949747468305833 35
      vertex 5.262878652352843 4.6154207057004815 35
    endloop
  endfacet
  facet normal 0.7730104533627368 0.6343932841636457 0
    outer loop
      vertex 5.553473382038646 4.261330003061045 4
      vertex 5.262878652352843 4.6154207057004815 35
      vertex 5.553473382038646 4.261330003061045 35
    endloop
  endfacet
  facet normal 0.8128466845916157 0.5824776968678016 5.345355090416338e-19
    outer loop
      vertex 5.820287286117817 3.8889916311372152 35
      vertex 5.740739813938937 4 18
      vertex 5.553473382038646 4.261330003061045 35
    endloop
  endfacet
  facet normal 0.9994645874763657 0.03271908282177705 0
    outer loop
      vertex 7 0 4
      vertex 6.985012462670224 0.4578219046110014 4
      vertex 7 0 6
    endloop
  endfacet
  facet normal 0.9951847266721969 0.09801714032955944 0
    outer loop
      vertex 6.985012462670224 0.4578219046110014 4
      vertex 6.940114029616673 0.913683345540361 4
      vertex 6.985012462670224 0.4578219046110014 6
    endloop
  endfacet
  facet normal 0.9738769792773336 0.22707626303437328 0
    outer loop
      vertex 6.865496962822613 1.3656322541128978 4
      vertex 6.761480784023478 1.8117333157176452 4
      vertex 6.865496962822613 1.3656322541128978 6
    endloop
  endfacet
  facet normal 0.9569403357322093 0.29028467725446094 0
    outer loop
      vertex 6.761480784023478 1.8117333157176452 4
      vertex 6.62851090646574 2.250076257122131 4
      vertex 6.761480784023478 1.8117333157176452 6
    endloop
  endfacet
  facet normal 0.9866433320848789 0.16289547339458926 0
    outer loop
      vertex 6.940114029616673 0.913683345540361 4
      vertex 6.865496962822613 1.3656322541128978 4
      vertex 6.940114029616673 0.913683345540361 6
    endloop
  endfacet
  facet normal 0.9994645874763657 0.03271908282177705 0
    outer loop
      vertex 6.985012462670224 0.4578219046110014 4
      vertex 6.985012462670224 0.4578219046110014 6
      vertex 7 0 6
    endloop
  endfacet
  facet normal 0.9951847266721969 0.09801714032955944 0
    outer loop
      vertex 6.940114029616673 0.913683345540361 4
      vertex 6.940114029616673 0.913683345540361 6
      vertex 6.985012462670224 0.4578219046110014 6
    endloop
  endfacet
  facet normal 0.9866433320848789 0.16289547339458926 0
    outer loop
      vertex 6.865496962822613 1.3656322541128978 4
      vertex 6.865496962822613 1.3656322541128978 6
      vertex 6.940114029616673 0.913683345540361 6
    endloop
  endfacet
  facet normal 0.9738769792773336 0.22707626303437328 0
    outer loop
      vertex 6.761480784023478 1.8117333157176452 4
      vertex 6.761480784023478 1.8117333157176452 6
      vertex 6.865496962822613 1.3656322541128978 6
    endloop
  endfacet
  facet normal 0.9359059267573251 0.352250047921235 7.558995888657377e-18
    outer loop
      vertex 6.467156727579007 2.6787840265556286 4
      vertex 6.62851090646574 2.250076257122131 6
      vertex 6.62851090646574 2.250076257122131 4
    endloop
  endfacet
  facet normal 0.9569403357322093 0.29028467725446094 0
    outer loop
      vertex 6.62851090646574 2.250076257122131 4
      vertex 6.62851090646574 2.250076257122131 6
      vertex 6.761480784023478 1.8117333157176452 6
    endloop
  endfacet
  facet normal 0.9359059267573251 0.352250047921235 0
    outer loop
      vertex 6.467156727579007 2.6787840265556286 4
      vertex 6.467156727579007 2.6787840265556286 6
      vertex 6.62851090646574 2.250076257122131 6
    endloop
  endfacet
  facet normal 0.9994645874763657 0.03271908282177705 0
    outer loop
      vertex 7 0 35
      vertex 7 0 18
      vertex 6.985012462670224 0.4578219046110014 18
    endloop
  endfacet
  facet normal 0.995184726672197 0.09801714032955945 0
    outer loop
      vertex 6.985012462670224 0.4578219046110014 35
      vertex 6.985012462670224 0.4578219046110014 18
      vertex 6.940114029616673 0.913683345540361 18
    endloop
  endfacet
  facet normal 0.9738769792773336 0.22707626303437328 0
    outer loop
      vertex 6.865496962822613 1.3656322541128978 35
      vertex 6.865496962822613 1.3656322541128978 18
      vertex 6.761480784023478 1.8117333157176452 18
    endloop
  endfacet
  facet normal 0.9569403357322093 0.29028467725446094 0
    outer loop
      vertex 6.761480784023478 1.8117333157176452 35
      vertex 6.761480784023478 1.8117333157176452 18
      vertex 6.62851090646574 2.250076257122131 18
    endloop
  endfacet
  facet normal 0.9866433320848789 0.16289547339458926 0
    outer loop
      vertex 6.940114029616673 0.913683345540361 35
      vertex 6.940114029616673 0.913683345540361 18
      vertex 6.865496962822613 1.3656322541128978 18
    endloop
  endfacet
  facet normal 0.9994645874763657 0.03271908282177705 -1.2196697642948872e-20
    outer loop
      vertex 7 0 35
      vertex 6.985012462670224 0.4578219046110014 18
      vertex 6.985012462670224 0.4578219046110014 35
    endloop
  endfacet
  facet normal 0.995184726672197 0.09801714032955945 1.0949672211407799e-19
    outer loop
      vertex 6.985012462670224 0.4578219046110014 35
      vertex 6.940114029616673 0.913683345540361 18
      vertex 6.940114029616673 0.913683345540361 35
    endloop
  endfacet
  facet normal 0.9866433320848789 0.16289547339458926 3.134856331990623e-19
    outer loop
      vertex 6.940114029616673 0.913683345540361 35
      vertex 6.865496962822613 1.3656322541128978 18
      vertex 6.865496962822613 1.3656322541128978 35
    endloop
  endfacet
  facet normal 0.9738769792773336 0.22707626303437328 2.665718678185981e-19
    outer loop
      vertex 6.865496962822613 1.3656322541128978 35
      vertex 6.761480784023478 1.8117333157176452 18
      vertex 6.761480784023478 1.8117333157176452 35
    endloop
  endfacet
  facet normal 0.9359059267573252 0.352250047921235 0
    outer loop
      vertex 6.62851090646574 2.250076257122131 35
      vertex 6.62851090646574 2.250076257122131 18
      vertex 6.467156727579007 2.6787840265556286 18
    endloop
  endfacet
  facet normal 0.9569403357322093 0.29028467725446094 -2.466897902740768e-19
    outer loop
      vertex 6.761480784023478 1.8117333157176452 35
      vertex 6.62851090646574 2.250076257122131 18
      vertex 6.62851090646574 2.250076257122131 35
    endloop
  endfacet
  facet normal 0.9359059267573252 0.352250047921235 0
    outer loop
      vertex 6.467156727579007 2.6787840265556286 35
      vertex 6.62851090646574 2.250076257122131 35
      vertex 6.467156727579007 2.6787840265556286 18
    endloop
  endfacet
  facet normal 0 0 1
    outer loop
      vertex -3.8637033051562732 -1.035276180410083 4
      vertex -3.8637033051562732 1.035276180410083 4
      vertex -3.9231411216129217 -0.780361288064513 4
    endloop
  endfacet
  facet normal 0 0 1
    outer loop
      vertex -3.9657794454952415 -0.5221047688802063 4
      vertex -3.9657794454952415 0.5221047688802063 4
      vertex -3.991435692954414 -0.26161251692057225 4
    endloop
  endfacet
  facet normal 0 0 1
    outer loop
      vertex -3.9231411216129217 -0.780361288064513 4
      vertex -3.9231411216129217 0.780361288064513 4
      vertex -3.9657794454952415 -0.5221047688802063 4
    endloop
  endfacet
  facet normal 0 0 1
    outer loop
      vertex -3.7877205179804228 -1.2857578612126463 4
      vertex -3.7877205179804228 1.2857578612126463 4
      vertex -3.8637033051562732 -1.035276180410083 4
    endloop
  endfacet
  facet normal 0 0 1
    outer loop
      vertex -3.695518130045147 -1.5307337294603591 4
      vertex -3.695518130045147 1.5307337294603591 4
      vertex -3.7877205179804228 -1.2857578612126463 4
    endloop
  endfacet
  facet normal 0 0 1
    outer loop
      vertex -3.587490966130753 -1.7691547608760052 4
      vertex -3.587490966130753 1.7691547608760052 4
      vertex -3.695518130045147 -1.5307337294603591 4
    endloop
  endfacet
  facet normal 0 0 1
    outer loop
      vertex -3.4641016151377544 -2 4
      vertex -3.4641016151377544 2 4
      vertex -3.587490966130753 -1.7691547608760052 4
    endloop
  endfacet
  facet normal 0 0 1
    outer loop
      vertex -3.325878449210181 -2.2222809320784087 4
      vertex -3.325878449210181 2.2222809320784087 4
      vertex -3.4641016151377544 -2 4
    endloop
  endfacet
  facet normal 0.8128466845916156 0.5824776968678016 0
    outer loop
      vertex -3.325878449210181 -2.2222809320784087 4
      vertex -3.325878449210181 -2.2222809320784087 37
      vertex -3.1734133611649407 -2.4350457160348826 4
    endloop
  endfacet
  facet normal 0.8492021815265791 0.5280678506503679 8.323642825355128e-20
    outer loop
      vertex -3.325878449210181 -2.2222809320784087 4
      vertex -3.4641016151377544 -2 4
      vertex -3.4641016151377544 -2 37
    endloop
  endfacet
  facet normal 0.9108638249211756 0.41270702980439505 1.6467325148864785e-19
    outer loop
      vertex -3.587490966130753 -1.7691547608760052 4
      vertex -3.695518130045147 -1.5307337294603591 4
      vertex -3.695518130045147 -1.5307337294603591 37
    endloop
  endfacet
  facet normal 0.9359059267573255 0.3522500479212341 6.842987987013984e-20
    outer loop
      vertex -3.695518130045147 -1.5307337294603591 4
      vertex -3.7877205179804228 -1.2857578612126463 4
      vertex -3.7877205179804228 -1.2857578612126463 37
    endloop
  endfacet
  facet normal 0.9569403357322087 0.2902846772544622 -7.74509487724558e-20
    outer loop
      vertex -3.7877205179804228 -1.2857578612126463 4
      vertex -3.8637033051562732 -1.035276180410083 4
      vertex -3.8637033051562732 -1.035276180410083 37
    endloop
  endfacet
  facet normal 0.8819212643483549 0.4713967368259978 1.1228618077636974e-19
    outer loop
      vertex -3.4641016151377544 -2 4
      vertex -3.587490966130753 -1.7691547608760052 4
      vertex -3.587490966130753 -1.7691547608760052 37
    endloop
  endfacet
  facet normal 0.9738769792773337 0.2270762630343726 3.816706296512384e-20
    outer loop
      vertex -3.8637033051562732 -1.035276180410083 4
      vertex -3.9231411216129217 -0.780361288064513 4
      vertex -3.9231411216129217 -0.780361288064513 37
    endloop
  endfacet
  facet normal 0.9866433320848791 0.1628954733945886 4.372527238277657e-22
    outer loop
      vertex -3.9231411216129217 -0.780361288064513 4
      vertex -3.9657794454952415 -0.5221047688802063 4
      vertex -3.9657794454952415 -0.5221047688802063 37
    endloop
  endfacet
  facet normal 0.9951847266721968 0.09801714032956063 -3.032557696493886e-20
    outer loop
      vertex -3.9657794454952415 -0.5221047688802063 4
      vertex -3.991435692954414 -0.26161251692057225 4
      vertex -3.991435692954414 -0.26161251692057225 37
    endloop
  endfacet
  facet normal 0.9994645874763658 0.032719082821776574 -3.791789048250788e-21
    outer loop
      vertex -3.991435692954414 -0.26161251692057225 4
      vertex -4 0 4
      vertex -4 0 37
    endloop
  endfacet
  facet normal 0 0 1
    outer loop
      vertex -2.6373832604002754 -3.00735922991591 4
      vertex -2.4350457160348826 -3.1734133611649407 4
      vertex -2.4350457160348826 3.1734133611649407 4
    endloop
  endfacet
  facet normal 0 0 1
    outer loop
      vertex -3.00735922991591 -2.6373832604002754 4
      vertex -3.00735922991591 2.6373832604002754 4
      vertex -3.1734133611649407 -2.4350457160348826 4
    endloop
  endfacet
  facet normal 0 0 1
    outer loop
      vertex -3.325878449210181 -2.2222809320784087 4
      vertex -3.1734133611649407 -2.4350457160348826 4
      vertex -3.1734133611649407 2.4350457160348826 4
    endloop
  endfacet
  facet normal 0 0 1
    outer loop
      vertex -2.8284271247461903 -2.8284271247461903 4
      vertex -2.8284271247461903 2.8284271247461903 4
      vertex -3.00735922991591 -2.6373832604002754 4
    endloop
  endfacet
  facet normal 0 0 1
    outer loop
      vertex -2.6373832604002754 -3.00735922991591 4
      vertex -2.6373832604002754 3.00735922991591 4
      vertex -2.8284271247461903 -2.8284271247461903 4
    endloop
  endfacet
  facet normal 0 0 1
    outer loop
      vertex -2.2222809320784087 -3.325878449210181 4
      vertex -2.2222809320784087 3.325878449210181 4
      vertex -2.4350457160348826 -3.1734133611649407 4
    endloop
  endfacet
  facet normal 0 0 1
    outer loop
      vertex -2 -3.4641016151377544 4
      vertex -2 3.4641016151377544 4
      vertex -2.2222809320784087 -3.325878449210181 4
    endloop
  endfacet
  facet normal 0 0 1
    outer loop
      vertex -1.7691547608760052 -3.587490966130753 4
      vertex -1.7691547608760052 3.587490966130753 4
      vertex -2 -3.4641016151377544 4
    endloop
  endfacet
  facet normal 0 0 1
    outer loop
      vertex -1.2857578612126463 -3.7877205179804228 4
      vertex -1.2750208645241996 -0.2536174186209667 4
      vertex -1.5307337294603591 -3.695518130045147 4
    endloop
  endfacet
  facet normal 0 0 1
    outer loop
      vertex -1.2857578612126463 -3.7877205179804228 4
      vertex -1.035276180410083 -3.8637033051562732 4
      vertex -1.0313593423786058 -0.7913898577113369 4
    endloop
  endfacet
  facet normal 0 0 1
    outer loop
      vertex -1.035276180410083 -3.8637033051562732 4
      vertex -0.780361288064513 -3.9231411216129217 4
      vertex -0.7222413029254828 -1.080910495993309 4
    endloop
  endfacet
  facet normal 0 0 1
    outer loop
      vertex -0.780361288064513 -3.9231411216129217 4
      vertex -0.5221047688802063 -3.9657794454952415 4
      vertex -0.4974884620746167 -1.2010433922646728 4
    endloop
  endfacet
  facet normal 0.03271908282177656 0.9994645874763655 -6.256451929613799e-20
    outer loop
      vertex -0.26161251692057225 -3.991435692954414 4
      vertex 0 -4 6
      vertex 0 -4 4
    endloop
  endfacet
  facet normal 0 0 1
    outer loop
      vertex -0.5221047688802063 -3.9657794454952415 4
      vertex -0.26161251692057225 -3.991435692954414 4
      vertex -0.2536174186209667 -1.2750208645241996 4
    endloop
  endfacet
  facet normal 0 0 1
    outer loop
      vertex -0.26161251692057225 -3.991435692954414 4
      vertex 0 -4 4
      vertex 0 -1.3 4
    endloop
  endfacet
  facet normal 0 0 1
    outer loop
      vertex -0.780361288064513 -3.9231411216129217 4
      vertex -0.65 -1.12583302491977 4
      vertex -0.7222413029254828 -1.080910495993309 4
    endloop
  endfacet
  facet normal 0 0 1
    outer loop
      vertex -0.780361288064513 -3.9231411216129217 4
      vertex -0.5749752972847018 -1.1659345639924947 4
      vertex -0.65 -1.12583302491977 4
    endloop
  endfacet
  facet normal 0 0 1
    outer loop
      vertex -0.780361288064513 -3.9231411216129217 4
      vertex -0.4974884620746167 -1.2010433922646728 4
      vertex -0.5749752972847018 -1.1659345639924947 4
    endloop
  endfacet
  facet normal 0 0 1
    outer loop
      vertex -0.5221047688802063 -3.9657794454952415 4
      vertex -0.41787130489411006 -1.2310091683436375 4
      vertex -0.4974884620746167 -1.2010433922646728 4
    endloop
  endfacet
  facet normal 0 0 1
    outer loop
      vertex -0.5221047688802063 -3.9657794454952415 4
      vertex -0.33646475863327696 -1.255703574175789 4
      vertex -0.41787130489411006 -1.2310091683436375 4
    endloop
  endfacet
  facet normal 0 0 1
    outer loop
      vertex -0.5221047688802063 -3.9657794454952415 4
      vertex -0.2536174186209667 -1.2750208645241996 4
      vertex -0.33646475863327696 -1.255703574175789 4
    endloop
  endfacet
  facet normal 0 0 1
    outer loop
      vertex -0.26161251692057225 -3.991435692954414 4
      vertex -0.16968404988606706 -1.2888783197859535 4
      vertex -0.2536174186209667 -1.2750208645241996 4
    endloop
  endfacet
  facet normal 0 0 1
    outer loop
      vertex -0.26161251692057225 -3.991435692954414 4
      vertex -0.08502406799918598 -1.2972166002101846 4
      vertex -0.16968404988606706 -1.2888783197859535 4
    endloop
  endfacet
  facet normal 0 0 1
    outer loop
      vertex -0.26161251692057225 -3.991435692954414 4
      vertex 0 -1.3 4
      vertex -0.08502406799918598 -1.2972166002101846 4
    endloop
  endfacet
  facet normal 0.03271908282177657 0.9994645874763656 -1.0427419882689665e-20
    outer loop
      vertex -0.26161251692057225 -3.991435692954414 4
      vertex 0 -4 18
      vertex 0 -4 6
    endloop
  endfacet
  facet normal 0 0 1
    outer loop
      vertex -1.2857578612126463 -3.7877205179804228 4
      vertex -1.2010433922646728 -0.4974884620746167 4
      vertex -1.2310091683436375 -0.41787130489411006 4
    endloop
  endfacet
  facet normal 0 0 1
    outer loop
      vertex -1.2857578612126463 -3.7877205179804228 4
      vertex -1.2310091683436375 -0.41787130489411006 4
      vertex -1.255703574175789 -0.33646475863327696 4
    endloop
  endfacet
  facet normal 0 0 1
    outer loop
      vertex -1.7691547608760052 -3.587490966130753 4
      vertex -1.5307337294603591 -3.695518130045147 4
      vertex -1.5307337294603591 3.695518130045147 4
    endloop
  endfacet
  facet normal 0 0 1
    outer loop
      vertex -1.5307337294603591 -3.695518130045147 4
      vertex -1.2888783197859535 -0.16968404988606706 4
      vertex -1.2972166002101846 -0.08502406799918598 4
    endloop
  endfacet
  facet normal 0 0 1
    outer loop
      vertex -1.5307337294603591 -3.695518130045147 4
      vertex -1.2972166002101846 -0.08502406799918598 4
      vertex -1.3 0 4
    endloop
  endfacet
  facet normal 0 0 1
    outer loop
      vertex -1.5307337294603591 -3.695518130045147 4
      vertex -1.2750208645241996 -0.2536174186209667 4
      vertex -1.2888783197859535 -0.16968404988606706 4
    endloop
  endfacet
  facet normal 0 0 1
    outer loop
      vertex -1.2857578612126463 -3.7877205179804228 4
      vertex -1.255703574175789 -0.33646475863327696 4
      vertex -1.2750208645241996 -0.2536174186209667 4
    endloop
  endfacet
  facet normal 0 0 1
    outer loop
      vertex -1.5307337294603591 -3.695518130045147 4
      vertex -1.3 0 4
      vertex -1.2972166002101846 0.08502406799918598 4
    endloop
  endfacet
  facet normal 0 0 1
    outer loop
      vertex -1.2857578612126463 -3.7877205179804228 4
      vertex -1.0313593423786058 -0.7913898577113369 4
      vertex -1.080910495993309 -0.7222413029254828 4
    endloop
  endfacet
  facet normal 0 0 1
    outer loop
      vertex -1.2857578612126463 -3.7877205179804228 4
      vertex -1.12583302491977 -0.65 4
      vertex -1.1659345639924947 -0.5749752972847018 4
    endloop
  endfacet
  facet normal 0 0 1
    outer loop
      vertex -1.2857578612126463 -3.7877205179804228 4
      vertex -1.080910495993309 -0.7222413029254828 4
      vertex -1.12583302491977 -0.65 4
    endloop
  endfacet
  facet normal 0 0 1
    outer loop
      vertex -1.2857578612126463 -3.7877205179804228 4
      vertex -1.1659345639924947 -0.5749752972847018 4
      vertex -1.2010433922646728 -0.4974884620746167 4
    endloop
  endfacet
  facet normal 0 0 1
    outer loop
      vertex -1.035276180410083 -3.8637033051562732 4
      vertex -0.9192388155425119 -0.9192388155425119 4
      vertex -0.9773917497226707 -0.8571495596300895 4
    endloop
  endfacet
  facet normal 0 0 1
    outer loop
      vertex -1.035276180410083 -3.8637033051562732 4
      vertex -0.8571495596300895 -0.9773917497226707 4
      vertex -0.9192388155425119 -0.9192388155425119 4
    endloop
  endfacet
  facet normal 0 0 1
    outer loop
      vertex -1.035276180410083 -3.8637033051562732 4
      vertex -0.9773917497226707 -0.8571495596300895 4
      vertex -1.0313593423786058 -0.7913898577113369 4
    endloop
  endfacet
  facet normal 0 0 1
    outer loop
      vertex -1.035276180410083 -3.8637033051562732 4
      vertex -0.7913898577113369 -1.0313593423786058 4
      vertex -0.8571495596300895 -0.9773917497226707 4
    endloop
  endfacet
  facet normal 0 0 1
    outer loop
      vertex -1.035276180410083 -3.8637033051562732 4
      vertex -0.7222413029254828 -1.080910495993309 4
      vertex -0.7913898577113369 -1.0313593423786058 4
    endloop
  endfacet
  facet normal 0.6343932841636449 0.7730104533627374 0
    outer loop
      vertex -2.6373832604002754 -3.00735922991591 4
      vertex -2.6373832604002754 -3.00735922991591 37
      vertex -2.4350457160348826 -3.1734133611649407 4
    endloop
  endfacet
  facet normal 0.7730104533627374 0.6343932841636449 -2.280084742950747e-19
    outer loop
      vertex -3.00735922991591 -2.6373832604002754 4
      vertex -3.1734133611649407 -2.4350457160348826 4
      vertex -3.1734133611649407 -2.4350457160348826 37
    endloop
  endfacet
  facet normal 0.7298640726978358 0.6835923020228712 -3.669742869981889e-19
    outer loop
      vertex -2.8284271247461903 -2.8284271247461903 4
      vertex -3.00735922991591 -2.6373832604002754 4
      vertex -3.00735922991591 -2.6373832604002754 37
    endloop
  endfacet
  facet normal 0.6835923020228712 0.7298640726978358 0
    outer loop
      vertex -2.8284271247461903 -2.8284271247461903 4
      vertex -2.8284271247461903 -2.8284271247461903 37
      vertex -2.6373832604002754 -3.00735922991591 4
    endloop
  endfacet
  facet normal 0.5824776968678016 0.8128466845916156 0
    outer loop
      vertex -2.4350457160348826 -3.1734133611649407 4
      vertex -2.4350457160348826 -3.1734133611649407 37
      vertex -2.2222809320784087 -3.325878449210181 4
    endloop
  endfacet
  facet normal 0.5280678506503679 0.8492021815265791 0
    outer loop
      vertex -2.2222809320784087 -3.325878449210181 4
      vertex -2.2222809320784087 -3.325878449210181 37
      vertex -2 -3.4641016151377544 4
    endloop
  endfacet
  facet normal 0.4713967368259978 0.8819212643483549 0
    outer loop
      vertex -2 -3.4641016151377544 4
      vertex -2 -3.4641016151377544 37
      vertex -1.7691547608760052 -3.587490966130753 4
    endloop
  endfacet
  facet normal 0.41270702980439505 0.9108638249211756 0
    outer loop
      vertex -1.7691547608760052 -3.587490966130753 4
      vertex -1.7691547608760052 -3.587490966130753 37
      vertex -1.5307337294603591 -3.695518130045147 4
    endloop
  endfacet
  facet normal 0.3522500479212341 0.9359059267573255 0
    outer loop
      vertex -1.5307337294603591 -3.695518130045147 4
      vertex -1.5307337294603591 -3.695518130045147 37
      vertex -1.2857578612126463 -3.7877205179804228 4
    endloop
  endfacet
  facet normal 0.2902846772544622 0.9569403357322087 0
    outer loop
      vertex -1.2857578612126463 -3.7877205179804228 4
      vertex -1.2857578612126463 -3.7877205179804228 37
      vertex -1.035276180410083 -3.8637033051562732 4
    endloop
  endfacet
  facet normal 0.2270762630343726 0.9738769792773337 0
    outer loop
      vertex -1.035276180410083 -3.8637033051562732 37
      vertex -0.780361288064513 -3.9231411216129217 4
      vertex -1.035276180410083 -3.8637033051562732 4
    endloop
  endfacet
  facet normal 0.1628954733945886 0.9866433320848791 0
    outer loop
      vertex -0.780361288064513 -3.9231411216129217 4
      vertex -0.780361288064513 -3.9231411216129217 37
      vertex -0.5221047688802063 -3.9657794454952415 4
    endloop
  endfacet
  facet normal 0.09801714032956063 0.9951847266721968 0
    outer loop
      vertex -0.5221047688802063 -3.9657794454952415 4
      vertex -0.5221047688802063 -3.9657794454952415 37
      vertex -0.26161251692057225 -3.991435692954414 4
    endloop
  endfacet
  facet normal 0.032719082821776574 0.9994645874763658 0
    outer loop
      vertex -0.26161251692057225 -3.991435692954414 4
      vertex -0.26161251692057225 -3.991435692954414 37
      vertex 0 -4 18
    endloop
  endfacet
  facet normal 0.8492021815265791 0.5280678506503679 0
    outer loop
      vertex -3.325878449210181 -2.2222809320784087 4
      vertex -3.4641016151377544 -2 37
      vertex -3.325878449210181 -2.2222809320784087 37
    endloop
  endfacet
  facet normal 0.9359059267573255 0.3522500479212341 0
    outer loop
      vertex -3.695518130045147 -1.5307337294603591 4
      vertex -3.7877205179804228 -1.2857578612126463 37
      vertex -3.695518130045147 -1.5307337294603591 37
    endloop
  endfacet
  facet normal 0.9569403357322087 0.2902846772544622 0
    outer loop
      vertex -3.7877205179804228 -1.2857578612126463 4
      vertex -3.8637033051562732 -1.035276180410083 37
      vertex -3.7877205179804228 -1.2857578612126463 37
    endloop
  endfacet
  facet normal 0.8819212643483549 0.4713967368259978 0
    outer loop
      vertex -3.4641016151377544 -2 4
      vertex -3.587490966130753 -1.7691547608760052 37
      vertex -3.4641016151377544 -2 37
    endloop
  endfacet
  facet normal 0.9108638249211756 0.41270702980439505 0
    outer loop
      vertex -3.587490966130753 -1.7691547608760052 4
      vertex -3.695518130045147 -1.5307337294603591 37
      vertex -3.587490966130753 -1.7691547608760052 37
    endloop
  endfacet
  facet normal 0.9738769792773337 0.2270762630343726 0
    outer loop
      vertex -3.8637033051562732 -1.035276180410083 4
      vertex -3.9231411216129217 -0.780361288064513 37
      vertex -3.8637033051562732 -1.035276180410083 37
    endloop
  endfacet
  facet normal 0.9866433320848791 0.1628954733945886 0
    outer loop
      vertex -3.9231411216129217 -0.780361288064513 4
      vertex -3.9657794454952415 -0.5221047688802063 37
      vertex -3.9231411216129217 -0.780361288064513 37
    endloop
  endfacet
  facet normal 0.9951847266721968 0.09801714032956063 0
    outer loop
      vertex -3.9657794454952415 -0.5221047688802063 4
      vertex -3.991435692954414 -0.26161251692057225 37
      vertex -3.9657794454952415 -0.5221047688802063 37
    endloop
  endfacet
  facet normal 0.9994645874763658 0.032719082821776574 0
    outer loop
      vertex -3.991435692954414 -0.26161251692057225 4
      vertex -4 0 37
      vertex -3.991435692954414 -0.26161251692057225 37
    endloop
  endfacet
  facet normal 0.6343932841636449 0.7730104533627374 0
    outer loop
      vertex -2.4350457160348826 -3.1734133611649407 37
      vertex -2.4350457160348826 -3.1734133611649407 4
      vertex -2.6373832604002754 -3.00735922991591 37
    endloop
  endfacet
  facet normal 0.7730104533627374 0.6343932841636449 0
    outer loop
      vertex -3.00735922991591 -2.6373832604002754 4
      vertex -3.1734133611649407 -2.4350457160348826 37
      vertex -3.00735922991591 -2.6373832604002754 37
    endloop
  endfacet
  facet normal 0.7298640726978358 0.6835923020228712 0
    outer loop
      vertex -2.8284271247461903 -2.8284271247461903 4
      vertex -3.00735922991591 -2.6373832604002754 37
      vertex -2.8284271247461903 -2.8284271247461903 37
    endloop
  endfacet
  facet normal 0.8128466845916156 0.5824776968678016 0
    outer loop
      vertex -3.1734133611649407 -2.4350457160348826 4
      vertex -3.325878449210181 -2.2222809320784087 37
      vertex -3.1734133611649407 -2.4350457160348826 37
    endloop
  endfacet
  facet normal 0.6835923020228712 0.7298640726978358 0
    outer loop
      vertex -2.6373832604002754 -3.00735922991591 37
      vertex -2.6373832604002754 -3.00735922991591 4
      vertex -2.8284271247461903 -2.8284271247461903 37
    endloop
  endfacet
  facet normal 0.5824776968678016 0.8128466845916156 0
    outer loop
      vertex -2.2222809320784087 -3.325878449210181 37
      vertex -2.2222809320784087 -3.325878449210181 4
      vertex -2.4350457160348826 -3.1734133611649407 37
    endloop
  endfacet
  facet normal 0.5280678506503679 0.8492021815265791 0
    outer loop
      vertex -2 -3.4641016151377544 37
      vertex -2 -3.4641016151377544 4
      vertex -2.2222809320784087 -3.325878449210181 37
    endloop
  endfacet
  facet normal 0.4713967368259978 0.8819212643483549 0
    outer loop
      vertex -1.7691547608760052 -3.587490966130753 37
      vertex -1.7691547608760052 -3.587490966130753 4
      vertex -2 -3.4641016151377544 37
    endloop
  endfacet
  facet normal 0.41270702980439505 0.9108638249211756 0
    outer loop
      vertex -1.5307337294603591 -3.695518130045147 37
      vertex -1.5307337294603591 -3.695518130045147 4
      vertex -1.7691547608760052 -3.587490966130753 37
    endloop
  endfacet
  facet normal 0.3522500479212341 0.9359059267573255 0
    outer loop
      vertex -1.2857578612126463 -3.7877205179804228 37
      vertex -1.2857578612126463 -3.7877205179804228 4
      vertex -1.5307337294603591 -3.695518130045147 37
    endloop
  endfacet
  facet normal 0.2902846772544622 0.9569403357322087 0
    outer loop
      vertex -1.035276180410083 -3.8637033051562732 37
      vertex -1.035276180410083 -3.8637033051562732 4
      vertex -1.2857578612126463 -3.7877205179804228 37
    endloop
  endfacet
  facet normal 0.2270762630343726 0.9738769792773337 0
    outer loop
      vertex -0.780361288064513 -3.9231411216129217 4
      vertex -1.035276180410083 -3.8637033051562732 37
      vertex -0.780361288064513 -3.9231411216129217 37
    endloop
  endfacet
  facet normal 0.1628954733945886 0.9866433320848791 0
    outer loop
      vertex -0.5221047688802063 -3.9657794454952415 37
      vertex -0.5221047688802063 -3.9657794454952415 4
      vertex -0.780361288064513 -3.9231411216129217 37
    endloop
  endfacet
  facet normal 0.09801714032956063 0.9951847266721968 0
    outer loop
      vertex -0.26161251692057225 -3.991435692954414 37
      vertex -0.26161251692057225 -3.991435692954414 4
      vertex -0.5221047688802063 -3.9657794454952415 37
    endloop
  endfacet
  facet normal 0.03271908282177657 0.9994645874763656 0
    outer loop
      vertex 0 -4 18
      vertex -0.26161251692057225 -3.991435692954414 37
      vertex 0 -4 37
    endloop
  endfacet
  facet normal 0 0 1
    outer loop
      vertex -3.991435692954414 -0.26161251692057225 4
      vertex -3.991435692954414 0.26161251692057225 4
      vertex -4 0 4
    endloop
  endfacet
  facet normal 0 0 1
    outer loop
      vertex -3.991435692954414 -0.26161251692057225 4
      vertex -3.9657794454952415 0.5221047688802063 4
      vertex -3.991435692954414 0.26161251692057225 4
    endloop
  endfacet
  facet normal 0 0 1
    outer loop
      vertex -3.9657794454952415 -0.5221047688802063 4
      vertex -3.9231411216129217 0.780361288064513 4
      vertex -3.9657794454952415 0.5221047688802063 4
    endloop
  endfacet
  facet normal 0 0 1
    outer loop
      vertex -3.9231411216129217 -0.780361288064513 4
      vertex -3.8637033051562732 1.035276180410083 4
      vertex -3.9231411216129217 0.780361288064513 4
    endloop
  endfacet
  facet normal 0 0 1
    outer loop
      vertex -3.8637033051562732 -1.035276180410083 4
      vertex -3.7877205179804228 1.2857578612126463 4
      vertex -3.8637033051562732 1.035276180410083 4
    endloop
  endfacet
  facet normal 0 0 1
    outer loop
      vertex -3.7877205179804228 -1.2857578612126463 4
      vertex -3.695518130045147 1.5307337294603591 4
      vertex -3.7877205179804228 1.2857578612126463 4
    endloop
  endfacet
  facet normal 0 0 1
    outer loop
      vertex -3.695518130045147 -1.5307337294603591 4
      vertex -3.587490966130753 1.7691547608760052 4
      vertex -3.695518130045147 1.5307337294603591 4
    endloop
  endfacet
  facet normal 0 0 1
    outer loop
      vertex -3.587490966130753 -1.7691547608760052 4
      vertex -3.4641016151377544 2 4
      vertex -3.587490966130753 1.7691547608760052 4
    endloop
  endfacet
  facet normal 0 0 1
    outer loop
      vertex -3.4641016151377544 -2 4
      vertex -3.325878449210181 2.2222809320784087 4
      vertex -3.4641016151377544 2 4
    endloop
  endfacet
  facet normal 0 0 1
    outer loop
      vertex -3.325878449210181 -2.2222809320784087 4
      vertex -3.1734133611649407 2.4350457160348826 4
      vertex -3.325878449210181 2.2222809320784087 4
    endloop
  endfacet
  facet normal 0.9994645874763658 -0.032719082821776574 3.791789048250788e-21
    outer loop
      vertex -4 0 4
      vertex -3.991435692954414 0.26161251692057225 4
      vertex -3.991435692954414 0.26161251692057225 37
    endloop
  endfacet
  facet normal 0.9951847266721968 -0.09801714032956063 3.032557696493886e-20
    outer loop
      vertex -3.991435692954414 0.26161251692057225 4
      vertex -3.9657794454952415 0.5221047688802063 4
      vertex -3.9657794454952415 0.5221047688802063 37
    endloop
  endfacet
  facet normal 0.9866433320848791 -0.1628954733945886 -4.372527238277657e-22
    outer loop
      vertex -3.9657794454952415 0.5221047688802063 4
      vertex -3.9231411216129217 0.780361288064513 4
      vertex -3.9231411216129217 0.780361288064513 37
    endloop
  endfacet
  facet normal 0.9738769792773337 -0.2270762630343726 -3.816706296512384e-20
    outer loop
      vertex -3.9231411216129217 0.780361288064513 4
      vertex -3.8637033051562732 1.035276180410083 4
      vertex -3.8637033051562732 1.035276180410083 37
    endloop
  endfacet
  facet normal 0.9569403357322087 -0.2902846772544622 7.74509487724558e-20
    outer loop
      vertex -3.8637033051562732 1.035276180410083 4
      vertex -3.7877205179804228 1.2857578612126463 4
      vertex -3.7877205179804228 1.2857578612126463 37
    endloop
  endfacet
  facet normal 0.9359059267573255 -0.3522500479212341 -6.842987987013984e-20
    outer loop
      vertex -3.7877205179804228 1.2857578612126463 4
      vertex -3.695518130045147 1.5307337294603591 4
      vertex -3.695518130045147 1.5307337294603591 37
    endloop
  endfacet
  facet normal 0.9108638249211756 -0.41270702980439505 -1.6467325148864785e-19
    outer loop
      vertex -3.695518130045147 1.5307337294603591 4
      vertex -3.587490966130753 1.7691547608760052 4
      vertex -3.587490966130753 1.7691547608760052 37
    endloop
  endfacet
  facet normal 0.8819212643483549 -0.4713967368259978 -1.1228618077636974e-19
    outer loop
      vertex -3.587490966130753 1.7691547608760052 4
      vertex -3.4641016151377544 2 4
      vertex -3.4641016151377544 2 37
    endloop
  endfacet
  facet normal 0.8492021815265791 -0.5280678506503679 -8.323642825355128e-20
    outer loop
      vertex -3.4641016151377544 2 4
      vertex -3.325878449210181 2.2222809320784087 4
      vertex -3.325878449210181 2.2222809320784087 37
    endloop
  endfacet
  facet normal 0 0 1
    outer loop
      vertex -3.1734133611649407 -2.4350457160348826 4
      vertex -3.00735922991591 2.6373832604002754 4
      vertex -3.1734133611649407 2.4350457160348826 4
    endloop
  endfacet
  facet normal 0 0 1
    outer loop
      vertex -3.00735922991591 -2.6373832604002754 4
      vertex -2.8284271247461903 2.8284271247461903 4
      vertex -3.00735922991591 2.6373832604002754 4
    endloop
  endfacet
  facet normal 0 0 1
    outer loop
      vertex -2.8284271247461903 -2.8284271247461903 4
      vertex -2.6373832604002754 3.00735922991591 4
      vertex -2.8284271247461903 2.8284271247461903 4
    endloop
  endfacet
  facet normal 0 0 1
    outer loop
      vertex -2.6373832604002754 -3.00735922991591 4
      vertex -2.4350457160348826 3.1734133611649407 4
      vertex -2.6373832604002754 3.00735922991591 4
    endloop
  endfacet
  facet normal 0 0 1
    outer loop
      vertex -2.4350457160348826 -3.1734133611649407 4
      vertex -2.2222809320784087 3.325878449210181 4
      vertex -2.4350457160348826 3.1734133611649407 4
    endloop
  endfacet
  facet normal 0 0 1
    outer loop
      vertex -2.2222809320784087 -3.325878449210181 4
      vertex -2 3.4641016151377544 4
      vertex -2.2222809320784087 3.325878449210181 4
    endloop
  endfacet
  facet normal 0 0 1
    outer loop
      vertex -2 -3.4641016151377544 4
      vertex -1.7691547608760052 3.587490966130753 4
      vertex -2 3.4641016151377544 4
    endloop
  endfacet
  facet normal 0 0 1
    outer loop
      vertex -1.7691547608760052 -3.587490966130753 4
      vertex -1.5307337294603591 3.695518130045147 4
      vertex -1.7691547608760052 3.587490966130753 4
    endloop
  endfacet
  facet normal 0 0 1
    outer loop
      vertex -1.5307337294603591 -3.695518130045147 4
      vertex -1.2972166002101846 0.08502406799918598 4
      vertex -1.2857578612126463 3.7877205179804228 4
    endloop
  endfacet
  facet normal 0 0 1
    outer loop
      vertex -1.5307337294603591 -3.695518130045147 4
      vertex -1.2857578612126463 3.7877205179804228 4
      vertex -1.5307337294603591 3.695518130045147 4
    endloop
  endfacet
  facet normal 0 0 1
    outer loop
      vertex -1.2972166002101846 0.08502406799918598 4
      vertex -1.2888783197859535 0.16968404988606706 4
      vertex -1.2857578612126463 3.7877205179804228 4
    endloop
  endfacet
  facet normal 0 0 1
    outer loop
      vertex -1.2888783197859535 0.16968404988606706 4
      vertex -1.2750208645241996 0.2536174186209667 4
      vertex -1.2857578612126463 3.7877205179804228 4
    endloop
  endfacet
  facet normal 0 0 1
    outer loop
      vertex -1.2750208645241996 0.2536174186209667 4
      vertex -1.255703574175789 0.33646475863327696 4
      vertex -1.2857578612126463 3.7877205179804228 4
    endloop
  endfacet
  facet normal 0 0 1
    outer loop
      vertex -1.255703574175789 0.33646475863327696 4
      vertex -1.2310091683436375 0.41787130489411006 4
      vertex -1.2857578612126463 3.7877205179804228 4
    endloop
  endfacet
  facet normal 0 0 1
    outer loop
      vertex -1.2310091683436375 0.41787130489411006 4
      vertex -1.2010433922646728 0.4974884620746167 4
      vertex -1.2857578612126463 3.7877205179804228 4
    endloop
  endfacet
  facet normal 0 0 1
    outer loop
      vertex -1.2010433922646728 0.4974884620746167 4
      vertex -1.1659345639924947 0.5749752972847018 4
      vertex -1.2857578612126463 3.7877205179804228 4
    endloop
  endfacet
  facet normal 0 0 1
    outer loop
      vertex -1.1659345639924947 0.5749752972847018 4
      vertex -1.12583302491977 0.65 4
      vertex -1.035276180410083 3.8637033051562732 4
    endloop
  endfacet
  facet normal 0 0 1
    outer loop
      vertex -1.12583302491977 0.65 4
      vertex -1.080910495993309 0.7222413029254828 4
      vertex -1.035276180410083 3.8637033051562732 4
    endloop
  endfacet
  facet normal 0 0 1
    outer loop
      vertex -1.080910495993309 0.7222413029254828 4
      vertex -1.0313593423786058 0.7913898577113369 4
      vertex -1.035276180410083 3.8637033051562732 4
    endloop
  endfacet
  facet normal 0 0 1
    outer loop
      vertex -1.0313593423786058 0.7913898577113369 4
      vertex -0.9773917497226707 0.8571495596300895 4
      vertex -1.035276180410083 3.8637033051562732 4
    endloop
  endfacet
  facet normal 0 0 1
    outer loop
      vertex -0.9773917497226707 0.8571495596300895 4
      vertex -0.9192388155425119 0.9192388155425119 4
      vertex -1.035276180410083 3.8637033051562732 4
    endloop
  endfacet
  facet normal 0 0 1
    outer loop
      vertex -0.9192388155425119 0.9192388155425119 4
      vertex -0.8571495596300895 0.9773917497226707 4
      vertex -0.780361288064513 3.9231411216129217 4
    endloop
  endfacet
  facet normal 0 0 1
    outer loop
      vertex -0.8571495596300895 0.9773917497226707 4
      vertex -0.7913898577113369 1.0313593423786058 4
      vertex -0.780361288064513 3.9231411216129217 4
    endloop
  endfacet
  facet normal 0 0 1
    outer loop
      vertex -1.1659345639924947 0.5749752972847018 4
      vertex -1.035276180410083 3.8637033051562732 4
      vertex -1.2857578612126463 3.7877205179804228 4
    endloop
  endfacet
  facet normal 0 0 1
    outer loop
      vertex -0.9192388155425119 0.9192388155425119 4
      vertex -0.780361288064513 3.9231411216129217 4
      vertex -1.035276180410083 3.8637033051562732 4
    endloop
  endfacet
  facet normal 0 0 1
    outer loop
      vertex -0.7913898577113369 1.0313593423786058 4
      vertex -0.7222413029254828 1.080910495993309 4
      vertex -0.780361288064513 3.9231411216129217 4
    endloop
  endfacet
  facet normal 0 0 1
    outer loop
      vertex -0.7222413029254828 1.080910495993309 4
      vertex -0.65 1.12583302491977 4
      vertex -0.780361288064513 3.9231411216129217 4
    endloop
  endfacet
  facet normal 0 0 1
    outer loop
      vertex -0.65 1.12583302491977 4
      vertex -0.5749752972847018 1.1659345639924947 4
      vertex -0.5221047688802063 3.9657794454952415 4
    endloop
  endfacet
  facet normal 0 0 1
    outer loop
      vertex -0.5749752972847018 1.1659345639924947 4
      vertex -0.4974884620746167 1.2010433922646728 4
      vertex -0.5221047688802063 3.9657794454952415 4
    endloop
  endfacet
  facet normal 0 0 1
    outer loop
      vertex -0.4974884620746167 1.2010433922646728 4
      vertex -0.41787130489411006 1.2310091683436375 4
      vertex -0.5221047688802063 3.9657794454952415 4
    endloop
  endfacet
  facet normal 0 0 1
    outer loop
      vertex -0.41787130489411006 1.2310091683436375 4
      vertex -0.33646475863327696 1.255703574175789 4
      vertex -0.26161251692057225 3.991435692954414 4
    endloop
  endfacet
  facet normal 0 0 1
    outer loop
      vertex -0.33646475863327696 1.255703574175789 4
      vertex -0.2536174186209667 1.2750208645241996 4
      vertex -0.26161251692057225 3.991435692954414 4
    endloop
  endfacet
  facet normal 0 0 1
    outer loop
      vertex -0.2536174186209667 1.2750208645241996 4
      vertex -0.16968404988606706 1.2888783197859535 4
      vertex -0.26161251692057225 3.991435692954414 4
    endloop
  endfacet
  facet normal 0 0 1
    outer loop
      vertex -0.16968404988606706 1.2888783197859535 4
      vertex -0.08502406799918598 1.2972166002101846 4
      vertex 0 4 4
    endloop
  endfacet
  facet normal 0 0 1
    outer loop
      vertex -0.08502406799918598 1.2972166002101846 4
      vertex 0 1.3 4
      vertex 0 4 4
    endloop
  endfacet
  facet normal 0 0 1
    outer loop
      vertex -0.65 1.12583302491977 4
      vertex -0.5221047688802063 3.9657794454952415 4
      vertex -0.780361288064513 3.9231411216129217 4
    endloop
  endfacet
  facet normal 0 0 1
    outer loop
      vertex -0.41787130489411006 1.2310091683436375 4
      vertex -0.26161251692057225 3.991435692954414 4
      vertex -0.5221047688802063 3.9657794454952415 4
    endloop
  endfacet
  facet normal 0 0 1
    outer loop
      vertex -0.16968404988606706 1.2888783197859535 4
      vertex 0 4 4
      vertex -0.26161251692057225 3.991435692954414 4
    endloop
  endfacet
  facet normal 0.8128466845916156 -0.5824776968678016 -2.833752249724764e-19
    outer loop
      vertex -3.325878449210181 2.2222809320784087 4
      vertex -3.1734133611649407 2.4350457160348826 4
      vertex -3.1734133611649407 2.4350457160348826 37
    endloop
  endfacet
  facet normal 0.7730104533627374 -0.6343932841636449 2.280084742950747e-19
    outer loop
      vertex -3.1734133611649407 2.4350457160348826 4
      vertex -3.00735922991591 2.6373832604002754 4
      vertex -3.00735922991591 2.6373832604002754 37
    endloop
  endfacet
  facet normal 0.7298640726978358 -0.6835923020228712 3.669742869981889e-19
    outer loop
      vertex -3.00735922991591 2.6373832604002754 4
      vertex -2.8284271247461903 2.8284271247461903 4
      vertex -2.8284271247461903 2.8284271247461903 37
    endloop
  endfacet
  facet normal 0.6835923020228712 -0.7298640726978358 0
    outer loop
      vertex -2.8284271247461903 2.8284271247461903 4
      vertex -2.6373832604002754 3.00735922991591 4
      vertex -2.8284271247461903 2.8284271247461903 37
    endloop
  endfacet
  facet normal 0.6343932841636449 -0.7730104533627374 0
    outer loop
      vertex -2.4350457160348826 3.1734133611649407 4
      vertex -2.4350457160348826 3.1734133611649407 37
      vertex -2.6373832604002754 3.00735922991591 4
    endloop
  endfacet
  facet normal 0.5824776968678016 -0.8128466845916156 0
    outer loop
      vertex -2.2222809320784087 3.325878449210181 4
      vertex -2.2222809320784087 3.325878449210181 37
      vertex -2.4350457160348826 3.1734133611649407 4
    endloop
  endfacet
  facet normal 0.5280678506503679 -0.8492021815265791 0
    outer loop
      vertex -2 3.4641016151377544 4
      vertex -2 3.4641016151377544 37
      vertex -2.2222809320784087 3.325878449210181 4
    endloop
  endfacet
  facet normal 0.4713967368259978 -0.8819212643483549 0
    outer loop
      vertex -1.7691547608760052 3.587490966130753 4
      vertex -1.7691547608760052 3.587490966130753 37
      vertex -2 3.4641016151377544 4
    endloop
  endfacet
  facet normal 0.09801714032956065 -0.9951847266721969 6.867564407690004e-18
    outer loop
      vertex -0.5221047688802063 3.9657794454952415 4
      vertex -0.26161251692057225 3.991435692954414 4
      vertex -0.49233422579910524 3.9687115880620043 35
    endloop
  endfacet
  facet normal 0.03271908282177656 -0.9994645874763655 0
    outer loop
      vertex -0.26161251692057225 3.991435692954414 4
      vertex 0 4 4
      vertex -0.26161251692057225 3.991435692954414 35
    endloop
  endfacet
  facet normal 0.41270702980439505 -0.9108638249211756 0
    outer loop
      vertex -1.5307337294603591 3.695518130045147 4
      vertex -1.5307337294603591 3.695518130045147 37
      vertex -1.7691547608760052 3.587490966130753 4
    endloop
  endfacet
  facet normal 0.3522500479212341 -0.9359059267573255 0
    outer loop
      vertex -1.2857578612126463 3.7877205179804228 4
      vertex -1.2857578612126463 3.7877205179804228 37
      vertex -1.5307337294603591 3.695518130045147 4
    endloop
  endfacet
  facet normal 0.2902846772544622 -0.9569403357322087 0
    outer loop
      vertex -1.035276180410083 3.8637033051562732 4
      vertex -1.035276180410083 3.8637033051562732 37
      vertex -1.2857578612126463 3.7877205179804228 4
    endloop
  endfacet
  facet normal 0.2270762630343726 -0.9738769792773337 0
    outer loop
      vertex -0.780361288064513 3.9231411216129217 4
      vertex -0.780361288064513 3.9231411216129217 37
      vertex -1.035276180410083 3.8637033051562732 4
    endloop
  endfacet
  facet normal 0.1628954733945886 -0.9866433320848791 0
    outer loop
      vertex -0.5221047688802063 3.9657794454952415 4
      vertex -0.5221047688802063 3.9657794454952415 37
      vertex -0.780361288064513 3.9231411216129217 4
    endloop
  endfacet
  facet normal 0.03271908282177656 -0.9994645874763655 0
    outer loop
      vertex 0 4 4
      vertex 0 4 6
      vertex -0.26161251692057225 3.991435692954414 35
    endloop
  endfacet
  facet normal 0.03271908282177657 -0.9994645874763656 0
    outer loop
      vertex 0 4 6
      vertex 0 4 18
      vertex -0.26161251692057225 3.991435692954414 35
    endloop
  endfacet
  facet normal 0.9994645874763658 -0.032719082821776574 0
    outer loop
      vertex -4 0 4
      vertex -3.991435692954414 0.26161251692057225 37
      vertex -4 0 37
    endloop
  endfacet
  facet normal 0.9951847266721968 -0.09801714032956063 0
    outer loop
      vertex -3.991435692954414 0.26161251692057225 4
      vertex -3.9657794454952415 0.5221047688802063 37
      vertex -3.991435692954414 0.26161251692057225 37
    endloop
  endfacet
  facet normal 0.9866433320848791 -0.1628954733945886 0
    outer loop
      vertex -3.9657794454952415 0.5221047688802063 4
      vertex -3.9231411216129217 0.780361288064513 37
      vertex -3.9657794454952415 0.5221047688802063 37
    endloop
  endfacet
  facet normal 0.9738769792773337 -0.2270762630343726 0
    outer loop
      vertex -3.9231411216129217 0.780361288064513 4
      vertex -3.8637033051562732 1.035276180410083 37
      vertex -3.9231411216129217 0.780361288064513 37
    endloop
  endfacet
  facet normal 0.9569403357322087 -0.2902846772544622 0
    outer loop
      vertex -3.8637033051562732 1.035276180410083 4
      vertex -3.7877205179804228 1.2857578612126463 37
      vertex -3.8637033051562732 1.035276180410083 37
    endloop
  endfacet
  facet normal 0.9359059267573255 -0.3522500479212341 0
    outer loop
      vertex -3.7877205179804228 1.2857578612126463 4
      vertex -3.695518130045147 1.5307337294603591 37
      vertex -3.7877205179804228 1.2857578612126463 37
    endloop
  endfacet
  facet normal 0.9108638249211756 -0.41270702980439505 0
    outer loop
      vertex -3.695518130045147 1.5307337294603591 4
      vertex -3.587490966130753 1.7691547608760052 37
      vertex -3.695518130045147 1.5307337294603591 37
    endloop
  endfacet
  facet normal 0.8819212643483549 -0.4713967368259978 0
    outer loop
      vertex -3.587490966130753 1.7691547608760052 4
      vertex -3.4641016151377544 2 37
      vertex -3.587490966130753 1.7691547608760052 37
    endloop
  endfacet
  facet normal 0.8492021815265791 -0.5280678506503679 0
    outer loop
      vertex -3.4641016151377544 2 4
      vertex -3.325878449210181 2.2222809320784087 37
      vertex -3.4641016151377544 2 37
    endloop
  endfacet
  facet normal 0.8128466845916156 -0.5824776968678016 0
    outer loop
      vertex -3.325878449210181 2.2222809320784087 4
      vertex -3.1734133611649407 2.4350457160348826 37
      vertex -3.325878449210181 2.2222809320784087 37
    endloop
  endfacet
  facet normal 0.7730104533627374 -0.6343932841636449 0
    outer loop
      vertex -3.1734133611649407 2.4350457160348826 4
      vertex -3.00735922991591 2.6373832604002754 37
      vertex -3.1734133611649407 2.4350457160348826 37
    endloop
  endfacet
  facet normal 0.7298640726978358 -0.6835923020228712 0
    outer loop
      vertex -3.00735922991591 2.6373832604002754 4
      vertex -2.8284271247461903 2.8284271247461903 37
      vertex -3.00735922991591 2.6373832604002754 37
    endloop
  endfacet
  facet normal 0.6835923020228712 -0.7298640726978358 0
    outer loop
      vertex -2.6373832604002754 3.00735922991591 4
      vertex -2.6373832604002754 3.00735922991591 37
      vertex -2.8284271247461903 2.8284271247461903 37
    endloop
  endfacet
  facet normal 0.6343932841636449 -0.7730104533627374 0
    outer loop
      vertex -2.6373832604002754 3.00735922991591 37
      vertex -2.6373832604002754 3.00735922991591 4
      vertex -2.4350457160348826 3.1734133611649407 37
    endloop
  endfacet
  facet normal 0.5824776968678016 -0.8128466845916156 0
    outer loop
      vertex -2.4350457160348826 3.1734133611649407 37
      vertex -2.4350457160348826 3.1734133611649407 4
      vertex -2.2222809320784087 3.325878449210181 37
    endloop
  endfacet
  facet normal 0.5280678506503679 -0.8492021815265791 0
    outer loop
      vertex -2.2222809320784087 3.325878449210181 37
      vertex -2.2222809320784087 3.325878449210181 4
      vertex -2 3.4641016151377544 37
    endloop
  endfacet
  facet normal 0.4713967368259978 -0.8819212643483549 0
    outer loop
      vertex -2 3.4641016151377544 37
      vertex -2 3.4641016151377544 4
      vertex -1.7691547608760052 3.587490966130753 37
    endloop
  endfacet
  facet normal 0.41270702980439505 -0.9108638249211756 0
    outer loop
      vertex -1.7691547608760052 3.587490966130753 37
      vertex -1.7691547608760052 3.587490966130753 4
      vertex -1.5307337294603591 3.695518130045147 37
    endloop
  endfacet
  facet normal 0.09801714032963799 -0.9951847266721893 -6.812718788317258e-17
    outer loop
      vertex -0.49233422579910524 3.9687115880620043 35
      vertex -0.49394344434402965 3.968553093869206 35.21621621621622
      vertex -0.5221047688802063 3.9657794454952415 4
    endloop
  endfacet
  facet normal 0.09801714032955973 -0.9951847266721969 0
    outer loop
      vertex -0.26161251692057225 3.991435692954414 4
      vertex -0.26161251692057225 3.991435692954414 35
      vertex -0.49233422579910524 3.9687115880620043 35
    endloop
  endfacet
  facet normal 0.3522500479212341 -0.9359059267573255 0
    outer loop
      vertex -1.5307337294603591 3.695518130045147 37
      vertex -1.5307337294603591 3.695518130045147 4
      vertex -1.2857578612126463 3.7877205179804228 37
    endloop
  endfacet
  facet normal 0.2902846772544622 -0.9569403357322087 0
    outer loop
      vertex -1.2857578612126463 3.7877205179804228 37
      vertex -1.2857578612126463 3.7877205179804228 4
      vertex -1.035276180410083 3.8637033051562732 37
    endloop
  endfacet
  facet normal 0.2270762630343726 -0.9738769792773337 0
    outer loop
      vertex -1.035276180410083 3.8637033051562732 37
      vertex -1.035276180410083 3.8637033051562732 4
      vertex -0.780361288064513 3.9231411216129217 37
    endloop
  endfacet
  facet normal 0.1628954733945886 -0.9866433320848791 0
    outer loop
      vertex -0.780361288064513 3.9231411216129217 37
      vertex -0.780361288064513 3.9231411216129217 4
      vertex -0.5221047688802063 3.9657794454952415 37
    endloop
  endfacet
  facet normal 0.09801714032956317 -0.9951847266721966 0
    outer loop
      vertex -0.5221047688802063 3.9657794454952415 37
      vertex -0.5221047688802063 3.9657794454952415 4
      vertex -0.49394344434402965 3.968553093869206 35.21621621621622
    endloop
  endfacet
  facet normal 0.03271908282177657 -0.9994645874763656 0
    outer loop
      vertex 0 4 18
      vertex 0 4 37
      vertex -0.26161251692057225 3.991435692954414 35
    endloop
  endfacet
  facet normal 0.09801714032956066 -0.9951847266721969 -4.057371953495412e-17
    outer loop
      vertex -0.5221047688802063 3.9657794454952415 37
      vertex -0.49394344434402965 3.968553093869206 35.21621621621622
      vertex -0.26161251692057225 3.991435692954414 37
    endloop
  endfacet
  facet normal 0.03271908282177656 -0.9994645874763655 0
    outer loop
      vertex -0.26161251692057225 3.991435692954414 37
      vertex -0.26161251692057225 3.991435692954414 35
      vertex 0 4 37
    endloop
  endfacet
  facet normal -0.03271908282177656 0.9994645874763655 0
    outer loop
      vertex 0 -4 4
      vertex 0 -4 6
      vertex 0.26161251692057225 -3.991435692954414 4
    endloop
  endfacet
  facet normal -0.09801714032956063 0.9951847266721968 0
    outer loop
      vertex 0.26161251692057225 -3.991435692954414 4
      vertex 0.26161251692057225 -3.991435692954414 6
      vertex 0.5221047688802063 -3.9657794454952415 4
    endloop
  endfacet
  facet normal 0 0 1
    outer loop
      vertex 0 -4 4
      vertex 0.26161251692057225 -3.991435692954414 4
      vertex 0.16968404988606706 -1.2888783197859535 4
    endloop
  endfacet
  facet normal 0 0 1
    outer loop
      vertex 0.26161251692057225 -3.991435692954414 4
      vertex 0.5221047688802063 -3.9657794454952415 4
      vertex 0.41787130489411006 -1.2310091683436375 4
    endloop
  endfacet
  facet normal -0.16289547339458857 0.986643332084879 0
    outer loop
      vertex 0.5221047688802063 -3.9657794454952415 4
      vertex 0.5221047688802063 -3.9657794454952415 6
      vertex 0.780361288064513 -3.9231411216129217 4
    endloop
  endfacet
  facet normal 0 0 1
    outer loop
      vertex 0.5221047688802063 -3.9657794454952415 4
      vertex 0.780361288064513 -3.9231411216129217 4
      vertex 0.65 -1.12583302491977 4
    endloop
  endfacet
  facet normal 0 0 1
    outer loop
      vertex 0 -4 4
      vertex 0.08502406799918598 -1.2972166002101846 4
      vertex 0 -1.3 4
    endloop
  endfacet
  facet normal 0 0 1
    outer loop
      vertex 0 -4 4
      vertex 0.16968404988606706 -1.2888783197859535 4
      vertex 0.08502406799918598 -1.2972166002101846 4
    endloop
  endfacet
  facet normal 0 0 1
    outer loop
      vertex 0.26161251692057225 -3.991435692954414 4
      vertex 0.2536174186209667 -1.2750208645241996 4
      vertex 0.16968404988606706 -1.2888783197859535 4
    endloop
  endfacet
  facet normal 0 0 1
    outer loop
      vertex 0.26161251692057225 -3.991435692954414 4
      vertex 0.33646475863327696 -1.255703574175789 4
      vertex 0.2536174186209667 -1.2750208645241996 4
    endloop
  endfacet
  facet normal 0 0 1
    outer loop
      vertex 0.26161251692057225 -3.991435692954414 4
      vertex 0.41787130489411006 -1.2310091683436375 4
      vertex 0.33646475863327696 -1.255703574175789 4
    endloop
  endfacet
  facet normal 0 0 1
    outer loop
      vertex 0.5221047688802063 -3.9657794454952415 4
      vertex 0.4974884620746167 -1.2010433922646728 4
      vertex 0.41787130489411006 -1.2310091683436375 4
    endloop
  endfacet
  facet normal 0 0 1
    outer loop
      vertex 0.5221047688802063 -3.9657794454952415 4
      vertex 0.5749752972847018 -1.1659345639924947 4
      vertex 0.4974884620746167 -1.2010433922646728 4
    endloop
  endfacet
  facet normal 0 0 1
    outer loop
      vertex 0.5221047688802063 -3.9657794454952415 4
      vertex 0.65 -1.12583302491977 4
      vertex 0.5749752972847018 -1.1659345639924947 4
    endloop
  endfacet
  facet normal 0 0 1
    outer loop
      vertex 0.780361288064513 -3.9231411216129217 4
      vertex 0.7222413029254828 -1.080910495993309 4
      vertex 0.65 -1.12583302491977 4
    endloop
  endfacet
  facet normal 0 0 1
    outer loop
      vertex 0.780361288064513 -3.9231411216129217 4
      vertex 0.7913898577113369 -1.0313593423786058 4
      vertex 0.7222413029254828 -1.080910495993309 4
    endloop
  endfacet
  facet normal -0.22707626303437256 0.9738769792773337 0
    outer loop
      vertex 0.780361288064513 -3.9231411216129217 4
      vertex 0.780361288064513 -3.9231411216129217 6
      vertex 1.035276180410083 -3.8637033051562732 4
    endloop
  endfacet
  facet normal -0.2902846772544623 0.9569403357322088 0
    outer loop
      vertex 1.035276180410083 -3.8637033051562732 4
      vertex 1.035276180410083 -3.8637033051562732 6
      vertex 1.2857578612126463 -3.7877205179804228 4
    endloop
  endfacet
  facet normal -0.35225004792123404 0.9359059267573255 0
    outer loop
      vertex 1.2857578612126463 -3.7877205179804228 4
      vertex 1.2857578612126463 -3.7877205179804228 6
      vertex 1.5307337294603591 -3.695518130045147 4
    endloop
  endfacet
  facet normal -0.4127070298043951 0.9108638249211757 0
    outer loop
      vertex 1.5307337294603591 -3.695518130045147 4
      vertex 1.5307337294603591 -3.695518130045147 6
      vertex 1.7691547608760052 -3.587490966130753 4
    endloop
  endfacet
  facet normal 0 0 1
    outer loop
      vertex 0.780361288064513 -3.9231411216129217 4
      vertex 1.035276180410083 -3.8637033051562732 4
      vertex 0.9192388155425119 -0.9192388155425119 4
    endloop
  endfacet
  facet normal 0 0 1
    outer loop
      vertex 1.035276180410083 -3.8637033051562732 4
      vertex 1.2857578612126463 -3.7877205179804228 4
      vertex 1.1659345639924947 -0.5749752972847018 4
    endloop
  endfacet
  facet normal -0.03271908282177656 0.9994645874763655 6.256451929613799e-20
    outer loop
      vertex 0 -4 6
      vertex 0.26161251692057225 -3.991435692954414 6
      vertex 0.26161251692057225 -3.991435692954414 4
    endloop
  endfacet
  facet normal -0.09801714032956063 0.9951847266721968 0
    outer loop
      vertex 0.5221047688802063 -3.9657794454952415 4
      vertex 0.26161251692057225 -3.991435692954414 6
      vertex 0.5221047688802063 -3.9657794454952415 6
    endloop
  endfacet
  facet normal -0.16289547339458857 0.986643332084879 0
    outer loop
      vertex 0.780361288064513 -3.9231411216129217 4
      vertex 0.5221047688802063 -3.9657794454952415 6
      vertex 0.780361288064513 -3.9231411216129217 6
    endloop
  endfacet
  facet normal -0.22707626303437256 0.9738769792773337 -6.297565389245433e-19
    outer loop
      vertex 0.780361288064513 -3.9231411216129217 6
      vertex 1.035276180410083 -3.8637033051562732 6
      vertex 1.035276180410083 -3.8637033051562732 4
    endloop
  endfacet
  facet normal -0.2902846772544623 0.9569403357322088 0
    outer loop
      vertex 1.2857578612126463 -3.7877205179804228 4
      vertex 1.035276180410083 -3.8637033051562732 6
      vertex 1.2857578612126463 -3.7877205179804228 6
    endloop
  endfacet
  facet normal -0.35225004792123404 0.9359059267573255 -1.1290930178573074e-18
    outer loop
      vertex 1.2857578612126463 -3.7877205179804228 6
      vertex 1.5307337294603591 -3.695518130045147 6
      vertex 1.5307337294603591 -3.695518130045147 4
    endloop
  endfacet
  facet normal 0 0 1
    outer loop
      vertex 0.780361288064513 -3.9231411216129217 4
      vertex 0.8571495596300895 -0.9773917497226707 4
      vertex 0.7913898577113369 -1.0313593423786058 4
    endloop
  endfacet
  facet normal 0 0 1
    outer loop
      vertex 0.780361288064513 -3.9231411216129217 4
      vertex 0.9192388155425119 -0.9192388155425119 4
      vertex 0.8571495596300895 -0.9773917497226707 4
    endloop
  endfacet
  facet normal 0 0 1
    outer loop
      vertex 1.035276180410083 -3.8637033051562732 4
      vertex 0.9773917497226707 -0.8571495596300895 4
      vertex 0.9192388155425119 -0.9192388155425119 4
    endloop
  endfacet
  facet normal 0 0 1
    outer loop
      vertex 1.035276180410083 -3.8637033051562732 4
      vertex 1.0313593423786058 -0.7913898577113369 4
      vertex 0.9773917497226707 -0.8571495596300895 4
    endloop
  endfacet
  facet normal 0 0 1
    outer loop
      vertex 1.035276180410083 -3.8637033051562732 4
      vertex 1.080910495993309 -0.7222413029254828 4
      vertex 1.0313593423786058 -0.7913898577113369 4
    endloop
  endfacet
  facet normal 0 0 1
    outer loop
      vertex 1.035276180410083 -3.8637033051562732 4
      vertex 1.12583302491977 -0.65 4
      vertex 1.080910495993309 -0.7222413029254828 4
    endloop
  endfacet
  facet normal 0 0 1
    outer loop
      vertex 1.035276180410083 -3.8637033051562732 4
      vertex 1.1659345639924947 -0.5749752972847018 4
      vertex 1.12583302491977 -0.65 4
    endloop
  endfacet
  facet normal 0 0 1
    outer loop
      vertex 1.2857578612126463 -3.7877205179804228 4
      vertex 1.2010433922646728 -0.4974884620746167 4
      vertex 1.1659345639924947 -0.5749752972847018 4
    endloop
  endfacet
  facet normal 0 0 1
    outer loop
      vertex 1.2857578612126463 -3.7877205179804228 4
      vertex 1.2310091683436375 -0.41787130489411006 4
      vertex 1.2010433922646728 -0.4974884620746167 4
    endloop
  endfacet
  facet normal 0 0 1
    outer loop
      vertex 1.2857578612126463 -3.7877205179804228 4
      vertex 1.255703574175789 -0.33646475863327696 4
      vertex 1.2310091683436375 -0.41787130489411006 4
    endloop
  endfacet
  facet normal 0 0 1
    outer loop
      vertex 1.2857578612126463 -3.7877205179804228 4
      vertex 1.2750208645241996 -0.2536174186209667 4
      vertex 1.255703574175789 -0.33646475863327696 4
    endloop
  endfacet
  facet normal 0 0 1
    outer loop
      vertex 1.2857578612126463 -3.7877205179804228 4
      vertex 1.2888783197859535 -0.16968404988606706 4
      vertex 1.2750208645241996 -0.2536174186209667 4
    endloop
  endfacet
  facet normal 0 0 1
    outer loop
      vertex 1.2857578612126463 -3.7877205179804228 4
      vertex 1.2972166002101846 -0.08502406799918598 4
      vertex 1.2888783197859535 -0.16968404988606706 4
    endloop
  endfacet
  facet normal 0 0 1
    outer loop
      vertex 1.2857578612126463 -3.7877205179804228 4
      vertex 1.5307337294603591 -3.695518130045147 4
      vertex 1.5307337294603591 3.695518130045147 4
    endloop
  endfacet
  facet normal 0 0 1
    outer loop
      vertex 1.2857578612126463 -3.7877205179804228 4
      vertex 1.5307337294603591 3.695518130045147 4
      vertex 1.2972166002101846 -0.08502406799918598 4
    endloop
  endfacet
  facet normal -0.47139673682599775 0.8819212643483548 0
    outer loop
      vertex 1.7691547608760052 -3.587490966130753 4
      vertex 1.7691547608760052 -3.587490966130753 6
      vertex 2 -3.4641016151377544 4
    endloop
  endfacet
  facet normal -0.5280678506503678 0.849202181526579 0
    outer loop
      vertex 2 -3.4641016151377544 4
      vertex 2 -3.4641016151377544 6
      vertex 2.2222809320784087 -3.325878449210181 4
    endloop
  endfacet
  facet normal -0.5824776968678017 0.8128466845916156 0
    outer loop
      vertex 2.2222809320784087 -3.325878449210181 4
      vertex 2.2222809320784087 -3.325878449210181 6
      vertex 2.4350457160348826 -3.1734133611649407 4
    endloop
  endfacet
  facet normal -0.6343932841636449 0.7730104533627374 0
    outer loop
      vertex 2.4350457160348826 -3.1734133611649407 4
      vertex 2.4350457160348826 -3.1734133611649407 6
      vertex 2.6373832604002754 -3.00735922991591 4
    endloop
  endfacet
  facet normal -0.6835923020228711 0.7298640726978358 0
    outer loop
      vertex 2.6373832604002754 -3.00735922991591 4
      vertex 2.6373832604002754 -3.00735922991591 6
      vertex 2.8284271247461903 -2.8284271247461903 4
    endloop
  endfacet
  facet normal -0.7298640726978358 0.6835923020228711 0
    outer loop
      vertex 2.8284271247461903 -2.8284271247461903 4
      vertex 2.8284271247461903 -2.8284271247461903 6
      vertex 3.00735922991591 -2.6373832604002754 4
    endloop
  endfacet
  facet normal -0.7730104533627374 0.6343932841636449 0
    outer loop
      vertex 3.00735922991591 -2.6373832604002754 4
      vertex 3.00735922991591 -2.6373832604002754 6
      vertex 3.1734133611649407 -2.4350457160348826 4
    endloop
  endfacet
  facet normal -0.8128466845916156 0.5824776968678017 0
    outer loop
      vertex 3.1734133611649407 -2.4350457160348826 4
      vertex 3.1734133611649407 -2.4350457160348826 6
      vertex 3.325878449210181 -2.2222809320784087 4
    endloop
  endfacet
  facet normal -0.4127070298043951 0.9108638249211757 0
    outer loop
      vertex 1.7691547608760052 -3.587490966130753 4
      vertex 1.5307337294603591 -3.695518130045147 6
      vertex 1.7691547608760052 -3.587490966130753 6
    endloop
  endfacet
  facet normal -0.47139673682599775 0.8819212643483548 -1.8527219828101005e-18
    outer loop
      vertex 1.7691547608760052 -3.587490966130753 6
      vertex 2 -3.4641016151377544 6
      vertex 2 -3.4641016151377544 4
    endloop
  endfacet
  facet normal -0.5280678506503678 0.849202181526579 -1.373401066183596e-18
    outer loop
      vertex 2 -3.4641016151377544 6
      vertex 2.2222809320784087 -3.325878449210181 6
      vertex 2.2222809320784087 -3.325878449210181 4
    endloop
  endfacet
  facet normal -0.5824776968678017 0.8128466845916156 -4.675691212045861e-18
    outer loop
      vertex 2.2222809320784087 -3.325878449210181 6
      vertex 2.4350457160348826 -3.1734133611649407 6
      vertex 2.4350457160348826 -3.1734133611649407 4
    endloop
  endfacet
  facet normal -0.6343932841636449 0.7730104533627374 0
    outer loop
      vertex 2.6373832604002754 -3.00735922991591 4
      vertex 2.4350457160348826 -3.1734133611649407 6
      vertex 2.6373832604002754 -3.00735922991591 6
    endloop
  endfacet
  facet normal -0.6835923020228711 0.7298640726978358 6.055075735470116e-18
    outer loop
      vertex 2.6373832604002754 -3.00735922991591 6
      vertex 2.8284271247461903 -2.8284271247461903 6
      vertex 2.8284271247461903 -2.8284271247461903 4
    endloop
  endfacet
  facet normal -0.7298640726978358 0.6835923020228711 6.055075735470116e-18
    outer loop
      vertex 2.8284271247461903 -2.8284271247461903 6
      vertex 3.00735922991591 -2.6373832604002754 6
      vertex 3.00735922991591 -2.6373832604002754 4
    endloop
  endfacet
  facet normal -0.7730104533627374 0.6343932841636449 3.762139825868732e-18
    outer loop
      vertex 3.00735922991591 -2.6373832604002754 6
      vertex 3.1734133611649407 -2.4350457160348826 6
      vertex 3.1734133611649407 -2.4350457160348826 4
    endloop
  endfacet
  facet normal 0 0 1
    outer loop
      vertex 1.5307337294603591 -3.695518130045147 4
      vertex 1.7691547608760052 -3.587490966130753 4
      vertex 1.7691547608760052 3.587490966130753 4
    endloop
  endfacet
  facet normal 0 0 1
    outer loop
      vertex 1.7691547608760052 -3.587490966130753 4
      vertex 2 -3.4641016151377544 4
      vertex 2 3.4641016151377544 4
    endloop
  endfacet
  facet normal 0 0 1
    outer loop
      vertex 2 -3.4641016151377544 4
      vertex 2.2222809320784087 -3.325878449210181 4
      vertex 2.2222809320784087 3.325878449210181 4
    endloop
  endfacet
  facet normal 0 0 1
    outer loop
      vertex 2.2222809320784087 -3.325878449210181 4
      vertex 2.4350457160348826 -3.1734133611649407 4
      vertex 2.4350457160348826 3.1734133611649407 4
    endloop
  endfacet
  facet normal 0 0 1
    outer loop
      vertex 2.4350457160348826 -3.1734133611649407 4
      vertex 2.6373832604002754 -3.00735922991591 4
      vertex 2.6373832604002754 3.00735922991591 4
    endloop
  endfacet
  facet normal 0 0 1
    outer loop
      vertex 2.6373832604002754 -3.00735922991591 4
      vertex 2.8284271247461903 -2.8284271247461903 4
      vertex 2.8284271247461903 2.8284271247461903 4
    endloop
  endfacet
  facet normal 0 0 1
    outer loop
      vertex 2.8284271247461903 -2.8284271247461903 4
      vertex 3.00735922991591 -2.6373832604002754 4
      vertex 3.00735922991591 2.6373832604002754 4
    endloop
  endfacet
  facet normal 0 0 1
    outer loop
      vertex 3.00735922991591 -2.6373832604002754 4
      vertex 3.1734133611649407 -2.4350457160348826 4
      vertex 3.1734133611649407 2.4350457160348826 4
    endloop
  endfacet
  facet normal -0.849202181526579 0.5280678506503678 0
    outer loop
      vertex 3.325878449210181 -2.2222809320784087 4
      vertex 3.325878449210181 -2.2222809320784087 6
      vertex 3.4641016151377544 -2 4
    endloop
  endfacet
  facet normal -0.8128466845916156 0.5824776968678017 -4.675691212045861e-18
    outer loop
      vertex 3.1734133611649407 -2.4350457160348826 6
      vertex 3.325878449210181 -2.2222809320784087 6
      vertex 3.325878449210181 -2.2222809320784087 4
    endloop
  endfacet
  facet normal -0.849202181526579 0.5280678506503678 -1.373401066183596e-18
    outer loop
      vertex 3.325878449210181 -2.2222809320784087 6
      vertex 3.4641016151377544 -2 6
      vertex 3.4641016151377544 -2 4
    endloop
  endfacet
  facet normal -0.8819212643483548 0.47139673682599775 0
    outer loop
      vertex 3.4641016151377544 -2 4
      vertex 3.4641016151377544 -2 6
      vertex 3.587490966130753 -1.7691547608760052 4
    endloop
  endfacet
  facet normal -0.9108638249211757 0.4127070298043951 0
    outer loop
      vertex 3.587490966130753 -1.7691547608760052 4
      vertex 3.587490966130753 -1.7691547608760052 6
      vertex 3.695518130045147 -1.5307337294603591 4
    endloop
  endfacet
  facet normal -0.9359059267573255 0.35225004792123404 0
    outer loop
      vertex 3.695518130045147 -1.5307337294603591 4
      vertex 3.695518130045147 -1.5307337294603591 6
      vertex 3.7877205179804228 -1.2857578612126463 4
    endloop
  endfacet
  facet normal -0.9569403357322088 0.2902846772544623 0
    outer loop
      vertex 3.7877205179804228 -1.2857578612126463 4
      vertex 3.7877205179804228 -1.2857578612126463 6
      vertex 3.8637033051562732 -1.035276180410083 4
    endloop
  endfacet
  facet normal 0 0 1
    outer loop
      vertex 3.1734133611649407 -2.4350457160348826 4
      vertex 3.325878449210181 -2.2222809320784087 4
      vertex 3.325878449210181 2.2222809320784087 4
    endloop
  endfacet
  facet normal 0 0 1
    outer loop
      vertex 3.325878449210181 -2.2222809320784087 4
      vertex 3.4641016151377544 -2 4
      vertex 3.4641016151377544 2 4
    endloop
  endfacet
  facet normal 0 0 1
    outer loop
      vertex 3.4641016151377544 -2 4
      vertex 3.587490966130753 -1.7691547608760052 4
      vertex 3.587490966130753 1.7691547608760052 4
    endloop
  endfacet
  facet normal 0 0 1
    outer loop
      vertex 3.587490966130753 -1.7691547608760052 4
      vertex 3.695518130045147 -1.5307337294603591 4
      vertex 3.695518130045147 1.5307337294603591 4
    endloop
  endfacet
  facet normal 0 0 1
    outer loop
      vertex 3.695518130045147 -1.5307337294603591 4
      vertex 3.7877205179804228 -1.2857578612126463 4
      vertex 3.7877205179804228 1.2857578612126463 4
    endloop
  endfacet
  facet normal -0.9738769792773337 0.22707626303437256 0
    outer loop
      vertex 3.8637033051562732 -1.035276180410083 4
      vertex 3.8637033051562732 -1.035276180410083 6
      vertex 3.9231411216129217 -0.780361288064513 4
    endloop
  endfacet
  facet normal -0.986643332084879 0.16289547339458857 0
    outer loop
      vertex 3.9231411216129217 -0.780361288064513 4
      vertex 3.9231411216129217 -0.780361288064513 6
      vertex 3.9657794454952415 -0.5221047688802063 4
    endloop
  endfacet
  facet normal 0 0 1
    outer loop
      vertex 3.7877205179804228 -1.2857578612126463 4
      vertex 3.8637033051562732 -1.035276180410083 4
      vertex 3.8637033051562732 1.035276180410083 4
    endloop
  endfacet
  facet normal 0 0 1
    outer loop
      vertex 3.8637033051562732 -1.035276180410083 4
      vertex 3.9231411216129217 -0.780361288064513 4
      vertex 3.9231411216129217 0.780361288064513 4
    endloop
  endfacet
  facet normal 0 0 1
    outer loop
      vertex 3.9231411216129217 -0.780361288064513 4
      vertex 3.9657794454952415 -0.5221047688802063 4
      vertex 3.9657794454952415 0.5221047688802063 4
    endloop
  endfacet
  facet normal -0.9951847266721968 0.09801714032956063 0
    outer loop
      vertex 3.9657794454952415 -0.5221047688802063 4
      vertex 3.9657794454952415 -0.5221047688802063 6
      vertex 3.991435692954414 -0.26161251692057225 4
    endloop
  endfacet
  facet normal 0 0 1
    outer loop
      vertex 3.9657794454952415 -0.5221047688802063 4
      vertex 3.991435692954414 -0.26161251692057225 4
      vertex 3.991435692954414 0.26161251692057225 4
    endloop
  endfacet
  facet normal -0.9994645874763655 0.03271908282177656 0
    outer loop
      vertex 3.991435692954414 -0.26161251692057225 4
      vertex 3.991435692954414 -0.26161251692057225 6
      vertex 4 0 4
    endloop
  endfacet
  facet normal -0.8819212643483548 0.47139673682599775 -1.8527219828101005e-18
    outer loop
      vertex 3.4641016151377544 -2 6
      vertex 3.587490966130753 -1.7691547608760052 6
      vertex 3.587490966130753 -1.7691547608760052 4
    endloop
  endfacet
  facet normal -0.9108638249211757 0.4127070298043951 -2.7171086495626898e-18
    outer loop
      vertex 3.587490966130753 -1.7691547608760052 6
      vertex 3.695518130045147 -1.5307337294603591 6
      vertex 3.695518130045147 -1.5307337294603591 4
    endloop
  endfacet
  facet normal -0.9359059267573255 0.35225004792123404 -1.1290930178573074e-18
    outer loop
      vertex 3.695518130045147 -1.5307337294603591 6
      vertex 3.7877205179804228 -1.2857578612126463 6
      vertex 3.7877205179804228 -1.2857578612126463 4
    endloop
  endfacet
  facet normal -0.9569403357322088 0.2902846772544623 1.277940654745521e-18
    outer loop
      vertex 3.7877205179804228 -1.2857578612126463 6
      vertex 3.8637033051562732 -1.035276180410083 6
      vertex 3.8637033051562732 -1.035276180410083 4
    endloop
  endfacet
  facet normal -0.9738769792773337 0.22707626303437256 -6.297565389245433e-19
    outer loop
      vertex 3.8637033051562732 -1.035276180410083 6
      vertex 3.9231411216129217 -0.780361288064513 6
      vertex 3.9231411216129217 -0.780361288064513 4
    endloop
  endfacet
  facet normal -0.986643332084879 0.16289547339458857 -7.214669943158134e-21
    outer loop
      vertex 3.9231411216129217 -0.780361288064513 6
      vertex 3.9657794454952415 -0.5221047688802063 6
      vertex 3.9657794454952415 -0.5221047688802063 4
    endloop
  endfacet
  facet normal -0.9951847266721968 0.09801714032956063 5.003720199214913e-19
    outer loop
      vertex 3.9657794454952415 -0.5221047688802063 6
      vertex 3.991435692954414 -0.26161251692057225 6
      vertex 3.991435692954414 -0.26161251692057225 4
    endloop
  endfacet
  facet normal -0.9994645874763655 0.03271908282177656 6.256451929613799e-20
    outer loop
      vertex 3.991435692954414 -0.26161251692057225 6
      vertex 4 0 6
      vertex 4 0 4
    endloop
  endfacet
  facet normal -0.03271908282177656 0.9994645874763656 0
    outer loop
      vertex 0.26161251692057225 -3.991435692954414 18
      vertex 0 -4 18
      vertex 0.26161251692057225 -3.991435692954414 35
    endloop
  endfacet
  facet normal -0.09801714032956066 0.9951847266721969 -1.2320277634860238e-17
    outer loop
      vertex 0.26161251692057225 -3.991435692954414 18
      vertex 0.3112300887224073 -3.986548788676476 35
      vertex 0.5221047688802063 -3.9657794454952415 18
    endloop
  endfacet
  facet normal -0.1628954733945886 0.9866433320848791 1.0197600954706925e-17
    outer loop
      vertex 0.5221047688802063 -3.9657794454952415 18
      vertex 0.5712964868200743 -3.9576578599938474 35
      vertex 0.780361288064513 -3.9231411216129217 18
    endloop
  endfacet
  facet normal -0.22707626303437256 0.9738769792773337 -5.4530998130868294e-18
    outer loop
      vertex 0.780361288064513 -3.9231411216129217 18
      vertex 0.8289165056541453 -3.911819632764036 35
      vertex 1.035276180410083 -3.8637033051562732 18
    endloop
  endfacet
  facet normal -0.2902846772544623 0.9569403357322088 -1.1898715424571125e-17
    outer loop
      vertex 1.035276180410083 -3.8637033051562732 18
      vertex 1.0829869767534284 -3.849230393313254 35
      vertex 1.2857578612126463 -3.7877205179804228 18
    endloop
  endfacet
  facet normal -0.35225004792123404 0.9359059267573255 -1.0813074238746616e-17
    outer loop
      vertex 1.2857578612126463 -3.7877205179804228 18
      vertex 1.3324199313550678 -3.7701581583737034 35
      vertex 1.5307337294603591 -3.695518130045147 18
    endloop
  endfacet
  facet normal -0.09801714032956481 0.9951847266721964 0
    outer loop
      vertex 0.26161251692057225 -3.991435692954414 18
      vertex 0.26161251692057225 -3.991435692954414 35
      vertex 0.3112300887224073 -3.986548788676476 35
    endloop
  endfacet
  facet normal -0.09801714032955966 0.995184726672197 0
    outer loop
      vertex 0.5221047688802063 -3.9657794454952415 18
      vertex 0.3112300887224073 -3.986548788676476 35
      vertex 0.5221047688802063 -3.9657794454952415 35
    endloop
  endfacet
  facet normal -0.16289547339458516 0.9866433320848795 0
    outer loop
      vertex 0.5221047688802063 -3.9657794454952415 18
      vertex 0.5221047688802063 -3.9657794454952415 35
      vertex 0.5712964868200743 -3.9576578599938474 35
    endloop
  endfacet
  facet normal -0.16289547339458943 0.986643332084879 0
    outer loop
      vertex 0.780361288064513 -3.9231411216129217 18
      vertex 0.5712964868200743 -3.9576578599938474 35
      vertex 0.780361288064513 -3.9231411216129217 35
    endloop
  endfacet
  facet normal -0.22707626303437442 0.9738769792773334 0
    outer loop
      vertex 0.780361288064513 -3.9231411216129217 18
      vertex 0.780361288064513 -3.9231411216129217 35
      vertex 0.8289165056541453 -3.911819632764036 35
    endloop
  endfacet
  facet normal -0.22707626303437214 0.9738769792773339 0
    outer loop
      vertex 1.035276180410083 -3.8637033051562732 18
      vertex 0.8289165056541453 -3.911819632764036 35
      vertex 1.035276180410083 -3.8637033051562732 35
    endloop
  endfacet
  facet normal -0.29028467725446616 0.9569403357322078 0
    outer loop
      vertex 1.035276180410083 -3.8637033051562732 18
      vertex 1.035276180410083 -3.8637033051562732 35
      vertex 1.0829869767534284 -3.849230393313254 35
    endloop
  endfacet
  facet normal -0.2902846772544614 0.9569403357322092 0
    outer loop
      vertex 1.2857578612126463 -3.7877205179804228 18
      vertex 1.0829869767534284 -3.849230393313254 35
      vertex 1.2857578612126463 -3.7877205179804228 35
    endloop
  endfacet
  facet normal -0.3522500479212375 0.9359059267573242 0
    outer loop
      vertex 1.2857578612126463 -3.7877205179804228 18
      vertex 1.2857578612126463 -3.7877205179804228 35
      vertex 1.3324199313550678 -3.7701581583737034 35
    endloop
  endfacet
  facet normal -0.35225004792123327 0.9359059267573259 0
    outer loop
      vertex 1.5307337294603591 -3.695518130045147 18
      vertex 1.3324199313550678 -3.7701581583737034 35
      vertex 1.5307337294603591 -3.695518130045147 35
    endloop
  endfacet
  facet normal -0.41270702980439744 0.9108638249211746 0
    outer loop
      vertex 1.5307337294603591 -3.695518130045147 18
      vertex 1.5307337294603591 -3.695518130045147 35
      vertex 1.5761472592538155 -3.674941527394786 35
    endloop
  endfacet
  facet normal -0.4127070298043951 0.9108638249211757 -7.588252550426466e-18
    outer loop
      vertex 1.5307337294603591 -3.695518130045147 18
      vertex 1.5761472592538155 -3.674941527394786 35
      vertex 1.7691547608760052 -3.587490966130753 18
    endloop
  endfacet
  facet normal -0.4713967368259978 0.881921264348355 9.393863507002275e-18
    outer loop
      vertex 1.7691547608760052 -3.587490966130753 18
      vertex 1.813125282613909 -3.5639882326082772 35
      vertex 2 -3.4641016151377544 18
    endloop
  endfacet
  facet normal -0.5280678506503678 0.849202181526579 2.9344420927304803e-18
    outer loop
      vertex 2 -3.4641016151377544 18
      vertex 2.042339225157792 -3.437773393056312 35
      vertex 2.2222809320784087 -3.325878449210181 18
    endloop
  endfacet
  facet normal -0.5824776968678016 0.8128466845916155 -3.1417169369138926e-18
    outer loop
      vertex 2.2222809320784087 -3.325878449210181 18
      vertex 2.2628075575939275 -3.2968374800587066 35
      vertex 2.4350457160348826 -3.1734133611649407 18
    endloop
  endfacet
  facet normal -0.6343932841636449 0.7730104533627375 6.126469043249983e-19
    outer loop
      vertex 2.4350457160348826 -3.1734133611649407 18
      vertex 2.4735862006759097 -3.141784002831792 35
      vertex 2.6373832604002754 -3.00735922991591 18
    endloop
  endfacet
  facet normal -0.6835923020228711 0.7298640726978358 4.865296836727078e-18
    outer loop
      vertex 2.6373832604002754 -3.00735922991591 18
      vertex 2.6737725678947353 -2.973276924169297 35
      vertex 2.8284271247461903 -2.8284271247461903 18
    endloop
  endfacet
  facet normal -0.7298640726978358 0.6835923020228711 -4.777547160553602e-18
    outer loop
      vertex 2.8284271247461903 -2.8284271247461903 18
      vertex 2.8625094304928034 -2.7920378172517304 35
      vertex 3.00735922991591 -2.6373832604002754 18
    endloop
  endfacet
  facet normal -0.7730104533627375 0.6343932841636449 -6.618481002858149e-19
    outer loop
      vertex 3.00735922991591 -2.6373832604002754 18
      vertex 3.0389885882490586 -2.5988427757592483 35
      vertex 3.1734133611649407 -2.4350457160348826 18
    endloop
  endfacet
  facet normal -0.8128466845916155 0.5824776968678016 3.161883836549747e-18
    outer loop
      vertex 3.1734133611649407 -2.4350457160348826 18
      vertex 3.202454330316415 -2.394519090519364 35
      vertex 3.325878449210181 -2.2222809320784087 18
    endloop
  endfacet
  facet normal -0.4127070298043945 0.9108638249211759 0
    outer loop
      vertex 1.7691547608760052 -3.587490966130753 18
      vertex 1.5761472592538155 -3.674941527394786 35
      vertex 1.7691547608760052 -3.587490966130753 35
    endloop
  endfacet
  facet normal -0.471396736825995 0.8819212643483565 0
    outer loop
      vertex 1.7691547608760052 -3.587490966130753 18
      vertex 1.7691547608760052 -3.587490966130753 35
      vertex 1.813125282613909 -3.5639882326082772 35
    endloop
  endfacet
  facet normal -0.4713967368259985 0.8819212643483546 0
    outer loop
      vertex 2 -3.4641016151377544 18
      vertex 1.813125282613909 -3.5639882326082772 35
      vertex 2 -3.4641016151377544 35
    endloop
  endfacet
  facet normal -0.528067850650367 0.8492021815265796 0
    outer loop
      vertex 2 -3.4641016151377544 18
      vertex 2 -3.4641016151377544 35
      vertex 2.042339225157792 -3.437773393056312 35
    endloop
  endfacet
  facet normal -0.528067850650368 0.8492021815265789 0
    outer loop
      vertex 2.2222809320784087 -3.325878449210181 18
      vertex 2.042339225157792 -3.437773393056312 35
      vertex 2.2222809320784087 -3.325878449210181 35
    endloop
  endfacet
  facet normal -0.5824776968678025 0.8128466845916149 0
    outer loop
      vertex 2.2222809320784087 -3.325878449210181 18
      vertex 2.2222809320784087 -3.325878449210181 35
      vertex 2.2628075575939275 -3.2968374800587066 35
    endloop
  endfacet
  facet normal -0.5824776968678015 0.8128466845916157 0
    outer loop
      vertex 2.4350457160348826 -3.1734133611649407 18
      vertex 2.2628075575939275 -3.2968374800587066 35
      vertex 2.4350457160348826 -3.1734133611649407 35
    endloop
  endfacet
  facet normal -0.6343932841636447 0.7730104533627375 0
    outer loop
      vertex 2.4350457160348826 -3.1734133611649407 18
      vertex 2.4350457160348826 -3.1734133611649407 35
      vertex 2.4735862006759097 -3.141784002831792 35
    endloop
  endfacet
  facet normal -0.6343932841636449 0.7730104533627374 0
    outer loop
      vertex 2.6373832604002754 -3.00735922991591 18
      vertex 2.4735862006759097 -3.141784002831792 35
      vertex 2.6373832604002754 -3.00735922991591 35
    endloop
  endfacet
  facet normal -0.6835923020228699 0.7298640726978369 0
    outer loop
      vertex 2.6373832604002754 -3.00735922991591 18
      vertex 2.6373832604002754 -3.00735922991591 35
      vertex 2.6737725678947353 -2.973276924169297 35
    endloop
  endfacet
  facet normal -0.6835923020228715 0.7298640726978356 0
    outer loop
      vertex 2.8284271247461903 -2.8284271247461903 18
      vertex 2.6737725678947353 -2.973276924169297 35
      vertex 2.8284271247461903 -2.8284271247461903 35
    endloop
  endfacet
  facet normal -0.7298640726978369 0.6835923020228699 0
    outer loop
      vertex 2.8284271247461903 -2.8284271247461903 18
      vertex 2.8284271247461903 -2.8284271247461903 35
      vertex 2.8625094304928034 -2.7920378172517304 35
    endloop
  endfacet
  facet normal -0.7298640726978356 0.6835923020228715 0
    outer loop
      vertex 3.00735922991591 -2.6373832604002754 18
      vertex 2.8625094304928034 -2.7920378172517304 35
      vertex 3.00735922991591 -2.6373832604002754 35
    endloop
  endfacet
  facet normal -0.7730104533627375 0.6343932841636447 0
    outer loop
      vertex 3.00735922991591 -2.6373832604002754 18
      vertex 3.00735922991591 -2.6373832604002754 35
      vertex 3.0389885882490586 -2.5988427757592483 35
    endloop
  endfacet
  facet normal -0.7730104533627374 0.6343932841636449 0
    outer loop
      vertex 3.1734133611649407 -2.4350457160348826 18
      vertex 3.0389885882490586 -2.5988427757592483 35
      vertex 3.1734133611649407 -2.4350457160348826 35
    endloop
  endfacet
  facet normal -0.8128466845916149 0.5824776968678025 0
    outer loop
      vertex 3.1734133611649407 -2.4350457160348826 18
      vertex 3.1734133611649407 -2.4350457160348826 35
      vertex 3.202454330316415 -2.394519090519364 35
    endloop
  endfacet
  facet normal -0.03271908282177656 0.9994645874763655 0
    outer loop
      vertex 0.26161251692057225 -3.991435692954414 37
      vertex 0.26161251692057225 -3.991435692954414 35
      vertex 0 -4 18
    endloop
  endfacet
  facet normal -0.03271908282177657 0.9994645874763656 6.585738873277683e-21
    outer loop
      vertex 0.26161251692057225 -3.991435692954414 37
      vertex 0 -4 18
      vertex 0 -4 37
    endloop
  endfacet
  facet normal -0.09801714032955965 0.995184726672197 5.142554554795124e-17
    outer loop
      vertex 0.3112300887224073 -3.986548788676476 35
      vertex 0.2890327539689548 -3.9887350353271325 36.78947368421053
      vertex 0.5221047688802063 -3.9657794454952415 35
    endloop
  endfacet
  facet normal -0.09801714032956063 0.9951847266721969 6.689404118287742e-16
    outer loop
      vertex 0.5221047688802063 -3.9657794454952415 37
      vertex 0.2890327539689548 -3.9887350353271325 36.78947368421053
      vertex 0.26161251692057225 -3.991435692954414 37
    endloop
  endfacet
  facet normal -0.1628954733945894 0.9866433320848788 -1.7578255044955482e-17
    outer loop
      vertex 0.5712964868200743 -3.9576578599938474 35
      vertex 0.5492896656364491 -3.96129120087605 36.78947368421053
      vertex 0.780361288064513 -3.9231411216129217 35
    endloop
  endfacet
  facet normal -0.09801714032956005 0.9951847266721969 0
    outer loop
      vertex 0.5221047688802063 -3.9657794454952415 37
      vertex 0.5221047688802063 -3.9657794454952415 35
      vertex 0.2890327539689548 -3.9887350353271325 36.78947368421053
    endloop
  endfacet
  facet normal -0.16289547339458926 0.986643332084879 0
    outer loop
      vertex 0.780361288064513 -3.9231411216129217 37
      vertex 0.780361288064513 -3.9231411216129217 35
      vertex 0.5492896656364491 -3.96129120087605 36.78947368421053
    endloop
  endfacet
  facet normal -0.1628954733945886 0.9866433320848791 -7.576839848211238e-16
    outer loop
      vertex 0.780361288064513 -3.9231411216129217 37
      vertex 0.5492896656364491 -3.96129120087605 36.78947368421053
      vertex 0.5221047688802063 -3.9657794454952415 37
    endloop
  endfacet
  facet normal -0.22707626303437214 0.9738769792773339 7.776469099019956e-17
    outer loop
      vertex 0.8289165056541453 -3.911819632764036 35
      vertex 0.8071944346272045 -3.916884509354327 36.78947368421053
      vertex 1.035276180410083 -3.8637033051562732 35
    endloop
  endfacet
  facet normal -0.29028467725446133 0.9569403357322092 2.028251337235608e-16
    outer loop
      vertex 1.0829869767534284 -3.849230393313254 35
      vertex 1.0616426731261424 -3.8557051170324996 36.78947368421053
      vertex 1.2857578612126463 -3.7877205179804228 35
    endloop
  endfacet
  facet normal -0.22707626303437273 0.9738769792773337 0
    outer loop
      vertex 1.035276180410083 -3.8637033051562732 37
      vertex 1.035276180410083 -3.8637033051562732 35
      vertex 0.8071944346272045 -3.916884509354327 36.78947368421053
    endloop
  endfacet
  facet normal -0.22707626303437256 0.9738769792773339 -1.782798369567404e-16
    outer loop
      vertex 1.035276180410083 -3.8637033051562732 37
      vertex 0.8071944346272045 -3.916884509354327 36.78947368421053
      vertex 0.780361288064513 -3.9231411216129217 37
    endloop
  endfacet
  facet normal -0.29028467725446283 0.9569403357322087 0
    outer loop
      vertex 1.2857578612126463 -3.7877205179804228 37
      vertex 1.2857578612126463 -3.7877205179804228 35
      vertex 1.0616426731261424 -3.8557051170324996 36.78947368421053
    endloop
  endfacet
  facet normal -0.2902846772544623 0.9569403357322088 -6.382958629867393e-16
    outer loop
      vertex 1.2857578612126463 -3.7877205179804228 37
      vertex 1.0616426731261424 -3.8557051170324996 36.78947368421053
      vertex 1.035276180410083 -3.8637033051562732 37
    endloop
  endfacet
  facet normal -0.3522500479212332 0.9359059267573259 1.9984426700155394e-17
    outer loop
      vertex 1.3324199313550678 -3.7701581583737034 35
      vertex 1.3115447947124055 -3.77801500346092 36.78947368421053
      vertex 1.5307337294603591 -3.695518130045147 35
    endloop
  endfacet
  facet normal -0.35225004792123404 0.9359059267573255 8.191797943845018e-16
    outer loop
      vertex 1.5307337294603591 -3.695518130045147 37
      vertex 1.3115447947124055 -3.77801500346092 36.78947368421053
      vertex 1.2857578612126463 -3.7877205179804228 37
    endloop
  endfacet
  facet normal -0.3522500479212334 0.9359059267573258 0
    outer loop
      vertex 1.5307337294603591 -3.695518130045147 37
      vertex 1.5307337294603591 -3.695518130045147 35
      vertex 1.3115447947124055 -3.77801500346092 36.78947368421053
    endloop
  endfacet
  facet normal -0.412707029804395 0.9108638249211757 6.884859297967669e-16
    outer loop
      vertex 1.7691547608760052 -3.587490966130753 37
      vertex 1.5558306801356903 -3.6841468496331053 36.78947368421053
      vertex 1.5307337294603591 -3.695518130045147 37
    endloop
  endfacet
  facet normal -0.41270702980439455 0.9108638249211759 -2.466060950104962e-19
    outer loop
      vertex 1.5761472592538155 -3.674941527394786 35
      vertex 1.5558306801356903 -3.6841468496331053 36.78947368421053
      vertex 1.7691547608760052 -3.587490966130753 35
    endloop
  endfacet
  facet normal -0.47139673682599853 0.8819212643483546 -1.6948903366509495e-16
    outer loop
      vertex 1.813125282613909 -3.5639882326082772 35
      vertex 1.7934542597311625 -3.574502613394648 36.78947368421053
      vertex 2 -3.4641016151377544 35
    endloop
  endfacet
  facet normal -0.4127070298043945 0.9108638249211759 0
    outer loop
      vertex 1.7691547608760052 -3.587490966130753 37
      vertex 1.7691547608760052 -3.587490966130753 35
      vertex 1.5558306801356903 -3.6841468496331053 36.78947368421053
    endloop
  endfacet
  facet normal -0.4713967368259973 0.8819212643483553 0
    outer loop
      vertex 2 -3.4641016151377544 37
      vertex 2 -3.4641016151377544 35
      vertex 1.7934542597311625 -3.574502613394648 36.78947368421053
    endloop
  endfacet
  facet normal -0.47139673682599775 0.8819212643483549 6.177437261062415e-16
    outer loop
      vertex 2 -3.4641016151377544 37
      vertex 1.7934542597311625 -3.574502613394648 36.78947368421053
      vertex 1.7691547608760052 -3.587490966130753 37
    endloop
  endfacet
  facet normal -0.528067850650368 0.8492021815265789 3.753478682200952e-17
    outer loop
      vertex 2.042339225157792 -3.437773393056312 35
      vertex 2.023397992850359 -3.44955180819801 36.78947368421053
      vertex 2.2222809320784087 -3.325878449210181 35
    endloop
  endfacet
  facet normal -0.5824776968678015 0.8128466845916157 1.3666328553030584e-16
    outer loop
      vertex 2.2628075575939275 -3.2968374800587066 35
      vertex 2.2446772251264586 -3.30982949257384 36.78947368421053
      vertex 2.4350457160348826 -3.1734133611649407 35
    endloop
  endfacet
  facet normal -0.5280678506503682 0.8492021815265788 0
    outer loop
      vertex 2.2222809320784087 -3.325878449210181 37
      vertex 2.2222809320784087 -3.325878449210181 35
      vertex 2.023397992850359 -3.44955180819801 36.78947368421053
    endloop
  endfacet
  facet normal -0.5280678506503678 0.849202181526579 -6.063543501354484e-16
    outer loop
      vertex 2.2222809320784087 -3.325878449210181 37
      vertex 2.023397992850359 -3.44955180819801 36.78947368421053
      vertex 2 -3.4641016151377544 37
    endloop
  endfacet
  facet normal -0.5824776968678017 0.8128466845916156 -8.831236541357412e-16
    outer loop
      vertex 2.4350457160348826 -3.1734133611649407 37
      vertex 2.2446772251264586 -3.30982949257384 36.78947368421053
      vertex 2.2222809320784087 -3.325878449210181 37
    endloop
  endfacet
  facet normal -0.5824776968678024 0.8128466845916151 0
    outer loop
      vertex 2.4350457160348826 -3.1734133611649407 37
      vertex 2.4350457160348826 -3.1734133611649407 35
      vertex 2.2446772251264586 -3.30982949257384 36.78947368421053
    endloop
  endfacet
  facet normal -0.634393284163645 0.7730104533627374 -1.4774735311668136e-16
    outer loop
      vertex 2.4735862006759097 -3.141784002831792 35
      vertex 2.45634440491545 -3.1559339789282004 36.78947368421053
      vertex 2.6373832604002754 -3.00735922991591 35
    endloop
  endfacet
  facet normal -0.634393284163644 0.7730104533627381 0
    outer loop
      vertex 2.6373832604002754 -3.00735922991591 37
      vertex 2.6373832604002754 -3.00735922991591 35
      vertex 2.45634440491545 -3.1559339789282004 36.78947368421053
    endloop
  endfacet
  facet normal -0.6343932841636449 0.7730104533627374 1.180262563439395e-15
    outer loop
      vertex 2.6373832604002754 -3.00735922991591 37
      vertex 2.45634440491545 -3.1559339789282004 36.78947368421053
      vertex 2.4350457160348826 -3.1734133611649407 37
    endloop
  endfacet
  facet normal -0.6835923020228714 0.7298640726978355 -6.280293868011986e-17
    outer loop
      vertex 2.6737725678947353 -2.973276924169297 35
      vertex 2.6574931408577402 -2.988524271476992 36.78947368421053
      vertex 2.8284271247461903 -2.8284271247461903 35
    endloop
  endfacet
  facet normal -0.683592302022871 0.7298640726978358 0
    outer loop
      vertex 2.8284271247461903 -2.8284271247461903 37
      vertex 2.8284271247461903 -2.8284271247461903 35
      vertex 2.6574931408577402 -2.988524271476992 36.78947368421053
    endloop
  endfacet
  facet normal -0.6835923020228711 0.7298640726978358 1.0309558462213452e-16
    outer loop
      vertex 2.8284271247461903 -2.8284271247461903 37
      vertex 2.6574931408577402 -2.988524271476992 36.78947368421053
      vertex 2.6373832604002754 -3.00735922991591 37
    endloop
  endfacet
  facet normal -0.7298640726978355 0.6835923020228714 6.334456275040342e-17
    outer loop
      vertex 2.8625094304928034 -2.7920378172517304 35
      vertex 2.8472620831851083 -2.8083172442887254 36.78947368421053
      vertex 3.00735922991591 -2.6373832604002754 35
    endloop
  endfacet
  facet normal -0.7730104533627374 0.634393284163645 1.4762250333554593e-16
    outer loop
      vertex 3.0389885882490586 -2.5988427757592483 35
      vertex 3.0248386121526503 -2.616084571519708 36.78947368421053
      vertex 3.1734133611649407 -2.4350457160348826 35
    endloop
  endfacet
  facet normal -0.7298640726978358 0.6835923020228711 -1.3467822621965868e-16
    outer loop
      vertex 3.00735922991591 -2.6373832604002754 37
      vertex 2.8472620831851083 -2.8083172442887254 36.78947368421053
      vertex 2.8284271247461903 -2.8284271247461903 37
    endloop
  endfacet
  facet normal -0.7298640726978358 0.683592302022871 0
    outer loop
      vertex 3.00735922991591 -2.6373832604002754 37
      vertex 3.00735922991591 -2.6373832604002754 35
      vertex 2.8472620831851083 -2.8083172442887254 36.78947368421053
    endloop
  endfacet
  facet normal -0.7730104533627374 0.6343932841636449 -1.210955442203487e-15
    outer loop
      vertex 3.1734133611649407 -2.4350457160348826 37
      vertex 3.0248386121526503 -2.616084571519708 36.78947368421053
      vertex 3.00735922991591 -2.6373832604002754 37
    endloop
  endfacet
  facet normal -0.8128466845916157 0.5824776968678015 -1.360423529398593e-16
    outer loop
      vertex 3.202454330316415 -2.394519090519364 35
      vertex 3.1894623178012815 -2.4126494229868327 36.78947368421053
      vertex 3.325878449210181 -2.2222809320784087 35
    endloop
  endfacet
  facet normal -0.7730104533627381 0.634393284163644 0
    outer loop
      vertex 3.1734133611649407 -2.4350457160348826 37
      vertex 3.1734133611649407 -2.4350457160348826 35
      vertex 3.0248386121526503 -2.616084571519708 36.78947368421053
    endloop
  endfacet
  facet normal -0.8128466845916156 0.5824776968678017 8.751773643857234e-16
    outer loop
      vertex 3.325878449210181 -2.2222809320784087 37
      vertex 3.1894623178012815 -2.4126494229868327 36.78947368421053
      vertex 3.1734133611649407 -2.4350457160348826 37
    endloop
  endfacet
  facet normal -0.849202181526579 0.5280678506503678 -2.9010577238185903e-18
    outer loop
      vertex 3.325878449210181 -2.2222809320784087 18
      vertex 3.3522066712916234 -2.1799417069206166 35
      vertex 3.4641016151377544 -2 18
    endloop
  endfacet
  facet normal -0.8128466845916157 0.5824776968678015 0
    outer loop
      vertex 3.325878449210181 -2.2222809320784087 18
      vertex 3.202454330316415 -2.394519090519364 35
      vertex 3.325878449210181 -2.2222809320784087 35
    endloop
  endfacet
  facet normal -0.8492021815265796 0.528067850650367 0
    outer loop
      vertex 3.325878449210181 -2.2222809320784087 18
      vertex 3.325878449210181 -2.2222809320784087 35
      vertex 3.3522066712916234 -2.1799417069206166 35
    endloop
  endfacet
  facet normal -0.8492021815265789 0.528067850650368 0
    outer loop
      vertex 3.4641016151377544 -2 18
      vertex 3.3522066712916234 -2.1799417069206166 35
      vertex 3.4641016151377544 -2 35
    endloop
  endfacet
  facet normal -0.881921264348355 0.4713967368259978 -9.401002589594574e-18
    outer loop
      vertex 3.4641016151377544 -2 18
      vertex 3.48760434866023 -1.9560294782620962 35
      vertex 3.587490966130753 -1.7691547608760052 18
    endloop
  endfacet
  facet normal -0.9108638249211757 0.4127070298043951 7.582173127282096e-18
    outer loop
      vertex 3.587490966130753 -1.7691547608760052 18
      vertex 3.608067568781114 -1.7237412310825488 35
      vertex 3.695518130045147 -1.5307337294603591 18
    endloop
  endfacet
  facet normal -0.9359059267573255 0.35225004792123404 1.07549937779399e-17
    outer loop
      vertex 3.695518130045147 -1.5307337294603591 18
      vertex 3.7130804896518663 -1.4840716593179377 35
      vertex 3.7877205179804228 -1.2857578612126463 18
    endloop
  endfacet
  facet normal -0.9569403357322088 0.2902846772544623 1.1895343484865911e-17
    outer loop
      vertex 3.7877205179804228 -1.2857578612126463 18
      vertex 3.802193429823442 -1.238047064869301 35
      vertex 3.8637033051562732 -1.035276180410083 18
    endloop
  endfacet
  facet normal -0.9738769792773337 0.22707626303437256 5.486074677032375e-18
    outer loop
      vertex 3.8637033051562732 -1.035276180410083 18
      vertex 3.8750247940051588 -0.9867209628204506 35
      vertex 3.9231411216129217 -0.780361288064513 18
    endloop
  endfacet
  facet normal -0.9866433320848791 0.1628954733945886 -1.0259715032821909e-17
    outer loop
      vertex 3.9231411216129217 -0.780361288064513 18
      vertex 3.931262707114316 -0.731169570124645 35
      vertex 3.9657794454952415 -0.5221047688802063 18
    endloop
  endfacet
  facet normal -0.9951847266721969 0.09801714032956066 1.2311890131993128e-17
    outer loop
      vertex 3.9657794454952415 -0.5221047688802063 18
      vertex 3.9706663497731793 -0.4724871970783712 35
      vertex 3.991435692954414 -0.26161251692057225 18
    endloop
  endfacet
  facet normal -0.9994645874763656 0.03271908282177656 6.188802505624656e-18
    outer loop
      vertex 3.991435692954414 -0.26161251692057225 18
      vertex 3.9930669895345257 -0.2117815613166537 35
      vertex 4 0 18
    endloop
  endfacet
  facet normal -0.8819212643483565 0.471396736825995 0
    outer loop
      vertex 3.4641016151377544 -2 18
      vertex 3.4641016151377544 -2 35
      vertex 3.48760434866023 -1.9560294782620962 35
    endloop
  endfacet
  facet normal -0.8819212643483546 0.4713967368259985 0
    outer loop
      vertex 3.587490966130753 -1.7691547608760052 18
      vertex 3.48760434866023 -1.9560294782620962 35
      vertex 3.587490966130753 -1.7691547608760052 35
    endloop
  endfacet
  facet normal -0.9108638249211746 0.41270702980439744 0
    outer loop
      vertex 3.587490966130753 -1.7691547608760052 18
      vertex 3.587490966130753 -1.7691547608760052 35
      vertex 3.608067568781114 -1.7237412310825488 35
    endloop
  endfacet
  facet normal -0.9108638249211759 0.4127070298043945 0
    outer loop
      vertex 3.695518130045147 -1.5307337294603591 18
      vertex 3.608067568781114 -1.7237412310825488 35
      vertex 3.695518130045147 -1.5307337294603591 35
    endloop
  endfacet
  facet normal -0.9359059267573242 0.3522500479212375 0
    outer loop
      vertex 3.695518130045147 -1.5307337294603591 18
      vertex 3.695518130045147 -1.5307337294603591 35
      vertex 3.7130804896518663 -1.4840716593179377 35
    endloop
  endfacet
  facet normal -0.9359059267573259 0.35225004792123327 0
    outer loop
      vertex 3.7877205179804228 -1.2857578612126463 18
      vertex 3.7130804896518663 -1.4840716593179377 35
      vertex 3.7877205179804228 -1.2857578612126463 35
    endloop
  endfacet
  facet normal -0.9569403357322078 0.29028467725446616 0
    outer loop
      vertex 3.7877205179804228 -1.2857578612126463 18
      vertex 3.7877205179804228 -1.2857578612126463 35
      vertex 3.802193429823442 -1.238047064869301 35
    endloop
  endfacet
  facet normal -0.9569403357322092 0.2902846772544614 0
    outer loop
      vertex 3.8637033051562732 -1.035276180410083 18
      vertex 3.802193429823442 -1.238047064869301 35
      vertex 3.8637033051562732 -1.035276180410083 35
    endloop
  endfacet
  facet normal -0.9738769792773334 0.22707626303437442 0
    outer loop
      vertex 3.8637033051562732 -1.035276180410083 18
      vertex 3.8637033051562732 -1.035276180410083 35
      vertex 3.8750247940051588 -0.9867209628204506 35
    endloop
  endfacet
  facet normal -0.9738769792773339 0.22707626303437214 0
    outer loop
      vertex 3.9231411216129217 -0.780361288064513 18
      vertex 3.8750247940051588 -0.9867209628204506 35
      vertex 3.9231411216129217 -0.780361288064513 35
    endloop
  endfacet
  facet normal -0.9866433320848795 0.16289547339458516 0
    outer loop
      vertex 3.9231411216129217 -0.780361288064513 18
      vertex 3.9231411216129217 -0.780361288064513 35
      vertex 3.931262707114316 -0.731169570124645 35
    endloop
  endfacet
  facet normal -0.986643332084879 0.16289547339458943 0
    outer loop
      vertex 3.9657794454952415 -0.5221047688802063 18
      vertex 3.931262707114316 -0.731169570124645 35
      vertex 3.9657794454952415 -0.5221047688802063 35
    endloop
  endfacet
  facet normal -0.9951847266721964 0.09801714032956481 0
    outer loop
      vertex 3.9657794454952415 -0.5221047688802063 18
      vertex 3.9657794454952415 -0.5221047688802063 35
      vertex 3.9706663497731793 -0.4724871970783712 35
    endloop
  endfacet
  facet normal -0.995184726672197 0.09801714032955966 0
    outer loop
      vertex 3.991435692954414 -0.26161251692057225 18
      vertex 3.9706663497731793 -0.4724871970783712 35
      vertex 3.991435692954414 -0.26161251692057225 35
    endloop
  endfacet
  facet normal -0.9994645874763655 0.032719082821778676 0
    outer loop
      vertex 3.991435692954414 -0.26161251692057225 18
      vertex 3.991435692954414 -0.26161251692057225 35
      vertex 3.9930669895345257 -0.2117815613166537 35
    endloop
  endfacet
  facet normal -0.8492021815265789 0.528067850650368 -3.739786750406554e-17
    outer loop
      vertex 3.3522066712916234 -2.1799417069206166 35
      vertex 3.3404282561499254 -2.19888293922805 36.78947368421053
      vertex 3.4641016151377544 -2 35
    endloop
  endfacet
  facet normal -0.8128466845916151 0.5824776968678024 0
    outer loop
      vertex 3.325878449210181 -2.2222809320784087 37
      vertex 3.325878449210181 -2.2222809320784087 35
      vertex 3.1894623178012815 -2.4126494229868327 36.78947368421053
    endloop
  endfacet
  facet normal -0.8492021815265788 0.5280678506503682 0
    outer loop
      vertex 3.4641016151377544 -2 37
      vertex 3.4641016151377544 -2 35
      vertex 3.3404282561499254 -2.19888293922805 36.78947368421053
    endloop
  endfacet
  facet normal -0.849202181526579 0.5280678506503678 5.992204868410378e-16
    outer loop
      vertex 3.4641016151377544 -2 37
      vertex 3.3404282561499254 -2.19888293922805 36.78947368421053
      vertex 3.325878449210181 -2.2222809320784087 37
    endloop
  endfacet
  facet normal -0.9994645874763657 0.03271908282177607 0
    outer loop
      vertex 4 0 18
      vertex 3.9930669895345257 -0.2117815613166537 35
      vertex 4 0 37
    endloop
  endfacet
  facet normal -0.8819212643483546 0.47139673682599853 1.6959399489271677e-16
    outer loop
      vertex 3.48760434866023 -1.9560294782620962 35
      vertex 3.4770899678738596 -1.9757005011448427 36.78947368421053
      vertex 3.587490966130753 -1.7691547608760052 35
    endloop
  endfacet
  facet normal -0.9108638249211759 0.41270702980439455 -2.466060950104962e-19
    outer loop
      vertex 3.608067568781114 -1.7237412310825488 35
      vertex 3.5988622465427946 -1.744057810200674 36.78947368421053
      vertex 3.695518130045147 -1.5307337294603591 35
    endloop
  endfacet
  facet normal -0.8819212643483553 0.4713967368259973 0
    outer loop
      vertex 3.587490966130753 -1.7691547608760052 37
      vertex 3.587490966130753 -1.7691547608760052 35
      vertex 3.4770899678738596 -1.9757005011448427 36.78947368421053
    endloop
  endfacet
  facet normal -0.8819212643483549 0.47139673682599775 -6.128473451616344e-16
    outer loop
      vertex 3.587490966130753 -1.7691547608760052 37
      vertex 3.4770899678738596 -1.9757005011448427 36.78947368421053
      vertex 3.4641016151377544 -2 37
    endloop
  endfacet
  facet normal -0.9108638249211757 0.412707029804395 -6.795576560711744e-16
    outer loop
      vertex 3.695518130045147 -1.5307337294603591 37
      vertex 3.5988622465427946 -1.744057810200674 36.78947368421053
      vertex 3.587490966130753 -1.7691547608760052 37
    endloop
  endfacet
  facet normal -0.9108638249211759 0.4127070298043945 0
    outer loop
      vertex 3.695518130045147 -1.5307337294603591 37
      vertex 3.695518130045147 -1.5307337294603591 35
      vertex 3.5988622465427946 -1.744057810200674 36.78947368421053
    endloop
  endfacet
  facet normal -0.9359059267573259 0.3522500479212332 -1.987855711947438e-17
    outer loop
      vertex 3.7130804896518663 -1.4840716593179377 35
      vertex 3.70522364456465 -1.5049467959606 36.78947368421053
      vertex 3.7877205179804228 -1.2857578612126463 35
    endloop
  endfacet
  facet normal -0.9569403357322092 0.29028467725446133 -2.0283880819643979e-16
    outer loop
      vertex 3.802193429823442 -1.238047064869301 35
      vertex 3.7957187061041964 -1.259391368496587 36.78947368421053
      vertex 3.8637033051562732 -1.035276180410083 35
    endloop
  endfacet
  facet normal -0.9359059267573258 0.3522500479212334 0
    outer loop
      vertex 3.7877205179804228 -1.2857578612126463 37
      vertex 3.7877205179804228 -1.2857578612126463 35
      vertex 3.70522364456465 -1.5049467959606 36.78947368421053
    endloop
  endfacet
  facet normal -0.9359059267573255 0.35225004792123404 -7.987193362949747e-16
    outer loop
      vertex 3.7877205179804228 -1.2857578612126463 37
      vertex 3.70522364456465 -1.5049467959606 36.78947368421053
      vertex 3.695518130045147 -1.5307337294603591 37
    endloop
  endfacet
  facet normal -0.9569403357322087 0.29028467725446283 0
    outer loop
      vertex 3.8637033051562732 -1.035276180410083 37
      vertex 3.8637033051562732 -1.035276180410083 35
      vertex 3.7957187061041964 -1.259391368496587 36.78947368421053
    endloop
  endfacet
  facet normal -0.9569403357322088 0.2902846772544623 6.514221763784795e-16
    outer loop
      vertex 3.8637033051562732 -1.035276180410083 37
      vertex 3.7957187061041964 -1.259391368496587 36.78947368421053
      vertex 3.7877205179804228 -1.2857578612126463 37
    endloop
  endfacet
  facet normal -0.9738769792773339 0.22707626303437214 -9.211015226327653e-17
    outer loop
      vertex 3.8750247940051588 -0.9867209628204506 35
      vertex 3.869959917414868 -1.0084430338473913 36.78947368421053
      vertex 3.9231411216129217 -0.780361288064513 35
    endloop
  endfacet
  facet normal -0.9866433320848788 0.1628954733945894 1.7537859499015234e-17
    outer loop
      vertex 3.931262707114316 -0.731169570124645 35
      vertex 3.927629366232113 -0.7531763913082702 36.78947368421053
      vertex 3.9657794454952415 -0.5221047688802063 35
    endloop
  endfacet
  facet normal -0.9738769792773337 0.22707626303437284 0
    outer loop
      vertex 3.9231411216129217 -0.780361288064513 37
      vertex 3.9231411216129217 -0.780361288064513 35
      vertex 3.869959917414868 -1.0084430338473913 36.78947368421053
    endloop
  endfacet
  facet normal -0.9738769792773339 0.22707626303437256 2.77164582681044e-16
    outer loop
      vertex 3.9231411216129217 -0.780361288064513 37
      vertex 3.869959917414868 -1.0084430338473913 36.78947368421053
      vertex 3.8637033051562732 -1.035276180410083 37
    endloop
  endfacet
  facet normal -0.986643332084879 0.16289547339458926 0
    outer loop
      vertex 3.9657794454952415 -0.5221047688802063 37
      vertex 3.9657794454952415 -0.5221047688802063 35
      vertex 3.927629366232113 -0.7531763913082702 36.78947368421053
    endloop
  endfacet
  facet normal -0.9866433320848791 0.1628954733945886 7.600872379516809e-16
    outer loop
      vertex 3.9657794454952415 -0.5221047688802063 37
      vertex 3.927629366232113 -0.7531763913082702 36.78947368421053
      vertex 3.9231411216129217 -0.780361288064513 37
    endloop
  endfacet
  facet normal -0.995184726672197 0.09801714032955965 -5.139647629612026e-17
    outer loop
      vertex 3.9706663497731793 -0.4724871970783712 35
      vertex 3.968480103122523 -0.49468453183182376 36.78947368421053
      vertex 3.991435692954414 -0.26161251692057225 35
    endloop
  endfacet
  facet normal -0.9951847266721969 0.09801714032956005 0
    outer loop
      vertex 3.991435692954414 -0.26161251692057225 37
      vertex 3.991435692954414 -0.26161251692057225 35
      vertex 3.968480103122523 -0.49468453183182376 36.78947368421053
    endloop
  endfacet
  facet normal -0.9951847266721969 0.09801714032956063 -6.537025324032793e-16
    outer loop
      vertex 3.991435692954414 -0.26161251692057225 37
      vertex 3.968480103122523 -0.49468453183182376 36.78947368421053
      vertex 3.9657794454952415 -0.5221047688802063 37
    endloop
  endfacet
  facet normal -0.9994645874763656 0.032719082821777615 -1.6335620409403708e-16
    outer loop
      vertex 3.9930669895345257 -0.2117815613166537 35
      vertex 3.9923371989592122 -0.23407435724472253 36.78947368421053
      vertex 4 0 37
    endloop
  endfacet
  facet normal -0.9994645874763657 0.03271908282177657 9.996536469880562e-16
    outer loop
      vertex 3.991435692954414 -0.26161251692057225 37
      vertex 4 0 37
      vertex 3.9923371989592122 -0.23407435724472253 36.78947368421053
    endloop
  endfacet
  facet normal 0 0 1
    outer loop
      vertex 0.7913898577113369 1.0313593423786058 4
      vertex 1.035276180410083 3.8637033051562732 4
      vertex 0.7222413029254828 1.080910495993309 4
    endloop
  endfacet
  facet normal 0 0 1
    outer loop
      vertex 0.8571495596300895 0.9773917497226707 4
      vertex 1.035276180410083 3.8637033051562732 4
      vertex 0.7913898577113369 1.0313593423786058 4
    endloop
  endfacet
  facet normal 0 0 1
    outer loop
      vertex 0.9773917497226707 0.8571495596300895 4
      vertex 1.0313593423786058 0.7913898577113369 4
      vertex 1.035276180410083 3.8637033051562732 4
    endloop
  endfacet
  facet normal 0 0 1
    outer loop
      vertex 0.9192388155425119 0.9192388155425119 4
      vertex 1.035276180410083 3.8637033051562732 4
      vertex 0.8571495596300895 0.9773917497226707 4
    endloop
  endfacet
  facet normal 0 0 1
    outer loop
      vertex 0.9773917497226707 0.8571495596300895 4
      vertex 1.035276180410083 3.8637033051562732 4
      vertex 0.9192388155425119 0.9192388155425119 4
    endloop
  endfacet
  facet normal 0 0 1
    outer loop
      vertex 1.2010433922646728 0.4974884620746167 4
      vertex 1.2857578612126463 3.7877205179804228 4
      vertex 1.1659345639924947 0.5749752972847018 4
    endloop
  endfacet
  facet normal 0 0 1
    outer loop
      vertex 1.12583302491977 0.65 4
      vertex 1.2857578612126463 3.7877205179804228 4
      vertex 1.080910495993309 0.7222413029254828 4
    endloop
  endfacet
  facet normal 0 0 1
    outer loop
      vertex 1.12583302491977 0.65 4
      vertex 1.1659345639924947 0.5749752972847018 4
      vertex 1.2857578612126463 3.7877205179804228 4
    endloop
  endfacet
  facet normal 0 0 1
    outer loop
      vertex 1.080910495993309 0.7222413029254828 4
      vertex 1.2857578612126463 3.7877205179804228 4
      vertex 1.0313593423786058 0.7913898577113369 4
    endloop
  endfacet
  facet normal 0 0 1
    outer loop
      vertex 1.2972166002101846 -0.08502406799918598 4
      vertex 1.5307337294603591 3.695518130045147 4
      vertex 1.3 0 4
    endloop
  endfacet
  facet normal 0 0 1
    outer loop
      vertex 1.2750208645241996 0.2536174186209667 4
      vertex 1.2857578612126463 3.7877205179804228 4
      vertex 1.255703574175789 0.33646475863327696 4
    endloop
  endfacet
  facet normal 0 0 1
    outer loop
      vertex 1.2888783197859535 0.16968404988606706 4
      vertex 1.5307337294603591 3.695518130045147 4
      vertex 1.2750208645241996 0.2536174186209667 4
    endloop
  endfacet
  facet normal 0 0 1
    outer loop
      vertex 1.3 0 4
      vertex 1.5307337294603591 3.695518130045147 4
      vertex 1.2972166002101846 0.08502406799918598 4
    endloop
  endfacet
  facet normal 0 0 1
    outer loop
      vertex 1.2972166002101846 0.08502406799918598 4
      vertex 1.5307337294603591 3.695518130045147 4
      vertex 1.2888783197859535 0.16968404988606706 4
    endloop
  endfacet
  facet normal 0 0 1
    outer loop
      vertex 1.5307337294603591 -3.695518130045147 4
      vertex 1.7691547608760052 3.587490966130753 4
      vertex 1.5307337294603591 3.695518130045147 4
    endloop
  endfacet
  facet normal 0 0 1
    outer loop
      vertex 1.255703574175789 0.33646475863327696 4
      vertex 1.2857578612126463 3.7877205179804228 4
      vertex 1.2310091683436375 0.41787130489411006 4
    endloop
  endfacet
  facet normal 0 0 1
    outer loop
      vertex 1.2310091683436375 0.41787130489411006 4
      vertex 1.2857578612126463 3.7877205179804228 4
      vertex 1.2010433922646728 0.4974884620746167 4
    endloop
  endfacet
  facet normal 0 0 1
    outer loop
      vertex 0 1.3 4
      vertex 0.08502406799918598 1.2972166002101846 4
      vertex 0.26161251692057225 3.991435692954414 4
    endloop
  endfacet
  facet normal 0 0 1
    outer loop
      vertex 0.08502406799918598 1.2972166002101846 4
      vertex 0.16968404988606706 1.2888783197859535 4
      vertex 0.26161251692057225 3.991435692954414 4
    endloop
  endfacet
  facet normal 0 0 1
    outer loop
      vertex 0.16968404988606706 1.2888783197859535 4
      vertex 0.2536174186209667 1.2750208645241996 4
      vertex 0.26161251692057225 3.991435692954414 4
    endloop
  endfacet
  facet normal 0 0 1
    outer loop
      vertex 0.2536174186209667 1.2750208645241996 4
      vertex 0.33646475863327696 1.255703574175789 4
      vertex 0.5221047688802063 3.9657794454952415 4
    endloop
  endfacet
  facet normal 0 0 1
    outer loop
      vertex 0.41787130489411006 1.2310091683436375 4
      vertex 0.5221047688802063 3.9657794454952415 4
      vertex 0.33646475863327696 1.255703574175789 4
    endloop
  endfacet
  facet normal 0 0 1
    outer loop
      vertex 0.41787130489411006 1.2310091683436375 4
      vertex 0.4974884620746167 1.2010433922646728 4
      vertex 0.5221047688802063 3.9657794454952415 4
    endloop
  endfacet
  facet normal 0 0 1
    outer loop
      vertex 0.5749752972847018 1.1659345639924947 4
      vertex 0.780361288064513 3.9231411216129217 4
      vertex 0.4974884620746167 1.2010433922646728 4
    endloop
  endfacet
  facet normal 0 0 1
    outer loop
      vertex 0.5749752972847018 1.1659345639924947 4
      vertex 0.65 1.12583302491977 4
      vertex 0.780361288064513 3.9231411216129217 4
    endloop
  endfacet
  facet normal 0 0 1
    outer loop
      vertex 0.7222413029254828 1.080910495993309 4
      vertex 0.780361288064513 3.9231411216129217 4
      vertex 0.65 1.12583302491977 4
    endloop
  endfacet
  facet normal 0 0 1
    outer loop
      vertex 0 1.3 4
      vertex 0.26161251692057225 3.991435692954414 4
      vertex 0 4 4
    endloop
  endfacet
  facet normal 0 0 1
    outer loop
      vertex 0.2536174186209667 1.2750208645241996 4
      vertex 0.5221047688802063 3.9657794454952415 4
      vertex 0.26161251692057225 3.991435692954414 4
    endloop
  endfacet
  facet normal -0.03271908282177656 -0.9994645874763655 -6.256451929613799e-20
    outer loop
      vertex 0 4 4
      vertex 0.26161251692057225 3.991435692954414 4
      vertex 0.26161251692057225 3.991435692954414 6
    endloop
  endfacet
  facet normal 0 0 1
    outer loop
      vertex 0.4974884620746167 1.2010433922646728 4
      vertex 0.780361288064513 3.9231411216129217 4
      vertex 0.5221047688802063 3.9657794454952415 4
    endloop
  endfacet
  facet normal -0.09801714032956063 -0.9951847266721968 -5.003720199214913e-19
    outer loop
      vertex 0.26161251692057225 3.991435692954414 4
      vertex 0.5221047688802063 3.9657794454952415 4
      vertex 0.5221047688802063 3.9657794454952415 6
    endloop
  endfacet
  facet normal -0.16289547339458857 -0.986643332084879 7.214669943158134e-21
    outer loop
      vertex 0.5221047688802063 3.9657794454952415 4
      vertex 0.780361288064513 3.9231411216129217 4
      vertex 0.780361288064513 3.9231411216129217 6
    endloop
  endfacet
  facet normal 0 0 1
    outer loop
      vertex 0.7222413029254828 1.080910495993309 4
      vertex 1.035276180410083 3.8637033051562732 4
      vertex 0.780361288064513 3.9231411216129217 4
    endloop
  endfacet
  facet normal 0 0 1
    outer loop
      vertex 1.0313593423786058 0.7913898577113369 4
      vertex 1.2857578612126463 3.7877205179804228 4
      vertex 1.035276180410083 3.8637033051562732 4
    endloop
  endfacet
  facet normal 0 0 1
    outer loop
      vertex 1.2750208645241996 0.2536174186209667 4
      vertex 1.5307337294603591 3.695518130045147 4
      vertex 1.2857578612126463 3.7877205179804228 4
    endloop
  endfacet
  facet normal -0.22707626303437256 -0.9738769792773337 6.297565389245433e-19
    outer loop
      vertex 0.780361288064513 3.9231411216129217 4
      vertex 1.035276180410083 3.8637033051562732 4
      vertex 1.035276180410083 3.8637033051562732 6
    endloop
  endfacet
  facet normal -0.2902846772544623 -0.9569403357322088 -1.277940654745521e-18
    outer loop
      vertex 1.035276180410083 3.8637033051562732 4
      vertex 1.2857578612126463 3.7877205179804228 4
      vertex 1.2857578612126463 3.7877205179804228 6
    endloop
  endfacet
  facet normal -0.35225004792123404 -0.9359059267573255 1.1290930178573074e-18
    outer loop
      vertex 1.2857578612126463 3.7877205179804228 4
      vertex 1.5307337294603591 3.695518130045147 4
      vertex 1.5307337294603591 3.695518130045147 6
    endloop
  endfacet
  facet normal -0.03271908282177656 -0.9994645874763655 0
    outer loop
      vertex 0 4 4
      vertex 0.26161251692057225 3.991435692954414 6
      vertex 0 4 6
    endloop
  endfacet
  facet normal -0.09801714032956063 -0.9951847266721968 0
    outer loop
      vertex 0.26161251692057225 3.991435692954414 4
      vertex 0.5221047688802063 3.9657794454952415 6
      vertex 0.26161251692057225 3.991435692954414 6
    endloop
  endfacet
  facet normal -0.16289547339458857 -0.986643332084879 0
    outer loop
      vertex 0.5221047688802063 3.9657794454952415 4
      vertex 0.780361288064513 3.9231411216129217 6
      vertex 0.5221047688802063 3.9657794454952415 6
    endloop
  endfacet
  facet normal -0.22707626303437256 -0.9738769792773337 0
    outer loop
      vertex 0.780361288064513 3.9231411216129217 4
      vertex 1.035276180410083 3.8637033051562732 6
      vertex 0.780361288064513 3.9231411216129217 6
    endloop
  endfacet
  facet normal -0.2902846772544623 -0.9569403357322088 0
    outer loop
      vertex 1.035276180410083 3.8637033051562732 4
      vertex 1.2857578612126463 3.7877205179804228 6
      vertex 1.035276180410083 3.8637033051562732 6
    endloop
  endfacet
  facet normal -0.35225004792123404 -0.9359059267573255 0
    outer loop
      vertex 1.2857578612126463 3.7877205179804228 4
      vertex 1.5307337294603591 3.695518130045147 6
      vertex 1.2857578612126463 3.7877205179804228 6
    endloop
  endfacet
  facet normal -0.4127070298043951 -0.9108638249211757 0
    outer loop
      vertex 1.5307337294603591 3.695518130045147 4
      vertex 1.7691547608760052 3.587490966130753 6
      vertex 1.5307337294603591 3.695518130045147 6
    endloop
  endfacet
  facet normal 0 0 1
    outer loop
      vertex 1.7691547608760052 -3.587490966130753 4
      vertex 2 3.4641016151377544 4
      vertex 1.7691547608760052 3.587490966130753 4
    endloop
  endfacet
  facet normal 0 0 1
    outer loop
      vertex 2 -3.4641016151377544 4
      vertex 2.2222809320784087 3.325878449210181 4
      vertex 2 3.4641016151377544 4
    endloop
  endfacet
  facet normal 0 0 1
    outer loop
      vertex 2.2222809320784087 -3.325878449210181 4
      vertex 2.4350457160348826 3.1734133611649407 4
      vertex 2.2222809320784087 3.325878449210181 4
    endloop
  endfacet
  facet normal 0 0 1
    outer loop
      vertex 2.6373832604002754 -3.00735922991591 4
      vertex 2.8284271247461903 2.8284271247461903 4
      vertex 2.6373832604002754 3.00735922991591 4
    endloop
  endfacet
  facet normal 0 0 1
    outer loop
      vertex 2.8284271247461903 -2.8284271247461903 4
      vertex 3.00735922991591 2.6373832604002754 4
      vertex 2.8284271247461903 2.8284271247461903 4
    endloop
  endfacet
  facet normal 0 0 1
    outer loop
      vertex 3.1734133611649407 -2.4350457160348826 4
      vertex 3.325878449210181 2.2222809320784087 4
      vertex 3.1734133611649407 2.4350457160348826 4
    endloop
  endfacet
  facet normal 0 0 1
    outer loop
      vertex 3.00735922991591 -2.6373832604002754 4
      vertex 3.1734133611649407 2.4350457160348826 4
      vertex 3.00735922991591 2.6373832604002754 4
    endloop
  endfacet
  facet normal 0 0 1
    outer loop
      vertex 2.4350457160348826 -3.1734133611649407 4
      vertex 2.6373832604002754 3.00735922991591 4
      vertex 2.4350457160348826 3.1734133611649407 4
    endloop
  endfacet
  facet normal -0.4127070298043951 -0.9108638249211757 0
    outer loop
      vertex 1.7691547608760052 3.587490966130753 4
      vertex 1.7691547608760052 3.587490966130753 6
      vertex 1.5307337294603591 3.695518130045147 4
    endloop
  endfacet
  facet normal -0.47139673682599775 -0.8819212643483548 0
    outer loop
      vertex 2 3.4641016151377544 4
      vertex 2 3.4641016151377544 6
      vertex 1.7691547608760052 3.587490966130753 4
    endloop
  endfacet
  facet normal -0.5280678506503678 -0.849202181526579 1.373401066183596e-18
    outer loop
      vertex 2 3.4641016151377544 4
      vertex 2.2222809320784087 3.325878449210181 4
      vertex 2.2222809320784087 3.325878449210181 6
    endloop
  endfacet
  facet normal -0.5824776968678017 -0.8128466845916156 0
    outer loop
      vertex 2.4350457160348826 3.1734133611649407 4
      vertex 2.4350457160348826 3.1734133611649407 6
      vertex 2.2222809320784087 3.325878449210181 4
    endloop
  endfacet
  facet normal -0.6835923020228711 -0.7298640726978358 0
    outer loop
      vertex 2.8284271247461903 2.8284271247461903 4
      vertex 2.8284271247461903 2.8284271247461903 6
      vertex 2.6373832604002754 3.00735922991591 4
    endloop
  endfacet
  facet normal -0.7298640726978358 -0.6835923020228711 -6.055075735470116e-18
    outer loop
      vertex 2.8284271247461903 2.8284271247461903 4
      vertex 3.00735922991591 2.6373832604002754 4
      vertex 3.00735922991591 2.6373832604002754 6
    endloop
  endfacet
  facet normal -0.7730104533627374 -0.6343932841636449 0
    outer loop
      vertex 3.1734133611649407 2.4350457160348826 4
      vertex 3.1734133611649407 2.4350457160348826 6
      vertex 3.00735922991591 2.6373832604002754 4
    endloop
  endfacet
  facet normal -0.6343932841636449 -0.7730104533627374 -3.762139825868732e-18
    outer loop
      vertex 2.4350457160348826 3.1734133611649407 4
      vertex 2.6373832604002754 3.00735922991591 4
      vertex 2.6373832604002754 3.00735922991591 6
    endloop
  endfacet
  facet normal -0.47139673682599775 -0.8819212643483548 1.8527219828101005e-18
    outer loop
      vertex 2 3.4641016151377544 6
      vertex 1.7691547608760052 3.587490966130753 6
      vertex 1.7691547608760052 3.587490966130753 4
    endloop
  endfacet
  facet normal -0.5280678506503678 -0.849202181526579 0
    outer loop
      vertex 2 3.4641016151377544 4
      vertex 2.2222809320784087 3.325878449210181 6
      vertex 2 3.4641016151377544 6
    endloop
  endfacet
  facet normal -0.5824776968678017 -0.8128466845916156 4.675691212045861e-18
    outer loop
      vertex 2.4350457160348826 3.1734133611649407 6
      vertex 2.2222809320784087 3.325878449210181 6
      vertex 2.2222809320784087 3.325878449210181 4
    endloop
  endfacet
  facet normal -0.6835923020228711 -0.7298640726978358 -6.055075735470116e-18
    outer loop
      vertex 2.8284271247461903 2.8284271247461903 6
      vertex 2.6373832604002754 3.00735922991591 6
      vertex 2.6373832604002754 3.00735922991591 4
    endloop
  endfacet
  facet normal -0.8128466845916156 -0.5824776968678017 4.675691212045861e-18
    outer loop
      vertex 3.325878449210181 2.2222809320784087 6
      vertex 3.1734133611649407 2.4350457160348826 6
      vertex 3.1734133611649407 2.4350457160348826 4
    endloop
  endfacet
  facet normal -0.7298640726978358 -0.6835923020228711 0
    outer loop
      vertex 2.8284271247461903 2.8284271247461903 4
      vertex 3.00735922991591 2.6373832604002754 6
      vertex 2.8284271247461903 2.8284271247461903 6
    endloop
  endfacet
  facet normal -0.7730104533627374 -0.6343932841636449 -3.762139825868732e-18
    outer loop
      vertex 3.1734133611649407 2.4350457160348826 6
      vertex 3.00735922991591 2.6373832604002754 6
      vertex 3.00735922991591 2.6373832604002754 4
    endloop
  endfacet
  facet normal -0.6343932841636449 -0.7730104533627374 0
    outer loop
      vertex 2.4350457160348826 3.1734133611649407 4
      vertex 2.6373832604002754 3.00735922991591 6
      vertex 2.4350457160348826 3.1734133611649407 6
    endloop
  endfacet
  facet normal 0 0 1
    outer loop
      vertex 3.325878449210181 -2.2222809320784087 4
      vertex 3.4641016151377544 2 4
      vertex 3.325878449210181 2.2222809320784087 4
    endloop
  endfacet
  facet normal 0 0 1
    outer loop
      vertex 3.4641016151377544 -2 4
      vertex 3.587490966130753 1.7691547608760052 4
      vertex 3.4641016151377544 2 4
    endloop
  endfacet
  facet normal 0 0 1
    outer loop
      vertex 3.587490966130753 -1.7691547608760052 4
      vertex 3.695518130045147 1.5307337294603591 4
      vertex 3.587490966130753 1.7691547608760052 4
    endloop
  endfacet
  facet normal 0 0 1
    outer loop
      vertex 3.695518130045147 -1.5307337294603591 4
      vertex 3.7877205179804228 1.2857578612126463 4
      vertex 3.695518130045147 1.5307337294603591 4
    endloop
  endfacet
  facet normal 0 0 1
    outer loop
      vertex 3.7877205179804228 -1.2857578612126463 4
      vertex 3.8637033051562732 1.035276180410083 4
      vertex 3.7877205179804228 1.2857578612126463 4
    endloop
  endfacet
  facet normal 0 0 1
    outer loop
      vertex 3.9231411216129217 -0.780361288064513 4
      vertex 3.9657794454952415 0.5221047688802063 4
      vertex 3.9231411216129217 0.780361288064513 4
    endloop
  endfacet
  facet normal 0 0 1
    outer loop
      vertex 3.991435692954414 -0.26161251692057225 4
      vertex 4 0 4
      vertex 3.991435692954414 0.26161251692057225 4
    endloop
  endfacet
  facet normal 0 0 1
    outer loop
      vertex 3.9657794454952415 -0.5221047688802063 4
      vertex 3.991435692954414 0.26161251692057225 4
      vertex 3.9657794454952415 0.5221047688802063 4
    endloop
  endfacet
  facet normal -0.9994645874763655 -0.03271908282177656 0
    outer loop
      vertex 4 0 4
      vertex 4 0 6
      vertex 3.991435692954414 0.26161251692057225 4
    endloop
  endfacet
  facet normal 0 0 1
    outer loop
      vertex 3.8637033051562732 -1.035276180410083 4
      vertex 3.9231411216129217 0.780361288064513 4
      vertex 3.8637033051562732 1.035276180410083 4
    endloop
  endfacet
  facet normal -0.9951847266721968 -0.09801714032956063 0
    outer loop
      vertex 3.991435692954414 0.26161251692057225 4
      vertex 3.991435692954414 0.26161251692057225 6
      vertex 3.9657794454952415 0.5221047688802063 4
    endloop
  endfacet
  facet normal -0.986643332084879 -0.16289547339458857 0
    outer loop
      vertex 3.9657794454952415 0.5221047688802063 4
      vertex 3.9657794454952415 0.5221047688802063 6
      vertex 3.9231411216129217 0.780361288064513 4
    endloop
  endfacet
  facet normal -0.9738769792773337 -0.22707626303437256 0
    outer loop
      vertex 3.9231411216129217 0.780361288064513 4
      vertex 3.9231411216129217 0.780361288064513 6
      vertex 3.8637033051562732 1.035276180410083 4
    endloop
  endfacet
  facet normal -0.8819212643483548 -0.47139673682599775 0
    outer loop
      vertex 3.587490966130753 1.7691547608760052 4
      vertex 3.587490966130753 1.7691547608760052 6
      vertex 3.4641016151377544 2 4
    endloop
  endfacet
  facet normal -0.9569403357322088 -0.2902846772544623 0
    outer loop
      vertex 3.8637033051562732 1.035276180410083 4
      vertex 3.8637033051562732 1.035276180410083 6
      vertex 3.7877205179804228 1.2857578612126463 4
    endloop
  endfacet
  facet normal -0.9359059267573255 -0.35225004792123404 0
    outer loop
      vertex 3.7877205179804228 1.2857578612126463 4
      vertex 3.7877205179804228 1.2857578612126463 6
      vertex 3.695518130045147 1.5307337294603591 4
    endloop
  endfacet
  facet normal -0.9108638249211757 -0.4127070298043951 0
    outer loop
      vertex 3.695518130045147 1.5307337294603591 4
      vertex 3.695518130045147 1.5307337294603591 6
      vertex 3.587490966130753 1.7691547608760052 4
    endloop
  endfacet
  facet normal -0.9994645874763655 -0.03271908282177656 -6.256451929613799e-20
    outer loop
      vertex 4 0 6
      vertex 3.991435692954414 0.26161251692057225 6
      vertex 3.991435692954414 0.26161251692057225 4
    endloop
  endfacet
  facet normal -0.9951847266721968 -0.09801714032956063 -5.003720199214913e-19
    outer loop
      vertex 3.991435692954414 0.26161251692057225 6
      vertex 3.9657794454952415 0.5221047688802063 6
      vertex 3.9657794454952415 0.5221047688802063 4
    endloop
  endfacet
  facet normal -0.986643332084879 -0.16289547339458857 7.214669943158134e-21
    outer loop
      vertex 3.9657794454952415 0.5221047688802063 6
      vertex 3.9231411216129217 0.780361288064513 6
      vertex 3.9231411216129217 0.780361288064513 4
    endloop
  endfacet
  facet normal -0.9738769792773337 -0.22707626303437256 6.297565389245433e-19
    outer loop
      vertex 3.9231411216129217 0.780361288064513 6
      vertex 3.8637033051562732 1.035276180410083 6
      vertex 3.8637033051562732 1.035276180410083 4
    endloop
  endfacet
  facet normal -0.9108638249211757 -0.4127070298043951 2.7171086495626898e-18
    outer loop
      vertex 3.695518130045147 1.5307337294603591 6
      vertex 3.587490966130753 1.7691547608760052 6
      vertex 3.587490966130753 1.7691547608760052 4
    endloop
  endfacet
  facet normal -0.8819212643483548 -0.47139673682599775 1.8527219828101005e-18
    outer loop
      vertex 3.587490966130753 1.7691547608760052 6
      vertex 3.4641016151377544 2 6
      vertex 3.4641016151377544 2 4
    endloop
  endfacet
  facet normal -0.9569403357322088 -0.2902846772544623 -1.277940654745521e-18
    outer loop
      vertex 3.8637033051562732 1.035276180410083 6
      vertex 3.7877205179804228 1.2857578612126463 6
      vertex 3.7877205179804228 1.2857578612126463 4
    endloop
  endfacet
  facet normal -0.9359059267573255 -0.35225004792123404 1.1290930178573074e-18
    outer loop
      vertex 3.7877205179804228 1.2857578612126463 6
      vertex 3.695518130045147 1.5307337294603591 6
      vertex 3.695518130045147 1.5307337294603591 4
    endloop
  endfacet
  facet normal -0.849202181526579 -0.5280678506503678 0
    outer loop
      vertex 3.4641016151377544 2 4
      vertex 3.4641016151377544 2 6
      vertex 3.325878449210181 2.2222809320784087 4
    endloop
  endfacet
  facet normal -0.8128466845916156 -0.5824776968678017 0
    outer loop
      vertex 3.325878449210181 2.2222809320784087 4
      vertex 3.325878449210181 2.2222809320784087 6
      vertex 3.1734133611649407 2.4350457160348826 4
    endloop
  endfacet
  facet normal -0.849202181526579 -0.5280678506503678 0
    outer loop
      vertex 3.325878449210181 2.2222809320784087 4
      vertex 3.4641016151377544 2 6
      vertex 3.325878449210181 2.2222809320784087 6
    endloop
  endfacet
  facet normal -0.03271908282177657 -0.9994645874763656 -6.585738873277683e-21
    outer loop
      vertex 0 4 18
      vertex 0.26161251692057225 3.991435692954414 18
      vertex 0.26161251692057225 3.991435692954414 37
    endloop
  endfacet
  facet normal -0.09801714032956063 -0.9951847266721967 -5.267073893910434e-20
    outer loop
      vertex 0.26161251692057225 3.991435692954414 18
      vertex 0.5221047688802063 3.9657794454952415 18
      vertex 0.5221047688802063 3.9657794454952415 37
    endloop
  endfacet
  facet normal -0.1628954733945886 -0.9866433320848791 7.594389413850668e-22
    outer loop
      vertex 0.5221047688802063 3.9657794454952415 18
      vertex 0.780361288064513 3.9231411216129217 18
      vertex 0.780361288064513 3.9231411216129217 37
    endloop
  endfacet
  facet normal -0.2270762630343726 -0.9738769792773337 6.629016199205719e-20
    outer loop
      vertex 0.780361288064513 3.9231411216129217 18
      vertex 1.035276180410083 3.8637033051562732 18
      vertex 1.035276180410083 3.8637033051562732 37
    endloop
  endfacet
  facet normal -0.2902846772544623 -0.9569403357322088 -1.3452006892058115e-19
    outer loop
      vertex 1.035276180410083 3.8637033051562732 18
      vertex 1.2857578612126463 3.7877205179804228 18
      vertex 1.2857578612126463 3.7877205179804228 37
    endloop
  endfacet
  facet normal -0.35225004792123404 -0.9359059267573254 1.1885189661655868e-19
    outer loop
      vertex 1.2857578612126463 3.7877205179804228 18
      vertex 1.5307337294603591 3.695518130045147 18
      vertex 1.5307337294603591 3.695518130045147 37
    endloop
  endfacet
  facet normal -0.4127070298043951 -0.9108638249211758 0
    outer loop
      vertex 1.7691547608760052 3.587490966130753 18
      vertex 1.7691547608760052 3.587490966130753 37
      vertex 1.5307337294603591 3.695518130045147 18
    endloop
  endfacet
  facet normal -0.4713967368259978 -0.8819212643483549 0
    outer loop
      vertex 2 3.4641016151377544 18
      vertex 2 3.4641016151377544 37
      vertex 1.7691547608760052 3.587490966130753 18
    endloop
  endfacet
  facet normal -0.5280678506503678 -0.849202181526579 1.4456853328248376e-19
    outer loop
      vertex 2 3.4641016151377544 18
      vertex 2.2222809320784087 3.325878449210181 18
      vertex 2.2222809320784087 3.325878449210181 37
    endloop
  endfacet
  facet normal -0.5824776968678017 -0.8128466845916157 0
    outer loop
      vertex 2.4350457160348826 3.1734133611649407 18
      vertex 2.4350457160348826 3.1734133611649407 37
      vertex 2.2222809320784087 3.325878449210181 18
    endloop
  endfacet
  facet normal -0.6835923020228711 -0.7298640726978358 0
    outer loop
      vertex 2.8284271247461903 2.8284271247461903 18
      vertex 2.8284271247461903 2.8284271247461903 37
      vertex 2.6373832604002754 3.00735922991591 18
    endloop
  endfacet
  facet normal -0.7298640726978358 -0.6835923020228711 -6.373763932073806e-19
    outer loop
      vertex 2.8284271247461903 2.8284271247461903 18
      vertex 3.00735922991591 2.6373832604002754 18
      vertex 3.00735922991591 2.6373832604002754 37
    endloop
  endfacet
  facet normal -0.7730104533627374 -0.6343932841636449 0
    outer loop
      vertex 3.1734133611649407 2.4350457160348826 18
      vertex 3.1734133611649407 2.4350457160348826 37
      vertex 3.00735922991591 2.6373832604002754 18
    endloop
  endfacet
  facet normal -0.6343932841636449 -0.7730104533627374 -3.960147185124981e-19
    outer loop
      vertex 2.4350457160348826 3.1734133611649407 18
      vertex 2.6373832604002754 3.00735922991591 18
      vertex 2.6373832604002754 3.00735922991591 37
    endloop
  endfacet
  facet normal -0.03271908282177657 -0.9994645874763656 -6.585738873277683e-21
    outer loop
      vertex 0.26161251692057225 3.991435692954414 37
      vertex 0 4 37
      vertex 0 4 18
    endloop
  endfacet
  facet normal -0.09801714032956063 -0.9951847266721967 0
    outer loop
      vertex 0.26161251692057225 3.991435692954414 18
      vertex 0.5221047688802063 3.9657794454952415 37
      vertex 0.26161251692057225 3.991435692954414 37
    endloop
  endfacet
  facet normal -0.1628954733945886 -0.9866433320848791 0
    outer loop
      vertex 0.5221047688802063 3.9657794454952415 18
      vertex 0.780361288064513 3.9231411216129217 37
      vertex 0.5221047688802063 3.9657794454952415 37
    endloop
  endfacet
  facet normal -0.2270762630343726 -0.9738769792773337 0
    outer loop
      vertex 0.780361288064513 3.9231411216129217 18
      vertex 1.035276180410083 3.8637033051562732 37
      vertex 0.780361288064513 3.9231411216129217 37
    endloop
  endfacet
  facet normal -0.2902846772544623 -0.9569403357322088 0
    outer loop
      vertex 1.035276180410083 3.8637033051562732 18
      vertex 1.2857578612126463 3.7877205179804228 37
      vertex 1.035276180410083 3.8637033051562732 37
    endloop
  endfacet
  facet normal -0.35225004792123404 -0.9359059267573254 0
    outer loop
      vertex 1.2857578612126463 3.7877205179804228 18
      vertex 1.5307337294603591 3.695518130045147 37
      vertex 1.2857578612126463 3.7877205179804228 37
    endloop
  endfacet
  facet normal -0.4127070298043951 -0.9108638249211758 0
    outer loop
      vertex 1.5307337294603591 3.695518130045147 18
      vertex 1.7691547608760052 3.587490966130753 37
      vertex 1.5307337294603591 3.695518130045147 37
    endloop
  endfacet
  facet normal -0.4713967368259978 -0.8819212643483549 0
    outer loop
      vertex 1.7691547608760052 3.587490966130753 18
      vertex 2 3.4641016151377544 37
      vertex 1.7691547608760052 3.587490966130753 37
    endloop
  endfacet
  facet normal -0.5280678506503678 -0.849202181526579 0
    outer loop
      vertex 2 3.4641016151377544 18
      vertex 2.2222809320784087 3.325878449210181 37
      vertex 2 3.4641016151377544 37
    endloop
  endfacet
  facet normal -0.5824776968678017 -0.8128466845916157 0
    outer loop
      vertex 2.2222809320784087 3.325878449210181 18
      vertex 2.4350457160348826 3.1734133611649407 37
      vertex 2.2222809320784087 3.325878449210181 37
    endloop
  endfacet
  facet normal -0.6835923020228711 -0.7298640726978358 0
    outer loop
      vertex 2.6373832604002754 3.00735922991591 18
      vertex 2.8284271247461903 2.8284271247461903 37
      vertex 2.6373832604002754 3.00735922991591 37
    endloop
  endfacet
  facet normal -0.8128466845916157 -0.5824776968678017 0
    outer loop
      vertex 3.1734133611649407 2.4350457160348826 18
      vertex 3.325878449210181 2.2222809320784087 37
      vertex 3.1734133611649407 2.4350457160348826 37
    endloop
  endfacet
  facet normal -0.7298640726978358 -0.6835923020228711 0
    outer loop
      vertex 2.8284271247461903 2.8284271247461903 18
      vertex 3.00735922991591 2.6373832604002754 37
      vertex 2.8284271247461903 2.8284271247461903 37
    endloop
  endfacet
  facet normal -0.7730104533627374 -0.6343932841636449 0
    outer loop
      vertex 3.00735922991591 2.6373832604002754 18
      vertex 3.1734133611649407 2.4350457160348826 37
      vertex 3.00735922991591 2.6373832604002754 37
    endloop
  endfacet
  facet normal -0.6343932841636449 -0.7730104533627374 0
    outer loop
      vertex 2.4350457160348826 3.1734133611649407 18
      vertex 2.6373832604002754 3.00735922991591 37
      vertex 2.4350457160348826 3.1734133611649407 37
    endloop
  endfacet
  facet normal -0.9994645874763656 -0.03271908282177657 0
    outer loop
      vertex 4 0 18
      vertex 4 0 37
      vertex 3.991435692954414 0.26161251692057225 18
    endloop
  endfacet
  facet normal -0.9951847266721967 -0.09801714032956063 0
    outer loop
      vertex 3.991435692954414 0.26161251692057225 18
      vertex 3.991435692954414 0.26161251692057225 37
      vertex 3.9657794454952415 0.5221047688802063 18
    endloop
  endfacet
  facet normal -0.9866433320848791 -0.1628954733945886 0
    outer loop
      vertex 3.9657794454952415 0.5221047688802063 18
      vertex 3.9657794454952415 0.5221047688802063 37
      vertex 3.9231411216129217 0.780361288064513 18
    endloop
  endfacet
  facet normal -0.9738769792773337 -0.2270762630343726 0
    outer loop
      vertex 3.9231411216129217 0.780361288064513 18
      vertex 3.9231411216129217 0.780361288064513 37
      vertex 3.8637033051562732 1.035276180410083 18
    endloop
  endfacet
  facet normal -0.8819212643483549 -0.4713967368259978 0
    outer loop
      vertex 3.587490966130753 1.7691547608760052 18
      vertex 3.587490966130753 1.7691547608760052 37
      vertex 3.4641016151377544 2 18
    endloop
  endfacet
  facet normal -0.9569403357322088 -0.2902846772544623 0
    outer loop
      vertex 3.8637033051562732 1.035276180410083 18
      vertex 3.8637033051562732 1.035276180410083 37
      vertex 3.7877205179804228 1.2857578612126463 18
    endloop
  endfacet
  facet normal -0.9359059267573254 -0.35225004792123404 0
    outer loop
      vertex 3.7877205179804228 1.2857578612126463 18
      vertex 3.7877205179804228 1.2857578612126463 37
      vertex 3.695518130045147 1.5307337294603591 18
    endloop
  endfacet
  facet normal -0.9108638249211758 -0.4127070298043951 0
    outer loop
      vertex 3.695518130045147 1.5307337294603591 18
      vertex 3.695518130045147 1.5307337294603591 37
      vertex 3.587490966130753 1.7691547608760052 18
    endloop
  endfacet
  facet normal -0.849202181526579 -0.5280678506503678 1.4456853328248376e-19
    outer loop
      vertex 3.325878449210181 2.2222809320784087 18
      vertex 3.4641016151377544 2 18
      vertex 3.4641016151377544 2 37
    endloop
  endfacet
  facet normal -0.8128466845916157 -0.5824776968678017 0
    outer loop
      vertex 3.325878449210181 2.2222809320784087 18
      vertex 3.325878449210181 2.2222809320784087 37
      vertex 3.1734133611649407 2.4350457160348826 18
    endloop
  endfacet
  facet normal -0.9994645874763656 -0.03271908282177657 0
    outer loop
      vertex 3.991435692954414 0.26161251692057225 18
      vertex 4 0 37
      vertex 3.991435692954414 0.26161251692057225 37
    endloop
  endfacet
  facet normal -0.9951847266721967 -0.09801714032956063 0
    outer loop
      vertex 3.9657794454952415 0.5221047688802063 18
      vertex 3.991435692954414 0.26161251692057225 37
      vertex 3.9657794454952415 0.5221047688802063 37
    endloop
  endfacet
  facet normal -0.9866433320848791 -0.1628954733945886 0
    outer loop
      vertex 3.9231411216129217 0.780361288064513 18
      vertex 3.9657794454952415 0.5221047688802063 37
      vertex 3.9231411216129217 0.780361288064513 37
    endloop
  endfacet
  facet normal -0.9738769792773337 -0.2270762630343726 0
    outer loop
      vertex 3.8637033051562732 1.035276180410083 18
      vertex 3.9231411216129217 0.780361288064513 37
      vertex 3.8637033051562732 1.035276180410083 37
    endloop
  endfacet
  facet normal -0.9108638249211758 -0.4127070298043951 0
    outer loop
      vertex 3.587490966130753 1.7691547608760052 18
      vertex 3.695518130045147 1.5307337294603591 37
      vertex 3.587490966130753 1.7691547608760052 37
    endloop
  endfacet
  facet normal -0.8819212643483549 -0.4713967368259978 0
    outer loop
      vertex 3.4641016151377544 2 37
      vertex 3.4641016151377544 2 18
      vertex 3.587490966130753 1.7691547608760052 37
    endloop
  endfacet
  facet normal -0.9569403357322088 -0.2902846772544623 0
    outer loop
      vertex 3.7877205179804228 1.2857578612126463 18
      vertex 3.8637033051562732 1.035276180410083 37
      vertex 3.7877205179804228 1.2857578612126463 37
    endloop
  endfacet
  facet normal -0.9359059267573254 -0.35225004792123404 0
    outer loop
      vertex 3.695518130045147 1.5307337294603591 18
      vertex 3.7877205179804228 1.2857578612126463 37
      vertex 3.695518130045147 1.5307337294603591 37
    endloop
  endfacet
  facet normal -0.849202181526579 -0.5280678506503678 0
    outer loop
      vertex 3.325878449210181 2.2222809320784087 18
      vertex 3.4641016151377544 2 37
      vertex 3.325878449210181 2.2222809320784087 37
    endloop
  endfacet
  facet normal 0 0 1
    outer loop
      vertex 0 -4 6
      vertex 5.740739813938937 -4 6
      vertex 0.26161251692057225 -3.991435692954414 6
    endloop
  endfacet
  facet normal 0 0 1
    outer loop
      vertex 0.26161251692057225 -3.991435692954414 6
      vertex 5.740739813938937 -4 6
      vertex 0.5221047688802063 -3.9657794454952415 6
    endloop
  endfacet
  facet normal 0 0 1
    outer loop
      vertex 0.5221047688802063 -3.9657794454952415 6
      vertex 5.740739813938937 -4 6
      vertex 0.780361288064513 -3.9231411216129217 6
    endloop
  endfacet
  facet normal 0 0 1
    outer loop
      vertex 0.780361288064513 -3.9231411216129217 6
      vertex 5.740739813938937 -4 6
      vertex 1.035276180410083 -3.8637033051562732 6
    endloop
  endfacet
  facet normal 0 0 1
    outer loop
      vertex 1.035276180410083 -3.8637033051562732 6
      vertex 5.740739813938937 -4 6
      vertex 1.2857578612126463 -3.7877205179804228 6
    endloop
  endfacet
  facet normal 0 0 1
    outer loop
      vertex 1.2857578612126463 -3.7877205179804228 6
      vertex 5.820287286117817 -3.8889916311372152 6
      vertex 1.5307337294603591 -3.695518130045147 6
    endloop
  endfacet
  facet normal 0 0 1
    outer loop
      vertex 1.5307337294603591 -3.695518130045147 6
      vertex 5.820287286117817 -3.8889916311372152 6
      vertex 1.7691547608760052 -3.587490966130753 6
    endloop
  endfacet
  facet normal 0 0 1
    outer loop
      vertex 1.7691547608760052 -3.587490966130753 6
      vertex 5.820287286117817 -3.8889916311372152 6
      vertex 2 -3.4641016151377544 6
    endloop
  endfacet
  facet normal 0 1 0
    outer loop
      vertex 0 -4 6
      vertex 0 -4 18
      vertex 5.740739813938937 -4 18
    endloop
  endfacet
  facet normal 0 0 -1
    outer loop
      vertex 0 -4 18
      vertex 0.26161251692057225 -3.991435692954414 18
      vertex 5.740739813938937 -4 18
    endloop
  endfacet
  facet normal 0 0 -1
    outer loop
      vertex 0.26161251692057225 -3.991435692954414 18
      vertex 0.5221047688802063 -3.9657794454952415 18
      vertex 5.820287286117817 -3.8889916311372152 18
    endloop
  endfacet
  facet normal 0 0 -1
    outer loop
      vertex 0.5221047688802063 -3.9657794454952415 18
      vertex 0.780361288064513 -3.9231411216129217 18
      vertex 5.820287286117817 -3.8889916311372152 18
    endloop
  endfacet
  facet normal 0 0 -1
    outer loop
      vertex 0.780361288064513 -3.9231411216129217 18
      vertex 1.035276180410083 -3.8637033051562732 18
      vertex 5.820287286117817 -3.8889916311372152 18
    endloop
  endfacet
  facet normal 0 0 -1
    outer loop
      vertex 1.035276180410083 -3.8637033051562732 18
      vertex 1.2857578612126463 -3.7877205179804228 18
      vertex 5.820287286117817 -3.8889916311372152 18
    endloop
  endfacet
  facet normal 0 0 -1
    outer loop
      vertex 1.2857578612126463 -3.7877205179804228 18
      vertex 1.5307337294603591 -3.695518130045147 18
      vertex 6.06217782649107 -3.5 18
    endloop
  endfacet
  facet normal 0 0 -1
    outer loop
      vertex 1.5307337294603591 -3.695518130045147 18
      vertex 1.7691547608760052 -3.587490966130753 18
      vertex 6.06217782649107 -3.5 18
    endloop
  endfacet
  facet normal 0 0 1
    outer loop
      vertex 2 -3.4641016151377544 6
      vertex 5.820287286117817 -3.8889916311372152 6
      vertex 2.2222809320784087 -3.325878449210181 6
    endloop
  endfacet
  facet normal 0 0 1
    outer loop
      vertex 2.2222809320784087 -3.325878449210181 6
      vertex 5.820287286117817 -3.8889916311372152 6
      vertex 2.4350457160348826 -3.1734133611649407 6
    endloop
  endfacet
  facet normal 0 0 1
    outer loop
      vertex 2.4350457160348826 -3.1734133611649407 6
      vertex 6.06217782649107 -3.5 6
      vertex 2.6373832604002754 -3.00735922991591 6
    endloop
  endfacet
  facet normal 0 0 1
    outer loop
      vertex 2.6373832604002754 -3.00735922991591 6
      vertex 6.06217782649107 -3.5 6
      vertex 2.8284271247461903 -2.8284271247461903 6
    endloop
  endfacet
  facet normal 0 0 1
    outer loop
      vertex 2.8284271247461903 -2.8284271247461903 6
      vertex 6.06217782649107 -3.5 6
      vertex 3.00735922991591 -2.6373832604002754 6
    endloop
  endfacet
  facet normal 0 0 1
    outer loop
      vertex 1.2857578612126463 -3.7877205179804228 6
      vertex 5.740739813938937 -4 6
      vertex 5.820287286117817 -3.8889916311372152 6
    endloop
  endfacet
  facet normal 0 0 1
    outer loop
      vertex 2.4350457160348826 -3.1734133611649407 6
      vertex 5.820287286117817 -3.8889916311372152 6
      vertex 6.06217782649107 -3.5 6
    endloop
  endfacet
  facet normal 0 0 1
    outer loop
      vertex 3.00735922991591 -2.6373832604002754 6
      vertex 6.278109190728818 -3.096020831533009 6
      vertex 3.1734133611649407 -2.4350457160348826 6
    endloop
  endfacet
  facet normal 0 0 1
    outer loop
      vertex 3.1734133611649407 -2.4350457160348826 6
      vertex 6.278109190728818 -3.096020831533009 6
      vertex 3.325878449210181 -2.2222809320784087 6
    endloop
  endfacet
  facet normal 0 0 1
    outer loop
      vertex 3.325878449210181 -2.2222809320784087 6
      vertex 6.985012462670224 -0.4578219046110014 6
      vertex 3.4641016151377544 -2 6
    endloop
  endfacet
  facet normal 0 0 1
    outer loop
      vertex 3.4641016151377544 -2 6
      vertex 7 0 6
      vertex 3.587490966130753 -1.7691547608760052 6
    endloop
  endfacet
  facet normal 0 0 1
    outer loop
      vertex 3.587490966130753 -1.7691547608760052 6
      vertex 7 0 6
      vertex 3.695518130045147 -1.5307337294603591 6
    endloop
  endfacet
  facet normal 0 0 1
    outer loop
      vertex 3.695518130045147 -1.5307337294603591 6
      vertex 7 0 6
      vertex 3.7877205179804228 -1.2857578612126463 6
    endloop
  endfacet
  facet normal 0 0 1
    outer loop
      vertex 3.00735922991591 -2.6373832604002754 6
      vertex 6.06217782649107 -3.5 6
      vertex 6.278109190728818 -3.096020831533009 6
    endloop
  endfacet
  facet normal 0 0 1
    outer loop
      vertex 3.325878449210181 -2.2222809320784087 6
      vertex 6.278109190728818 -3.096020831533009 6
      vertex 6.467156727579007 -2.6787840265556286 6
    endloop
  endfacet
  facet normal 0 0 1
    outer loop
      vertex 3.325878449210181 -2.2222809320784087 6
      vertex 6.467156727579007 -2.6787840265556286 6
      vertex 6.62851090646574 -2.250076257122131 6
    endloop
  endfacet
  facet normal 0 0 1
    outer loop
      vertex 3.325878449210181 -2.2222809320784087 6
      vertex 6.62851090646574 -2.250076257122131 6
      vertex 6.761480784023478 -1.8117333157176452 6
    endloop
  endfacet
  facet normal 0 0 1
    outer loop
      vertex 3.325878449210181 -2.2222809320784087 6
      vertex 6.761480784023478 -1.8117333157176452 6
      vertex 6.865496962822613 -1.3656322541128978 6
    endloop
  endfacet
  facet normal 0 0 1
    outer loop
      vertex 3.7877205179804228 -1.2857578612126463 6
      vertex 7 0 6
      vertex 3.8637033051562732 -1.035276180410083 6
    endloop
  endfacet
  facet normal 0 0 1
    outer loop
      vertex 3.8637033051562732 -1.035276180410083 6
      vertex 6.985012462670224 0.4578219046110014 6
      vertex 3.9231411216129217 -0.780361288064513 6
    endloop
  endfacet
  facet normal 0 0 1
    outer loop
      vertex 3.9231411216129217 -0.780361288064513 6
      vertex 6.985012462670224 0.4578219046110014 6
      vertex 3.9657794454952415 -0.5221047688802063 6
    endloop
  endfacet
  facet normal 0 0 1
    outer loop
      vertex 3.9657794454952415 -0.5221047688802063 6
      vertex 6.985012462670224 0.4578219046110014 6
      vertex 3.991435692954414 -0.26161251692057225 6
    endloop
  endfacet
  facet normal 0 0 1
    outer loop
      vertex 3.325878449210181 -2.2222809320784087 6
      vertex 6.865496962822613 -1.3656322541128978 6
      vertex 6.940114029616673 -0.913683345540361 6
    endloop
  endfacet
  facet normal 0 0 1
    outer loop
      vertex 3.325878449210181 -2.2222809320784087 6
      vertex 6.940114029616673 -0.913683345540361 6
      vertex 6.985012462670224 -0.4578219046110014 6
    endloop
  endfacet
  facet normal 0 0 1
    outer loop
      vertex 3.4641016151377544 -2 6
      vertex 6.985012462670224 -0.4578219046110014 6
      vertex 7 0 6
    endloop
  endfacet
  facet normal 0 0 1
    outer loop
      vertex 3.8637033051562732 -1.035276180410083 6
      vertex 7 0 6
      vertex 6.985012462670224 0.4578219046110014 6
    endloop
  endfacet
  facet normal 0 1 0
    outer loop
      vertex 0 -4 6
      vertex 5.740739813938937 -4 18
      vertex 5.740739813938937 -4 6
    endloop
  endfacet
  facet normal 0 0 -1
    outer loop
      vertex 1.7691547608760052 -3.587490966130753 18
      vertex 2 -3.4641016151377544 18
      vertex 6.06217782649107 -3.5 18
    endloop
  endfacet
  facet normal 0 0 -1
    outer loop
      vertex 2 -3.4641016151377544 18
      vertex 2.2222809320784087 -3.325878449210181 18
      vertex 6.06217782649107 -3.5 18
    endloop
  endfacet
  facet normal 0 0 -1
    outer loop
      vertex 2.2222809320784087 -3.325878449210181 18
      vertex 2.4350457160348826 -3.1734133611649407 18
      vertex 6.06217782649107 -3.5 18
    endloop
  endfacet
  facet normal 0 0 -1
    outer loop
      vertex 0.26161251692057225 -3.991435692954414 18
      vertex 5.820287286117817 -3.8889916311372152 18
      vertex 5.740739813938937 -4 18
    endloop
  endfacet
  facet normal 0 0 -1
    outer loop
      vertex 2.4350457160348826 -3.1734133611649407 18
      vertex 2.6373832604002754 -3.00735922991591 18
      vertex 6.278109190728818 -3.096020831533009 18
    endloop
  endfacet
  facet normal 0 0 -1
    outer loop
      vertex 2.6373832604002754 -3.00735922991591 18
      vertex 2.8284271247461903 -2.8284271247461903 18
      vertex 6.278109190728818 -3.096020831533009 18
    endloop
  endfacet
  facet normal 0 0 -1
    outer loop
      vertex 2.8284271247461903 -2.8284271247461903 18
      vertex 3.00735922991591 -2.6373832604002754 18
      vertex 6.278109190728818 -3.096020831533009 18
    endloop
  endfacet
  facet normal 0 0 -1
    outer loop
      vertex 1.2857578612126463 -3.7877205179804228 18
      vertex 6.06217782649107 -3.5 18
      vertex 5.820287286117817 -3.8889916311372152 18
    endloop
  endfacet
  facet normal 0 0 -1
    outer loop
      vertex 3.00735922991591 -2.6373832604002754 18
      vertex 3.1734133611649407 -2.4350457160348826 18
      vertex 6.467156727579007 -2.6787840265556286 18
    endloop
  endfacet
  facet normal 0 0 -1
    outer loop
      vertex 3.1734133611649407 -2.4350457160348826 18
      vertex 3.325878449210181 -2.2222809320784087 18
      vertex 6.467156727579007 -2.6787840265556286 18
    endloop
  endfacet
  facet normal 0 0 -1
    outer loop
      vertex 3.325878449210181 -2.2222809320784087 18
      vertex 3.4641016151377544 -2 18
      vertex 6.467156727579007 -2.6787840265556286 18
    endloop
  endfacet
  facet normal 0 0 -1
    outer loop
      vertex 3.4641016151377544 -2 18
      vertex 3.587490966130753 -1.7691547608760052 18
      vertex 6.62851090646574 -2.250076257122131 18
    endloop
  endfacet
  facet normal 0 0 -1
    outer loop
      vertex 3.587490966130753 -1.7691547608760052 18
      vertex 3.695518130045147 -1.5307337294603591 18
      vertex 6.62851090646574 -2.250076257122131 18
    endloop
  endfacet
  facet normal 0 0 -1
    outer loop
      vertex 3.695518130045147 -1.5307337294603591 18
      vertex 3.7877205179804228 -1.2857578612126463 18
      vertex 6.761480784023478 -1.8117333157176452 18
    endloop
  endfacet
  facet normal 0 0 -1
    outer loop
      vertex 3.7877205179804228 -1.2857578612126463 18
      vertex 3.8637033051562732 -1.035276180410083 18
      vertex 6.761480784023478 -1.8117333157176452 18
    endloop
  endfacet
  facet normal 0 0 -1
    outer loop
      vertex 2.4350457160348826 -3.1734133611649407 18
      vertex 6.278109190728818 -3.096020831533009 18
      vertex 6.06217782649107 -3.5 18
    endloop
  endfacet
  facet normal 0 0 -1
    outer loop
      vertex 3.00735922991591 -2.6373832604002754 18
      vertex 6.467156727579007 -2.6787840265556286 18
      vertex 6.278109190728818 -3.096020831533009 18
    endloop
  endfacet
  facet normal 0 0 -1
    outer loop
      vertex 3.4641016151377544 -2 18
      vertex 6.62851090646574 -2.250076257122131 18
      vertex 6.467156727579007 -2.6787840265556286 18
    endloop
  endfacet
  facet normal 0 0 -1
    outer loop
      vertex 3.8637033051562732 -1.035276180410083 18
      vertex 3.9231411216129217 -0.780361288064513 18
      vertex 6.865496962822613 -1.3656322541128978 18
    endloop
  endfacet
  facet normal 0 0 -1
    outer loop
      vertex 3.9231411216129217 -0.780361288064513 18
      vertex 3.9657794454952415 -0.5221047688802063 18
      vertex 6.865496962822613 -1.3656322541128978 18
    endloop
  endfacet
  facet normal 0 0 -1
    outer loop
      vertex 3.9657794454952415 -0.5221047688802063 18
      vertex 3.991435692954414 -0.26161251692057225 18
      vertex 6.940114029616673 -0.913683345540361 18
    endloop
  endfacet
  facet normal 0 0 -1
    outer loop
      vertex 3.991435692954414 -0.26161251692057225 18
      vertex 4 0 18
      vertex 6.940114029616673 -0.913683345540361 18
    endloop
  endfacet
  facet normal 0 0 -1
    outer loop
      vertex 4 0 18
      vertex 3.991435692954414 0.26161251692057225 18
      vertex 6.940114029616673 -0.913683345540361 18
    endloop
  endfacet
  facet normal 0 0 -1
    outer loop
      vertex 3.695518130045147 -1.5307337294603591 18
      vertex 6.761480784023478 -1.8117333157176452 18
      vertex 6.62851090646574 -2.250076257122131 18
    endloop
  endfacet
  facet normal 0 0 -1
    outer loop
      vertex 3.8637033051562732 -1.035276180410083 18
      vertex 6.865496962822613 -1.3656322541128978 18
      vertex 6.761480784023478 -1.8117333157176452 18
    endloop
  endfacet
  facet normal 0 0 -1
    outer loop
      vertex 3.9657794454952415 -0.5221047688802063 18
      vertex 6.940114029616673 -0.913683345540361 18
      vertex 6.865496962822613 -1.3656322541128978 18
    endloop
  endfacet
  facet normal 0 0 -1
    outer loop
      vertex 3.991435692954414 0.26161251692057225 18
      vertex 6.985012462670224 -0.4578219046110014 18
      vertex 6.940114029616673 -0.913683345540361 18
    endloop
  endfacet
  facet normal 0 0 1
    outer loop
      vertex 0 4 6
      vertex 0.26161251692057225 3.991435692954414 6
      vertex 5.740739813938937 4 6
    endloop
  endfacet
  facet normal 0 0 1
    outer loop
      vertex 0.26161251692057225 3.991435692954414 6
      vertex 0.5221047688802063 3.9657794454952415 6
      vertex 5.820287286117817 3.8889916311372152 6
    endloop
  endfacet
  facet normal 0 0 1
    outer loop
      vertex 0.5221047688802063 3.9657794454952415 6
      vertex 0.780361288064513 3.9231411216129217 6
      vertex 5.820287286117817 3.8889916311372152 6
    endloop
  endfacet
  facet normal 0 0 1
    outer loop
      vertex 0.780361288064513 3.9231411216129217 6
      vertex 1.035276180410083 3.8637033051562732 6
      vertex 5.820287286117817 3.8889916311372152 6
    endloop
  endfacet
  facet normal 0 0 1
    outer loop
      vertex 1.035276180410083 3.8637033051562732 6
      vertex 1.2857578612126463 3.7877205179804228 6
      vertex 5.820287286117817 3.8889916311372152 6
    endloop
  endfacet
  facet normal 0 0 1
    outer loop
      vertex 1.2857578612126463 3.7877205179804228 6
      vertex 1.5307337294603591 3.695518130045147 6
      vertex 6.06217782649107 3.5 6
    endloop
  endfacet
  facet normal 0 0 1
    outer loop
      vertex 1.7691547608760052 3.587490966130753 6
      vertex 6.06217782649107 3.5 6
      vertex 1.5307337294603591 3.695518130045147 6
    endloop
  endfacet
  facet normal 0 0 -1
    outer loop
      vertex 0 4 18
      vertex 5.740739813938937 4 18
      vertex 0.26161251692057225 3.991435692954414 18
    endloop
  endfacet
  facet normal 0 0 -1
    outer loop
      vertex 0.26161251692057225 3.991435692954414 18
      vertex 5.740739813938937 4 18
      vertex 0.5221047688802063 3.9657794454952415 18
    endloop
  endfacet
  facet normal 0 0 -1
    outer loop
      vertex 0.5221047688802063 3.9657794454952415 18
      vertex 5.740739813938937 4 18
      vertex 0.780361288064513 3.9231411216129217 18
    endloop
  endfacet
  facet normal 0 0 -1
    outer loop
      vertex 0.780361288064513 3.9231411216129217 18
      vertex 5.740739813938937 4 18
      vertex 1.035276180410083 3.8637033051562732 18
    endloop
  endfacet
  facet normal 0 0 -1
    outer loop
      vertex 1.035276180410083 3.8637033051562732 18
      vertex 5.740739813938937 4 18
      vertex 1.2857578612126463 3.7877205179804228 18
    endloop
  endfacet
  facet normal 0 0 -1
    outer loop
      vertex 1.7691547608760052 3.587490966130753 18
      vertex 1.5307337294603591 3.695518130045147 18
      vertex 5.820287286117817 3.8889916311372152 18
    endloop
  endfacet
  facet normal 0 0 -1
    outer loop
      vertex 1.2857578612126463 3.7877205179804228 18
      vertex 5.820287286117817 3.8889916311372152 18
      vertex 1.5307337294603591 3.695518130045147 18
    endloop
  endfacet
  facet normal 0 0 -1
    outer loop
      vertex 2 3.4641016151377544 18
      vertex 1.7691547608760052 3.587490966130753 18
      vertex 5.820287286117817 3.8889916311372152 18
    endloop
  endfacet
  facet normal 0 -1 0
    outer loop
      vertex 0 4 6
      vertex 5.740739813938937 4 6
      vertex 0 4 18
    endloop
  endfacet
  facet normal 0 0 1
    outer loop
      vertex 3.8637033051562732 1.035276180410083 6
      vertex 6.761480784023478 1.8117333157176452 6
      vertex 3.7877205179804228 1.2857578612126463 6
    endloop
  endfacet
  facet normal 0 0 1
    outer loop
      vertex 3.695518130045147 1.5307337294603591 6
      vertex 6.62851090646574 2.250076257122131 6
      vertex 3.587490966130753 1.7691547608760052 6
    endloop
  endfacet
  facet normal 0 0 1
    outer loop
      vertex 3.7877205179804228 1.2857578612126463 6
      vertex 6.761480784023478 1.8117333157176452 6
      vertex 3.695518130045147 1.5307337294603591 6
    endloop
  endfacet
  facet normal 0 0 1
    outer loop
      vertex 2.8284271247461903 2.8284271247461903 6
      vertex 6.278109190728818 3.096020831533009 6
      vertex 2.6373832604002754 3.00735922991591 6
    endloop
  endfacet
  facet normal 0 0 1
    outer loop
      vertex 2.8284271247461903 2.8284271247461903 6
      vertex 3.00735922991591 2.6373832604002754 6
      vertex 6.278109190728818 3.096020831533009 6
    endloop
  endfacet
  facet normal 0 0 1
    outer loop
      vertex 2 3.4641016151377544 6
      vertex 2.2222809320784087 3.325878449210181 6
      vertex 6.06217782649107 3.5 6
    endloop
  endfacet
  facet normal 0 0 1
    outer loop
      vertex 2.4350457160348826 3.1734133611649407 6
      vertex 6.06217782649107 3.5 6
      vertex 2.2222809320784087 3.325878449210181 6
    endloop
  endfacet
  facet normal 0 0 1
    outer loop
      vertex 2 3.4641016151377544 6
      vertex 6.06217782649107 3.5 6
      vertex 1.7691547608760052 3.587490966130753 6
    endloop
  endfacet
  facet normal 0 0 1
    outer loop
      vertex 2.4350457160348826 3.1734133611649407 6
      vertex 2.6373832604002754 3.00735922991591 6
      vertex 6.278109190728818 3.096020831533009 6
    endloop
  endfacet
  facet normal 0 0 1
    outer loop
      vertex 0.26161251692057225 3.991435692954414 6
      vertex 5.820287286117817 3.8889916311372152 6
      vertex 5.740739813938937 4 6
    endloop
  endfacet
  facet normal 0 0 1
    outer loop
      vertex 3.325878449210181 2.2222809320784087 6
      vertex 6.467156727579007 2.6787840265556286 6
      vertex 3.1734133611649407 2.4350457160348826 6
    endloop
  endfacet
  facet normal 0 0 1
    outer loop
      vertex 3.4641016151377544 2 6
      vertex 6.467156727579007 2.6787840265556286 6
      vertex 3.325878449210181 2.2222809320784087 6
    endloop
  endfacet
  facet normal 0 0 1
    outer loop
      vertex 3.1734133611649407 2.4350457160348826 6
      vertex 6.467156727579007 2.6787840265556286 6
      vertex 3.00735922991591 2.6373832604002754 6
    endloop
  endfacet
  facet normal 0 0 1
    outer loop
      vertex 3.587490966130753 1.7691547608760052 6
      vertex 6.62851090646574 2.250076257122131 6
      vertex 3.4641016151377544 2 6
    endloop
  endfacet
  facet normal 0 0 1
    outer loop
      vertex 1.2857578612126463 3.7877205179804228 6
      vertex 6.06217782649107 3.5 6
      vertex 5.820287286117817 3.8889916311372152 6
    endloop
  endfacet
  facet normal 0 0 1
    outer loop
      vertex 3.991435692954414 -0.26161251692057225 6
      vertex 6.940114029616673 0.913683345540361 6
      vertex 4 0 6
    endloop
  endfacet
  facet normal 0 0 1
    outer loop
      vertex 4 0 6
      vertex 6.940114029616673 0.913683345540361 6
      vertex 3.991435692954414 0.26161251692057225 6
    endloop
  endfacet
  facet normal 0 0 1
    outer loop
      vertex 3.991435692954414 0.26161251692057225 6
      vertex 6.940114029616673 0.913683345540361 6
      vertex 3.9657794454952415 0.5221047688802063 6
    endloop
  endfacet
  facet normal 0 0 1
    outer loop
      vertex 3.9657794454952415 0.5221047688802063 6
      vertex 6.865496962822613 1.3656322541128978 6
      vertex 3.9231411216129217 0.780361288064513 6
    endloop
  endfacet
  facet normal 0 0 1
    outer loop
      vertex 3.9231411216129217 0.780361288064513 6
      vertex 6.865496962822613 1.3656322541128978 6
      vertex 3.8637033051562732 1.035276180410083 6
    endloop
  endfacet
  facet normal 0 0 1
    outer loop
      vertex 3.991435692954414 -0.26161251692057225 6
      vertex 6.985012462670224 0.4578219046110014 6
      vertex 6.940114029616673 0.913683345540361 6
    endloop
  endfacet
  facet normal 0 0 1
    outer loop
      vertex 3.9657794454952415 0.5221047688802063 6
      vertex 6.940114029616673 0.913683345540361 6
      vertex 6.865496962822613 1.3656322541128978 6
    endloop
  endfacet
  facet normal 0 0 1
    outer loop
      vertex 3.8637033051562732 1.035276180410083 6
      vertex 6.865496962822613 1.3656322541128978 6
      vertex 6.761480784023478 1.8117333157176452 6
    endloop
  endfacet
  facet normal 0 0 1
    outer loop
      vertex 3.695518130045147 1.5307337294603591 6
      vertex 6.761480784023478 1.8117333157176452 6
      vertex 6.62851090646574 2.250076257122131 6
    endloop
  endfacet
  facet normal 0 0 1
    outer loop
      vertex 3.00735922991591 2.6373832604002754 6
      vertex 6.467156727579007 2.6787840265556286 6
      vertex 6.278109190728818 3.096020831533009 6
    endloop
  endfacet
  facet normal 0 0 1
    outer loop
      vertex 3.4641016151377544 2 6
      vertex 6.62851090646574 2.250076257122131 6
      vertex 6.467156727579007 2.6787840265556286 6
    endloop
  endfacet
  facet normal 0 0 1
    outer loop
      vertex 2.4350457160348826 3.1734133611649407 6
      vertex 6.278109190728818 3.096020831533009 6
      vertex 6.06217782649107 3.5 6
    endloop
  endfacet
  facet normal 0 0 -1
    outer loop
      vertex 3.7877205179804228 1.2857578612126463 18
      vertex 3.695518130045147 1.5307337294603591 18
      vertex 7 0 18
    endloop
  endfacet
  facet normal 0 0 -1
    outer loop
      vertex 3.695518130045147 1.5307337294603591 18
      vertex 3.587490966130753 1.7691547608760052 18
      vertex 7 0 18
    endloop
  endfacet
  facet normal 0 0 -1
    outer loop
      vertex 3.587490966130753 1.7691547608760052 18
      vertex 3.4641016151377544 2 18
      vertex 7 0 18
    endloop
  endfacet
  facet normal 0 0 -1
    outer loop
      vertex 3.4641016151377544 2 18
      vertex 3.325878449210181 2.2222809320784087 18
      vertex 6.985012462670224 0.4578219046110014 18
    endloop
  endfacet
  facet normal 0 0 -1
    outer loop
      vertex 2.8284271247461903 2.8284271247461903 18
      vertex 6.06217782649107 3.5 18
      vertex 3.00735922991591 2.6373832604002754 18
    endloop
  endfacet
  facet normal 0 0 -1
    outer loop
      vertex 2.4350457160348826 3.1734133611649407 18
      vertex 2.2222809320784087 3.325878449210181 18
      vertex 5.820287286117817 3.8889916311372152 18
    endloop
  endfacet
  facet normal 0 0 -1
    outer loop
      vertex 2 3.4641016151377544 18
      vertex 5.820287286117817 3.8889916311372152 18
      vertex 2.2222809320784087 3.325878449210181 18
    endloop
  endfacet
  facet normal 0 0 -1
    outer loop
      vertex 2.4350457160348826 3.1734133611649407 18
      vertex 6.06217782649107 3.5 18
      vertex 2.6373832604002754 3.00735922991591 18
    endloop
  endfacet
  facet normal 0 0 -1
    outer loop
      vertex 2.8284271247461903 2.8284271247461903 18
      vertex 2.6373832604002754 3.00735922991591 18
      vertex 6.06217782649107 3.5 18
    endloop
  endfacet
  facet normal 0 0 -1
    outer loop
      vertex 3.1734133611649407 2.4350457160348826 18
      vertex 3.00735922991591 2.6373832604002754 18
      vertex 6.278109190728818 3.096020831533009 18
    endloop
  endfacet
  facet normal 0 0 -1
    outer loop
      vertex 3.325878449210181 2.2222809320784087 18
      vertex 3.1734133611649407 2.4350457160348826 18
      vertex 6.278109190728818 3.096020831533009 18
    endloop
  endfacet
  facet normal 0 0 -1
    outer loop
      vertex 1.2857578612126463 3.7877205179804228 18
      vertex 5.740739813938937 4 18
      vertex 5.820287286117817 3.8889916311372152 18
    endloop
  endfacet
  facet normal 0 0 -1
    outer loop
      vertex 2.4350457160348826 3.1734133611649407 18
      vertex 5.820287286117817 3.8889916311372152 18
      vertex 6.06217782649107 3.5 18
    endloop
  endfacet
  facet normal 0 0 -1
    outer loop
      vertex 3.991435692954414 0.26161251692057225 18
      vertex 3.9657794454952415 0.5221047688802063 18
      vertex 6.985012462670224 -0.4578219046110014 18
    endloop
  endfacet
  facet normal 0 0 -1
    outer loop
      vertex 3.9657794454952415 0.5221047688802063 18
      vertex 3.9231411216129217 0.780361288064513 18
      vertex 6.985012462670224 -0.4578219046110014 18
    endloop
  endfacet
  facet normal 0 0 -1
    outer loop
      vertex 3.9231411216129217 0.780361288064513 18
      vertex 3.8637033051562732 1.035276180410083 18
      vertex 6.985012462670224 -0.4578219046110014 18
    endloop
  endfacet
  facet normal 0 0 -1
    outer loop
      vertex 3.8637033051562732 1.035276180410083 18
      vertex 3.7877205179804228 1.2857578612126463 18
      vertex 7 0 18
    endloop
  endfacet
  facet normal 0 0 -1
    outer loop
      vertex 3.325878449210181 2.2222809320784087 18
      vertex 6.761480784023478 1.8117333157176452 18
      vertex 6.865496962822613 1.3656322541128978 18
    endloop
  endfacet
  facet normal 0 0 -1
    outer loop
      vertex 3.8637033051562732 1.035276180410083 18
      vertex 7 0 18
      vertex 6.985012462670224 -0.4578219046110014 18
    endloop
  endfacet
  facet normal 0 0 -1
    outer loop
      vertex 3.4641016151377544 2 18
      vertex 6.985012462670224 0.4578219046110014 18
      vertex 7 0 18
    endloop
  endfacet
  facet normal 0 0 -1
    outer loop
      vertex 3.325878449210181 2.2222809320784087 18
      vertex 6.940114029616673 0.913683345540361 18
      vertex 6.985012462670224 0.4578219046110014 18
    endloop
  endfacet
  facet normal 0 0 -1
    outer loop
      vertex 3.325878449210181 2.2222809320784087 18
      vertex 6.865496962822613 1.3656322541128978 18
      vertex 6.940114029616673 0.913683345540361 18
    endloop
  endfacet
  facet normal 0 0 -1
    outer loop
      vertex 3.325878449210181 2.2222809320784087 18
      vertex 6.467156727579007 2.6787840265556286 18
      vertex 6.62851090646574 2.250076257122131 18
    endloop
  endfacet
  facet normal 0 0 -1
    outer loop
      vertex 3.325878449210181 2.2222809320784087 18
      vertex 6.62851090646574 2.250076257122131 18
      vertex 6.761480784023478 1.8117333157176452 18
    endloop
  endfacet
  facet normal 0 0 -1
    outer loop
      vertex 3.325878449210181 2.2222809320784087 18
      vertex 6.278109190728818 3.096020831533009 18
      vertex 6.467156727579007 2.6787840265556286 18
    endloop
  endfacet
  facet normal 0 0 -1
    outer loop
      vertex 3.00735922991591 2.6373832604002754 18
      vertex 6.06217782649107 3.5 18
      vertex 6.278109190728818 3.096020831533009 18
    endloop
  endfacet
  facet normal 0 -1 0
    outer loop
      vertex 0 4 18
      vertex 5.740739813938937 4 6
      vertex 5.740739813938937 4 18
    endloop
  endfacet
  facet normal 0.6343932841636455 0.773010453362737 0
    outer loop
      vertex -0.7913898577113369 -1.0313593423786058 2
      vertex -0.8571495596300895 -0.9773917497226707 2
      vertex -0.7913898577113369 -1.0313593423786058 4
    endloop
  endfacet
  facet normal 0.9569403357322088 0.2902846772544625 -5.3414740552630863e-20
    outer loop
      vertex -1.255703574175789 -0.33646475863327696 2
      vertex -1.2310091683436375 -0.41787130489411006 4
      vertex -1.2310091683436375 -0.41787130489411006 2
    endloop
  endfacet
  facet normal 0.9738769792773341 0.2270762630343717 0
    outer loop
      vertex -1.255703574175789 -0.33646475863327696 2
      vertex -1.2750208645241996 -0.2536174186209667 2
      vertex -1.255703574175789 -0.33646475863327696 4
    endloop
  endfacet
  facet normal 0.9359059267573253 0.3522500479212344 0
    outer loop
      vertex -1.2310091683436375 -0.41787130489411006 2
      vertex -1.2310091683436375 -0.41787130489411006 4
      vertex -1.2010433922646728 -0.4974884620746167 4
    endloop
  endfacet
  facet normal 0.9569403357322088 0.2902846772544625 0
    outer loop
      vertex -1.255703574175789 -0.33646475863327696 2
      vertex -1.255703574175789 -0.33646475863327696 4
      vertex -1.2310091683436375 -0.41787130489411006 4
    endloop
  endfacet
  facet normal 0.9738769792773341 0.2270762630343717 0
    outer loop
      vertex -1.2750208645241996 -0.2536174186209667 2
      vertex -1.2750208645241996 -0.2536174186209667 4
      vertex -1.255703574175789 -0.33646475863327696 4
    endloop
  endfacet
  facet normal 0.9866433320848793 0.16289547339458776 0
    outer loop
      vertex -1.2750208645241996 -0.2536174186209667 2
      vertex -1.2888783197859535 -0.16968404988606706 2
      vertex -1.2750208645241996 -0.2536174186209667 4
    endloop
  endfacet
  facet normal 0.9951847266721968 0.0980171403295618 0
    outer loop
      vertex -1.2888783197859535 -0.16968404988606706 2
      vertex -1.2972166002101846 -0.08502406799918598 2
      vertex -1.2888783197859535 -0.16968404988606706 4
    endloop
  endfacet
  facet normal 0.9994645874763657 0.03271908282177631 0
    outer loop
      vertex -1.2972166002101846 -0.08502406799918598 2
      vertex -1.3 0 2
      vertex -1.2972166002101846 -0.08502406799918598 4
    endloop
  endfacet
  facet normal 0.9866433320848793 0.16289547339458776 0
    outer loop
      vertex -1.2888783197859535 -0.16968404988606706 2
      vertex -1.2888783197859535 -0.16968404988606706 4
      vertex -1.2750208645241996 -0.2536174186209667 4
    endloop
  endfacet
  facet normal 0.9951847266721968 0.0980171403295618 0
    outer loop
      vertex -1.2972166002101846 -0.08502406799918598 2
      vertex -1.2972166002101846 -0.08502406799918598 4
      vertex -1.2888783197859535 -0.16968404988606706 4
    endloop
  endfacet
  facet normal 0.9994645874763657 0.03271908282177631 2.813317694879381e-20
    outer loop
      vertex -1.2972166002101846 -0.08502406799918598 4
      vertex -1.3 0 2
      vertex -1.3 0 4
    endloop
  endfacet
  facet normal 0.8128466845916157 0.5824776968678016 0
    outer loop
      vertex -1.0313593423786058 -0.7913898577113369 2
      vertex -1.080910495993309 -0.7222413029254828 2
      vertex -1.0313593423786058 -0.7913898577113369 4
    endloop
  endfacet
  facet normal 0.9108638249211755 0.41270702980439544 0
    outer loop
      vertex -1.1659345639924947 -0.5749752972847018 2
      vertex -1.2010433922646728 -0.4974884620746167 2
      vertex -1.1659345639924947 -0.5749752972847018 4
    endloop
  endfacet
  facet normal 0.8819212643483545 0.4713967368259986 0
    outer loop
      vertex -1.12583302491977 -0.65 2
      vertex -1.1659345639924947 -0.5749752972847018 2
      vertex -1.12583302491977 -0.65 4
    endloop
  endfacet
  facet normal 0.8492021815265798 0.5280678506503665 0
    outer loop
      vertex -1.080910495993309 -0.7222413029254828 2
      vertex -1.12583302491977 -0.65 2
      vertex -1.080910495993309 -0.7222413029254828 4
    endloop
  endfacet
  facet normal 0.9108638249211755 0.41270702980439544 0
    outer loop
      vertex -1.2010433922646728 -0.4974884620746167 2
      vertex -1.2010433922646728 -0.4974884620746167 4
      vertex -1.1659345639924947 -0.5749752972847018 4
    endloop
  endfacet
  facet normal 0.8819212643483545 0.4713967368259986 0
    outer loop
      vertex -1.1659345639924947 -0.5749752972847018 2
      vertex -1.1659345639924947 -0.5749752972847018 4
      vertex -1.12583302491977 -0.65 4
    endloop
  endfacet
  facet normal 0.8492021815265798 0.5280678506503665 0
    outer loop
      vertex -1.12583302491977 -0.65 2
      vertex -1.12583302491977 -0.65 4
      vertex -1.080910495993309 -0.7222413029254828 4
    endloop
  endfacet
  facet normal 0.8128466845916157 0.5824776968678016 0
    outer loop
      vertex -1.080910495993309 -0.7222413029254828 2
      vertex -1.080910495993309 -0.7222413029254828 4
      vertex -1.0313593423786058 -0.7913898577113369 4
    endloop
  endfacet
  facet normal 0.7298640726978358 0.6835923020228712 0
    outer loop
      vertex -0.9192388155425119 -0.9192388155425119 2
      vertex -0.9773917497226707 -0.8571495596300895 2
      vertex -0.9192388155425119 -0.9192388155425119 4
    endloop
  endfacet
  facet normal 0.773010453362737 0.6343932841636455 0
    outer loop
      vertex -0.9773917497226707 -0.8571495596300895 2
      vertex -1.0313593423786058 -0.7913898577113369 2
      vertex -0.9773917497226707 -0.8571495596300895 4
    endloop
  endfacet
  facet normal 0.6835923020228712 0.7298640726978358 -9.09780680107817e-19
    outer loop
      vertex -0.9192388155425119 -0.9192388155425119 2
      vertex -0.8571495596300895 -0.9773917497226707 4
      vertex -0.8571495596300895 -0.9773917497226707 2
    endloop
  endfacet
  facet normal 0.7298640726978358 0.6835923020228712 0
    outer loop
      vertex -0.9773917497226707 -0.8571495596300895 2
      vertex -0.9773917497226707 -0.8571495596300895 4
      vertex -0.9192388155425119 -0.9192388155425119 4
    endloop
  endfacet
  facet normal 0.773010453362737 0.6343932841636455 0
    outer loop
      vertex -1.0313593423786058 -0.7913898577113369 2
      vertex -1.0313593423786058 -0.7913898577113369 4
      vertex -0.9773917497226707 -0.8571495596300895 4
    endloop
  endfacet
  facet normal 0.6835923020228712 0.7298640726978358 0
    outer loop
      vertex -0.9192388155425119 -0.9192388155425119 2
      vertex -0.9192388155425119 -0.9192388155425119 4
      vertex -0.8571495596300895 -0.9773917497226707 4
    endloop
  endfacet
  facet normal 0.6343932841636455 0.773010453362737 1.5562715455931695e-20
    outer loop
      vertex -0.7913898577113369 -1.0313593423786058 4
      vertex -0.8571495596300895 -0.9773917497226707 2
      vertex -0.8571495596300895 -0.9773917497226707 4
    endloop
  endfacet
  facet normal 0.9359059267573253 0.3522500479212344 0
    outer loop
      vertex -1.2010433922646728 -0.4974884620746167 2
      vertex -1.2310091683436375 -0.41787130489411006 2
      vertex -1.2010433922646728 -0.4974884620746167 4
    endloop
  endfacet
  facet normal 0.5824776968678016 0.8128466845916157 -1.0033694579045356e-18
    outer loop
      vertex -0.7913898577113369 -1.0313593423786058 2
      vertex -0.7222413029254828 -1.080910495993309 4
      vertex -0.7222413029254828 -1.080910495993309 2
    endloop
  endfacet
  facet normal 0.5280678506503665 0.8492021815265798 0
    outer loop
      vertex -0.65 -1.12583302491977 2
      vertex -0.7222413029254828 -1.080910495993309 2
      vertex -0.65 -1.12583302491977 4
    endloop
  endfacet
  facet normal 0.5824776968678016 0.8128466845916157 0
    outer loop
      vertex -0.7913898577113369 -1.0313593423786058 2
      vertex -0.7913898577113369 -1.0313593423786058 4
      vertex -0.7222413029254828 -1.080910495993309 4
    endloop
  endfacet
  facet normal 0.4713967368259986 0.8819212643483545 0
    outer loop
      vertex -0.65 -1.12583302491977 2
      vertex -0.65 -1.12583302491977 4
      vertex -0.5749752972847018 -1.1659345639924947 4
    endloop
  endfacet
  facet normal 0.5280678506503665 0.8492021815265798 0
    outer loop
      vertex -0.7222413029254828 -1.080910495993309 2
      vertex -0.7222413029254828 -1.080910495993309 4
      vertex -0.65 -1.12583302491977 4
    endloop
  endfacet
  facet normal 0.4713967368259986 0.8819212643483545 -1.2010028800018746e-18
    outer loop
      vertex -0.65 -1.12583302491977 2
      vertex -0.5749752972847018 -1.1659345639924947 4
      vertex -0.5749752972847018 -1.1659345639924947 2
    endloop
  endfacet
  facet normal 0.41270702980439544 0.9108638249211755 1.0479767615971265e-18
    outer loop
      vertex -0.5749752972847018 -1.1659345639924947 2
      vertex -0.4974884620746167 -1.2010433922646728 4
      vertex -0.4974884620746167 -1.2010433922646728 2
    endloop
  endfacet
  facet normal 0.3522500479212344 0.9359059267573253 8.941864976494446e-19
    outer loop
      vertex -0.4974884620746167 -1.2010433922646728 2
      vertex -0.41787130489411006 -1.2310091683436375 4
      vertex -0.41787130489411006 -1.2310091683436375 2
    endloop
  endfacet
  facet normal 0.41270702980439544 0.9108638249211755 0
    outer loop
      vertex -0.5749752972847018 -1.1659345639924947 2
      vertex -0.5749752972847018 -1.1659345639924947 4
      vertex -0.4974884620746167 -1.2010433922646728 4
    endloop
  endfacet
  facet normal 0.3522500479212344 0.9359059267573253 0
    outer loop
      vertex -0.4974884620746167 -1.2010433922646728 2
      vertex -0.4974884620746167 -1.2010433922646728 4
      vertex -0.41787130489411006 -1.2310091683436375 4
    endloop
  endfacet
  facet normal 0.2270762630343717 0.9738769792773341 3.6260386928169876e-19
    outer loop
      vertex -0.33646475863327696 -1.255703574175789 2
      vertex -0.2536174186209667 -1.2750208645241996 4
      vertex -0.2536174186209667 -1.2750208645241996 2
    endloop
  endfacet
  facet normal 0.2270762630343717 0.9738769792773341 0
    outer loop
      vertex -0.33646475863327696 -1.255703574175789 2
      vertex -0.33646475863327696 -1.255703574175789 4
      vertex -0.2536174186209667 -1.2750208645241996 4
    endloop
  endfacet
  facet normal 0.16289547339458776 0.9866433320848793 0
    outer loop
      vertex -0.2536174186209667 -1.2750208645241996 2
      vertex -0.2536174186209667 -1.2750208645241996 4
      vertex -0.16968404988606706 -1.2888783197859535 4
    endloop
  endfacet
  facet normal 0.2902846772544625 0.9569403357322088 0
    outer loop
      vertex -0.33646475863327696 -1.255703574175789 2
      vertex -0.41787130489411006 -1.2310091683436375 2
      vertex -0.33646475863327696 -1.255703574175789 4
    endloop
  endfacet
  facet normal 0.2902846772544625 0.9569403357322088 0
    outer loop
      vertex -0.41787130489411006 -1.2310091683436375 2
      vertex -0.41787130489411006 -1.2310091683436375 4
      vertex -0.33646475863327696 -1.255703574175789 4
    endloop
  endfacet
  facet normal 0.16289547339458776 0.9866433320848793 7.941769053312736e-20
    outer loop
      vertex -0.2536174186209667 -1.2750208645241996 2
      vertex -0.16968404988606706 -1.2888783197859535 4
      vertex -0.16968404988606706 -1.2888783197859535 2
    endloop
  endfacet
  facet normal 0.0980171403295618 0.9951847266721968 9.660411443665369e-20
    outer loop
      vertex -0.16968404988606706 -1.2888783197859535 2
      vertex -0.08502406799918598 -1.2972166002101846 4
      vertex -0.08502406799918598 -1.2972166002101846 2
    endloop
  endfacet
  facet normal 0.03271908282177631 0.9994645874763657 2.813317694879381e-20
    outer loop
      vertex -0.08502406799918598 -1.2972166002101846 2
      vertex 0 -1.3 4
      vertex 0 -1.3 2
    endloop
  endfacet
  facet normal 0.0980171403295618 0.9951847266721968 0
    outer loop
      vertex -0.16968404988606706 -1.2888783197859535 2
      vertex -0.16968404988606706 -1.2888783197859535 4
      vertex -0.08502406799918598 -1.2972166002101846 4
    endloop
  endfacet
  facet normal 0.03271908282177631 0.9994645874763657 0
    outer loop
      vertex -0.08502406799918598 -1.2972166002101846 2
      vertex -0.08502406799918598 -1.2972166002101846 4
      vertex 0 -1.3 4
    endloop
  endfacet
  facet normal 0.9994645874763657 -0.03271908282177631 0
    outer loop
      vertex -1.3 0 2
      vertex -1.2972166002101846 0.08502406799918598 2
      vertex -1.3 0 4
    endloop
  endfacet
  facet normal 0.9951847266721968 -0.0980171403295618 0
    outer loop
      vertex -1.2972166002101846 0.08502406799918598 2
      vertex -1.2888783197859535 0.16968404988606706 2
      vertex -1.2972166002101846 0.08502406799918598 4
    endloop
  endfacet
  facet normal 0.9866433320848793 -0.16289547339458776 0
    outer loop
      vertex -1.2888783197859535 0.16968404988606706 2
      vertex -1.2750208645241996 0.2536174186209667 2
      vertex -1.2888783197859535 0.16968404988606706 4
    endloop
  endfacet
  facet normal 0.9994645874763657 -0.03271908282177631 0
    outer loop
      vertex -1.2972166002101846 0.08502406799918598 2
      vertex -1.2972166002101846 0.08502406799918598 4
      vertex -1.3 0 4
    endloop
  endfacet
  facet normal 0.9951847266721968 -0.0980171403295618 0
    outer loop
      vertex -1.2888783197859535 0.16968404988606706 2
      vertex -1.2888783197859535 0.16968404988606706 4
      vertex -1.2972166002101846 0.08502406799918598 4
    endloop
  endfacet
  facet normal 0.9866433320848793 -0.16289547339458776 0
    outer loop
      vertex -1.2750208645241996 0.2536174186209667 2
      vertex -1.2750208645241996 0.2536174186209667 4
      vertex -1.2888783197859535 0.16968404988606706 4
    endloop
  endfacet
  facet normal 0.9738769792773341 -0.2270762630343717 0
    outer loop
      vertex -1.2750208645241996 0.2536174186209667 2
      vertex -1.255703574175789 0.33646475863327696 2
      vertex -1.2750208645241996 0.2536174186209667 4
    endloop
  endfacet
  facet normal 0.9569403357322088 -0.2902846772544625 0
    outer loop
      vertex -1.255703574175789 0.33646475863327696 2
      vertex -1.2310091683436375 0.41787130489411006 2
      vertex -1.255703574175789 0.33646475863327696 4
    endloop
  endfacet
  facet normal 0.9359059267573253 -0.3522500479212344 0
    outer loop
      vertex -1.2310091683436375 0.41787130489411006 2
      vertex -1.2010433922646728 0.4974884620746167 2
      vertex -1.2310091683436375 0.41787130489411006 4
    endloop
  endfacet
  facet normal 0.9738769792773341 -0.2270762630343717 0
    outer loop
      vertex -1.255703574175789 0.33646475863327696 2
      vertex -1.255703574175789 0.33646475863327696 4
      vertex -1.2750208645241996 0.2536174186209667 4
    endloop
  endfacet
  facet normal 0.9569403357322088 -0.2902846772544625 5.3414740552630863e-20
    outer loop
      vertex -1.255703574175789 0.33646475863327696 4
      vertex -1.2310091683436375 0.41787130489411006 2
      vertex -1.2310091683436375 0.41787130489411006 4
    endloop
  endfacet
  facet normal 0.9359059267573253 -0.3522500479212344 0
    outer loop
      vertex -1.2010433922646728 0.4974884620746167 2
      vertex -1.2010433922646728 0.4974884620746167 4
      vertex -1.2310091683436375 0.41787130489411006 4
    endloop
  endfacet
  facet normal 0.9108638249211755 -0.41270702980439544 0
    outer loop
      vertex -1.2010433922646728 0.4974884620746167 2
      vertex -1.1659345639924947 0.5749752972847018 2
      vertex -1.2010433922646728 0.4974884620746167 4
    endloop
  endfacet
  facet normal 0.8819212643483545 -0.4713967368259986 0
    outer loop
      vertex -1.1659345639924947 0.5749752972847018 2
      vertex -1.12583302491977 0.65 2
      vertex -1.1659345639924947 0.5749752972847018 4
    endloop
  endfacet
  facet normal 0.8492021815265798 -0.5280678506503665 0
    outer loop
      vertex -1.12583302491977 0.65 2
      vertex -1.080910495993309 0.7222413029254828 2
      vertex -1.12583302491977 0.65 4
    endloop
  endfacet
  facet normal 0.8128466845916157 -0.5824776968678016 0
    outer loop
      vertex -1.080910495993309 0.7222413029254828 2
      vertex -1.0313593423786058 0.7913898577113369 2
      vertex -1.080910495993309 0.7222413029254828 4
    endloop
  endfacet
  facet normal 0.9108638249211755 -0.41270702980439544 0
    outer loop
      vertex -1.1659345639924947 0.5749752972847018 2
      vertex -1.1659345639924947 0.5749752972847018 4
      vertex -1.2010433922646728 0.4974884620746167 4
    endloop
  endfacet
  facet normal 0.8819212643483545 -0.4713967368259986 0
    outer loop
      vertex -1.12583302491977 0.65 2
      vertex -1.12583302491977 0.65 4
      vertex -1.1659345639924947 0.5749752972847018 4
    endloop
  endfacet
  facet normal 0.8492021815265798 -0.5280678506503665 0
    outer loop
      vertex -1.080910495993309 0.7222413029254828 2
      vertex -1.080910495993309 0.7222413029254828 4
      vertex -1.12583302491977 0.65 4
    endloop
  endfacet
  facet normal 0.8128466845916157 -0.5824776968678016 0
    outer loop
      vertex -1.0313593423786058 0.7913898577113369 2
      vertex -1.0313593423786058 0.7913898577113369 4
      vertex -1.080910495993309 0.7222413029254828 4
    endloop
  endfacet
  facet normal 0.773010453362737 -0.6343932841636455 0
    outer loop
      vertex -1.0313593423786058 0.7913898577113369 2
      vertex -0.9773917497226707 0.8571495596300895 2
      vertex -1.0313593423786058 0.7913898577113369 4
    endloop
  endfacet
  facet normal 0.7298640726978358 -0.6835923020228712 0
    outer loop
      vertex -0.9773917497226707 0.8571495596300895 2
      vertex -0.9192388155425119 0.9192388155425119 2
      vertex -0.9773917497226707 0.8571495596300895 4
    endloop
  endfacet
  facet normal 0.6835923020228712 -0.7298640726978358 0
    outer loop
      vertex -0.9192388155425119 0.9192388155425119 2
      vertex -0.8571495596300895 0.9773917497226707 2
      vertex -0.9192388155425119 0.9192388155425119 4
    endloop
  endfacet
  facet normal 0.6343932841636455 -0.773010453362737 0
    outer loop
      vertex -0.8571495596300895 0.9773917497226707 2
      vertex -0.7913898577113369 1.0313593423786058 2
      vertex -0.8571495596300895 0.9773917497226707 4
    endloop
  endfacet
  facet normal 0.773010453362737 -0.6343932841636455 0
    outer loop
      vertex -0.9773917497226707 0.8571495596300895 2
      vertex -0.9773917497226707 0.8571495596300895 4
      vertex -1.0313593423786058 0.7913898577113369 4
    endloop
  endfacet
  facet normal 0.7298640726978358 -0.6835923020228712 0
    outer loop
      vertex -0.9192388155425119 0.9192388155425119 2
      vertex -0.9192388155425119 0.9192388155425119 4
      vertex -0.9773917497226707 0.8571495596300895 4
    endloop
  endfacet
  facet normal 0.6835923020228712 -0.7298640726978358 0
    outer loop
      vertex -0.8571495596300895 0.9773917497226707 2
      vertex -0.8571495596300895 0.9773917497226707 4
      vertex -0.9192388155425119 0.9192388155425119 4
    endloop
  endfacet
  facet normal 0.6343932841636455 -0.773010453362737 -1.5562715455931695e-20
    outer loop
      vertex -0.8571495596300895 0.9773917497226707 4
      vertex -0.7913898577113369 1.0313593423786058 2
      vertex -0.7913898577113369 1.0313593423786058 4
    endloop
  endfacet
  facet normal 0.5824776968678016 -0.8128466845916157 0
    outer loop
      vertex -0.7913898577113369 1.0313593423786058 2
      vertex -0.7222413029254828 1.080910495993309 2
      vertex -0.7913898577113369 1.0313593423786058 4
    endloop
  endfacet
  facet normal 0.5280678506503665 -0.8492021815265798 0
    outer loop
      vertex -0.7222413029254828 1.080910495993309 2
      vertex -0.65 1.12583302491977 2
      vertex -0.7222413029254828 1.080910495993309 4
    endloop
  endfacet
  facet normal 0.4713967368259986 -0.8819212643483545 0
    outer loop
      vertex -0.65 1.12583302491977 2
      vertex -0.5749752972847018 1.1659345639924947 2
      vertex -0.65 1.12583302491977 4
    endloop
  endfacet
  facet normal 0.5824776968678016 -0.8128466845916157 0
    outer loop
      vertex -0.7222413029254828 1.080910495993309 2
      vertex -0.7222413029254828 1.080910495993309 4
      vertex -0.7913898577113369 1.0313593423786058 4
    endloop
  endfacet
  facet normal 0.5280678506503665 -0.8492021815265798 0
    outer loop
      vertex -0.65 1.12583302491977 2
      vertex -0.65 1.12583302491977 4
      vertex -0.7222413029254828 1.080910495993309 4
    endloop
  endfacet
  facet normal 0.41270702980439544 -0.9108638249211755 0
    outer loop
      vertex -0.5749752972847018 1.1659345639924947 2
      vertex -0.4974884620746167 1.2010433922646728 2
      vertex -0.5749752972847018 1.1659345639924947 4
    endloop
  endfacet
  facet normal 0.3522500479212344 -0.9359059267573253 0
    outer loop
      vertex -0.4974884620746167 1.2010433922646728 2
      vertex -0.41787130489411006 1.2310091683436375 2
      vertex -0.4974884620746167 1.2010433922646728 4
    endloop
  endfacet
  facet normal 0.4713967368259986 -0.8819212643483545 0
    outer loop
      vertex -0.5749752972847018 1.1659345639924947 2
      vertex -0.5749752972847018 1.1659345639924947 4
      vertex -0.65 1.12583302491977 4
    endloop
  endfacet
  facet normal 0.41270702980439544 -0.9108638249211755 0
    outer loop
      vertex -0.4974884620746167 1.2010433922646728 2
      vertex -0.4974884620746167 1.2010433922646728 4
      vertex -0.5749752972847018 1.1659345639924947 4
    endloop
  endfacet
  facet normal 0.3522500479212344 -0.9359059267573253 0
    outer loop
      vertex -0.41787130489411006 1.2310091683436375 2
      vertex -0.41787130489411006 1.2310091683436375 4
      vertex -0.4974884620746167 1.2010433922646728 4
    endloop
  endfacet
  facet normal 0.2902846772544625 -0.9569403357322088 0
    outer loop
      vertex -0.41787130489411006 1.2310091683436375 2
      vertex -0.33646475863327696 1.255703574175789 2
      vertex -0.41787130489411006 1.2310091683436375 4
    endloop
  endfacet
  facet normal 0.2902846772544625 -0.9569403357322088 0
    outer loop
      vertex -0.33646475863327696 1.255703574175789 2
      vertex -0.33646475863327696 1.255703574175789 4
      vertex -0.41787130489411006 1.2310091683436375 4
    endloop
  endfacet
  facet normal 0.2270762630343717 -0.9738769792773341 0
    outer loop
      vertex -0.33646475863327696 1.255703574175789 2
      vertex -0.2536174186209667 1.2750208645241996 2
      vertex -0.33646475863327696 1.255703574175789 4
    endloop
  endfacet
  facet normal 0.16289547339458776 -0.9866433320848793 0
    outer loop
      vertex -0.2536174186209667 1.2750208645241996 2
      vertex -0.16968404988606706 1.2888783197859535 2
      vertex -0.2536174186209667 1.2750208645241996 4
    endloop
  endfacet
  facet normal 0.2270762630343717 -0.9738769792773341 0
    outer loop
      vertex -0.2536174186209667 1.2750208645241996 2
      vertex -0.2536174186209667 1.2750208645241996 4
      vertex -0.33646475863327696 1.255703574175789 4
    endloop
  endfacet
  facet normal 0.0980171403295618 -0.9951847266721968 0
    outer loop
      vertex -0.16968404988606706 1.2888783197859535 2
      vertex -0.08502406799918598 1.2972166002101846 2
      vertex -0.16968404988606706 1.2888783197859535 4
    endloop
  endfacet
  facet normal 0.03271908282177631 -0.9994645874763657 0
    outer loop
      vertex -0.08502406799918598 1.2972166002101846 2
      vertex 0 1.3 2
      vertex -0.08502406799918598 1.2972166002101846 4
    endloop
  endfacet
  facet normal 0.16289547339458776 -0.9866433320848793 0
    outer loop
      vertex -0.16968404988606706 1.2888783197859535 2
      vertex -0.16968404988606706 1.2888783197859535 4
      vertex -0.2536174186209667 1.2750208645241996 4
    endloop
  endfacet
  facet normal 0.0980171403295618 -0.9951847266721968 0
    outer loop
      vertex -0.08502406799918598 1.2972166002101846 2
      vertex -0.08502406799918598 1.2972166002101846 4
      vertex -0.16968404988606706 1.2888783197859535 4
    endloop
  endfacet
  facet normal 0.03271908282177631 -0.9994645874763657 0
    outer loop
      vertex 0 1.3 2
      vertex 0 1.3 4
      vertex -0.08502406799918598 1.2972166002101846 4
    endloop
  endfacet
  facet normal -0.03271908282177631 0.9994645874763657 -2.813317694879381e-20
    outer loop
      vertex 0 -1.3 2
      vertex 0.08502406799918598 -1.2972166002101846 4
      vertex 0.08502406799918598 -1.2972166002101846 2
    endloop
  endfacet
  facet normal -0.0980171403295618 0.9951847266721968 -9.660411443665369e-20
    outer loop
      vertex 0.08502406799918598 -1.2972166002101846 2
      vertex 0.16968404988606706 -1.2888783197859535 4
      vertex 0.16968404988606706 -1.2888783197859535 2
    endloop
  endfacet
  facet normal -0.03271908282177631 0.9994645874763657 0
    outer loop
      vertex 0 -1.3 2
      vertex 0 -1.3 4
      vertex 0.08502406799918598 -1.2972166002101846 4
    endloop
  endfacet
  facet normal -0.0980171403295618 0.9951847266721968 0
    outer loop
      vertex 0.08502406799918598 -1.2972166002101846 2
      vertex 0.08502406799918598 -1.2972166002101846 4
      vertex 0.16968404988606706 -1.2888783197859535 4
    endloop
  endfacet
  facet normal -0.16289547339458776 0.9866433320848793 0
    outer loop
      vertex 0.16968404988606706 -1.2888783197859535 2
      vertex 0.16968404988606706 -1.2888783197859535 4
      vertex 0.2536174186209667 -1.2750208645241996 4
    endloop
  endfacet
  facet normal -0.16289547339458776 0.9866433320848793 -7.941769053312736e-20
    outer loop
      vertex 0.16968404988606706 -1.2888783197859535 2
      vertex 0.2536174186209667 -1.2750208645241996 4
      vertex 0.2536174186209667 -1.2750208645241996 2
    endloop
  endfacet
  facet normal -0.2270762630343717 0.9738769792773341 -3.6260386928169876e-19
    outer loop
      vertex 0.2536174186209667 -1.2750208645241996 2
      vertex 0.33646475863327696 -1.255703574175789 4
      vertex 0.33646475863327696 -1.255703574175789 2
    endloop
  endfacet
  facet normal -0.2270762630343717 0.9738769792773341 0
    outer loop
      vertex 0.2536174186209667 -1.2750208645241996 2
      vertex 0.2536174186209667 -1.2750208645241996 4
      vertex 0.33646475863327696 -1.255703574175789 4
    endloop
  endfacet
  facet normal -0.2902846772544625 0.9569403357322088 5.3414740552630863e-20
    outer loop
      vertex 0.33646475863327696 -1.255703574175789 2
      vertex 0.41787130489411006 -1.2310091683436375 4
      vertex 0.41787130489411006 -1.2310091683436375 2
    endloop
  endfacet
  facet normal -0.2902846772544625 0.9569403357322088 0
    outer loop
      vertex 0.33646475863327696 -1.255703574175789 2
      vertex 0.33646475863327696 -1.255703574175789 4
      vertex 0.41787130489411006 -1.2310091683436375 4
    endloop
  endfacet
  facet normal -0.3522500479212344 0.9359059267573253 -8.941864976494446e-19
    outer loop
      vertex 0.41787130489411006 -1.2310091683436375 2
      vertex 0.4974884620746167 -1.2010433922646728 4
      vertex 0.4974884620746167 -1.2010433922646728 2
    endloop
  endfacet
  facet normal -0.41270702980439544 0.9108638249211755 -1.0479767615971265e-18
    outer loop
      vertex 0.4974884620746167 -1.2010433922646728 2
      vertex 0.5749752972847018 -1.1659345639924947 4
      vertex 0.5749752972847018 -1.1659345639924947 2
    endloop
  endfacet
  facet normal -0.3522500479212344 0.9359059267573253 0
    outer loop
      vertex 0.41787130489411006 -1.2310091683436375 2
      vertex 0.41787130489411006 -1.2310091683436375 4
      vertex 0.4974884620746167 -1.2010433922646728 4
    endloop
  endfacet
  facet normal -0.41270702980439544 0.9108638249211755 0
    outer loop
      vertex 0.4974884620746167 -1.2010433922646728 2
      vertex 0.4974884620746167 -1.2010433922646728 4
      vertex 0.5749752972847018 -1.1659345639924947 4
    endloop
  endfacet
  facet normal -0.4713967368259986 0.8819212643483545 0
    outer loop
      vertex 0.5749752972847018 -1.1659345639924947 2
      vertex 0.5749752972847018 -1.1659345639924947 4
      vertex 0.65 -1.12583302491977 4
    endloop
  endfacet
  facet normal -0.4713967368259986 0.8819212643483545 1.2010028800018746e-18
    outer loop
      vertex 0.5749752972847018 -1.1659345639924947 2
      vertex 0.65 -1.12583302491977 4
      vertex 0.65 -1.12583302491977 2
    endloop
  endfacet
  facet normal -0.5280678506503665 0.8492021815265798 -8.81449810849061e-19
    outer loop
      vertex 0.65 -1.12583302491977 2
      vertex 0.7222413029254828 -1.080910495993309 4
      vertex 0.7222413029254828 -1.080910495993309 2
    endloop
  endfacet
  facet normal -0.5824776968678016 0.8128466845916157 1.0033694579045356e-18
    outer loop
      vertex 0.7222413029254828 -1.080910495993309 2
      vertex 0.7913898577113369 -1.0313593423786058 4
      vertex 0.7913898577113369 -1.0313593423786058 2
    endloop
  endfacet
  facet normal -0.5280678506503665 0.8492021815265798 0
    outer loop
      vertex 0.65 -1.12583302491977 2
      vertex 0.65 -1.12583302491977 4
      vertex 0.7222413029254828 -1.080910495993309 4
    endloop
  endfacet
  facet normal -0.5824776968678016 0.8128466845916157 0
    outer loop
      vertex 0.7222413029254828 -1.080910495993309 2
      vertex 0.7222413029254828 -1.080910495993309 4
      vertex 0.7913898577113369 -1.0313593423786058 4
    endloop
  endfacet
  facet normal -0.6343932841636455 0.773010453362737 0
    outer loop
      vertex 0.7913898577113369 -1.0313593423786058 2
      vertex 0.7913898577113369 -1.0313593423786058 4
      vertex 0.8571495596300895 -0.9773917497226707 4
    endloop
  endfacet
  facet normal -0.6343932841636455 0.773010453362737 -1.5562715455931695e-20
    outer loop
      vertex 0.7913898577113369 -1.0313593423786058 2
      vertex 0.8571495596300895 -0.9773917497226707 4
      vertex 0.8571495596300895 -0.9773917497226707 2
    endloop
  endfacet
  facet normal -0.6835923020228712 0.7298640726978358 9.09780680107817e-19
    outer loop
      vertex 0.8571495596300895 -0.9773917497226707 2
      vertex 0.9192388155425119 -0.9192388155425119 4
      vertex 0.9192388155425119 -0.9192388155425119 2
    endloop
  endfacet
  facet normal -0.7298640726978358 0.6835923020228712 9.09780680107817e-19
    outer loop
      vertex 0.9192388155425119 -0.9192388155425119 2
      vertex 0.9773917497226707 -0.8571495596300895 4
      vertex 0.9773917497226707 -0.8571495596300895 2
    endloop
  endfacet
  facet normal -0.773010453362737 0.6343932841636455 -1.5562715455931695e-20
    outer loop
      vertex 0.9773917497226707 -0.8571495596300895 2
      vertex 1.0313593423786058 -0.7913898577113369 4
      vertex 1.0313593423786058 -0.7913898577113369 2
    endloop
  endfacet
  facet normal -0.6835923020228712 0.7298640726978358 0
    outer loop
      vertex 0.8571495596300895 -0.9773917497226707 2
      vertex 0.8571495596300895 -0.9773917497226707 4
      vertex 0.9192388155425119 -0.9192388155425119 4
    endloop
  endfacet
  facet normal -0.7298640726978358 0.6835923020228712 0
    outer loop
      vertex 0.9192388155425119 -0.9192388155425119 2
      vertex 0.9192388155425119 -0.9192388155425119 4
      vertex 0.9773917497226707 -0.8571495596300895 4
    endloop
  endfacet
  facet normal -0.773010453362737 0.6343932841636455 0
    outer loop
      vertex 0.9773917497226707 -0.8571495596300895 2
      vertex 0.9773917497226707 -0.8571495596300895 4
      vertex 1.0313593423786058 -0.7913898577113369 4
    endloop
  endfacet
  facet normal -0.8128466845916157 0.5824776968678016 0
    outer loop
      vertex 1.0313593423786058 -0.7913898577113369 2
      vertex 1.0313593423786058 -0.7913898577113369 4
      vertex 1.080910495993309 -0.7222413029254828 4
    endloop
  endfacet
  facet normal -0.8128466845916157 0.5824776968678016 1.0033694579045356e-18
    outer loop
      vertex 1.0313593423786058 -0.7913898577113369 2
      vertex 1.080910495993309 -0.7222413029254828 4
      vertex 1.080910495993309 -0.7222413029254828 2
    endloop
  endfacet
  facet normal -0.8492021815265798 0.5280678506503665 -8.81449810849061e-19
    outer loop
      vertex 1.080910495993309 -0.7222413029254828 2
      vertex 1.12583302491977 -0.65 4
      vertex 1.12583302491977 -0.65 2
    endloop
  endfacet
  facet normal -0.8819212643483545 0.4713967368259986 1.2010028800018746e-18
    outer loop
      vertex 1.12583302491977 -0.65 2
      vertex 1.1659345639924947 -0.5749752972847018 4
      vertex 1.1659345639924947 -0.5749752972847018 2
    endloop
  endfacet
  facet normal -0.9108638249211755 0.41270702980439544 -1.0479767615971265e-18
    outer loop
      vertex 1.1659345639924947 -0.5749752972847018 2
      vertex 1.2010433922646728 -0.4974884620746167 4
      vertex 1.2010433922646728 -0.4974884620746167 2
    endloop
  endfacet
  facet normal -0.8492021815265798 0.5280678506503665 0
    outer loop
      vertex 1.080910495993309 -0.7222413029254828 2
      vertex 1.080910495993309 -0.7222413029254828 4
      vertex 1.12583302491977 -0.65 4
    endloop
  endfacet
  facet normal -0.8819212643483545 0.4713967368259986 0
    outer loop
      vertex 1.12583302491977 -0.65 2
      vertex 1.12583302491977 -0.65 4
      vertex 1.1659345639924947 -0.5749752972847018 4
    endloop
  endfacet
  facet normal -0.9108638249211755 0.41270702980439544 0
    outer loop
      vertex 1.1659345639924947 -0.5749752972847018 2
      vertex 1.1659345639924947 -0.5749752972847018 4
      vertex 1.2010433922646728 -0.4974884620746167 4
    endloop
  endfacet
  facet normal -0.9359059267573253 0.3522500479212344 0
    outer loop
      vertex 1.2010433922646728 -0.4974884620746167 2
      vertex 1.2010433922646728 -0.4974884620746167 4
      vertex 1.2310091683436375 -0.41787130489411006 4
    endloop
  endfacet
  facet normal -0.9359059267573253 0.3522500479212344 -8.941864976494446e-19
    outer loop
      vertex 1.2010433922646728 -0.4974884620746167 2
      vertex 1.2310091683436375 -0.41787130489411006 4
      vertex 1.2310091683436375 -0.41787130489411006 2
    endloop
  endfacet
  facet normal -0.9569403357322088 0.2902846772544625 5.3414740552630863e-20
    outer loop
      vertex 1.2310091683436375 -0.41787130489411006 2
      vertex 1.255703574175789 -0.33646475863327696 4
      vertex 1.255703574175789 -0.33646475863327696 2
    endloop
  endfacet
  facet normal -0.9738769792773341 0.2270762630343717 -3.6260386928169876e-19
    outer loop
      vertex 1.255703574175789 -0.33646475863327696 2
      vertex 1.2750208645241996 -0.2536174186209667 4
      vertex 1.2750208645241996 -0.2536174186209667 2
    endloop
  endfacet
  facet normal -0.9569403357322088 0.2902846772544625 0
    outer loop
      vertex 1.2310091683436375 -0.41787130489411006 2
      vertex 1.2310091683436375 -0.41787130489411006 4
      vertex 1.255703574175789 -0.33646475863327696 4
    endloop
  endfacet
  facet normal -0.9738769792773341 0.2270762630343717 0
    outer loop
      vertex 1.255703574175789 -0.33646475863327696 2
      vertex 1.255703574175789 -0.33646475863327696 4
      vertex 1.2750208645241996 -0.2536174186209667 4
    endloop
  endfacet
  facet normal -0.9866433320848793 0.16289547339458776 -7.941769053312736e-20
    outer loop
      vertex 1.2750208645241996 -0.2536174186209667 2
      vertex 1.2888783197859535 -0.16968404988606706 4
      vertex 1.2888783197859535 -0.16968404988606706 2
    endloop
  endfacet
  facet normal -0.9951847266721968 0.0980171403295618 -9.660411443665369e-20
    outer loop
      vertex 1.2888783197859535 -0.16968404988606706 2
      vertex 1.2972166002101846 -0.08502406799918598 4
      vertex 1.2972166002101846 -0.08502406799918598 2
    endloop
  endfacet
  facet normal -0.9994645874763657 0.03271908282177631 -2.813317694879381e-20
    outer loop
      vertex 1.2972166002101846 -0.08502406799918598 2
      vertex 1.3 0 4
      vertex 1.3 0 2
    endloop
  endfacet
  facet normal -0.9866433320848793 0.16289547339458776 0
    outer loop
      vertex 1.2750208645241996 -0.2536174186209667 2
      vertex 1.2750208645241996 -0.2536174186209667 4
      vertex 1.2888783197859535 -0.16968404988606706 4
    endloop
  endfacet
  facet normal -0.9951847266721968 0.0980171403295618 0
    outer loop
      vertex 1.2888783197859535 -0.16968404988606706 2
      vertex 1.2888783197859535 -0.16968404988606706 4
      vertex 1.2972166002101846 -0.08502406799918598 4
    endloop
  endfacet
  facet normal -0.9994645874763657 0.03271908282177631 0
    outer loop
      vertex 1.2972166002101846 -0.08502406799918598 2
      vertex 1.2972166002101846 -0.08502406799918598 4
      vertex 1.3 0 4
    endloop
  endfacet
  facet normal -0.03271908282177631 -0.9994645874763657 0
    outer loop
      vertex 0 1.3 2
      vertex 0.08502406799918598 1.2972166002101846 2
      vertex 0 1.3 4
    endloop
  endfacet
  facet normal -0.0980171403295618 -0.9951847266721968 0
    outer loop
      vertex 0.08502406799918598 1.2972166002101846 2
      vertex 0.16968404988606706 1.2888783197859535 2
      vertex 0.08502406799918598 1.2972166002101846 4
    endloop
  endfacet
  facet normal -0.16289547339458776 -0.9866433320848793 0
    outer loop
      vertex 0.16968404988606706 1.2888783197859535 2
      vertex 0.2536174186209667 1.2750208645241996 2
      vertex 0.16968404988606706 1.2888783197859535 4
    endloop
  endfacet
  facet normal -0.03271908282177631 -0.9994645874763657 0
    outer loop
      vertex 0.08502406799918598 1.2972166002101846 2
      vertex 0.08502406799918598 1.2972166002101846 4
      vertex 0 1.3 4
    endloop
  endfacet
  facet normal -0.0980171403295618 -0.9951847266721968 0
    outer loop
      vertex 0.16968404988606706 1.2888783197859535 2
      vertex 0.16968404988606706 1.2888783197859535 4
      vertex 0.08502406799918598 1.2972166002101846 4
    endloop
  endfacet
  facet normal -0.2902846772544625 -0.9569403357322088 -5.3414740552630863e-20
    outer loop
      vertex 0.41787130489411006 1.2310091683436375 2
      vertex 0.33646475863327696 1.255703574175789 4
      vertex 0.33646475863327696 1.255703574175789 2
    endloop
  endfacet
  facet normal -0.2902846772544625 -0.9569403357322088 0
    outer loop
      vertex 0.41787130489411006 1.2310091683436375 2
      vertex 0.41787130489411006 1.2310091683436375 4
      vertex 0.33646475863327696 1.255703574175789 4
    endloop
  endfacet
  facet normal -0.2270762630343717 -0.9738769792773341 0
    outer loop
      vertex 0.2536174186209667 1.2750208645241996 2
      vertex 0.33646475863327696 1.255703574175789 2
      vertex 0.2536174186209667 1.2750208645241996 4
    endloop
  endfacet
  facet normal -0.16289547339458776 -0.9866433320848793 0
    outer loop
      vertex 0.2536174186209667 1.2750208645241996 2
      vertex 0.2536174186209667 1.2750208645241996 4
      vertex 0.16968404988606706 1.2888783197859535 4
    endloop
  endfacet
  facet normal -0.2270762630343717 -0.9738769792773341 0
    outer loop
      vertex 0.33646475863327696 1.255703574175789 2
      vertex 0.33646475863327696 1.255703574175789 4
      vertex 0.2536174186209667 1.2750208645241996 4
    endloop
  endfacet
  facet normal -0.3522500479212344 -0.9359059267573253 0
    outer loop
      vertex 0.41787130489411006 1.2310091683436375 2
      vertex 0.4974884620746167 1.2010433922646728 2
      vertex 0.41787130489411006 1.2310091683436375 4
    endloop
  endfacet
  facet normal -0.41270702980439544 -0.9108638249211755 1.0479767615971265e-18
    outer loop
      vertex 0.5749752972847018 1.1659345639924947 2
      vertex 0.4974884620746167 1.2010433922646728 4
      vertex 0.4974884620746167 1.2010433922646728 2
    endloop
  endfacet
  facet normal -0.4713967368259986 -0.8819212643483545 0
    outer loop
      vertex 0.5749752972847018 1.1659345639924947 2
      vertex 0.65 1.12583302491977 2
      vertex 0.5749752972847018 1.1659345639924947 4
    endloop
  endfacet
  facet normal -0.3522500479212344 -0.9359059267573253 0
    outer loop
      vertex 0.4974884620746167 1.2010433922646728 2
      vertex 0.4974884620746167 1.2010433922646728 4
      vertex 0.41787130489411006 1.2310091683436375 4
    endloop
  endfacet
  facet normal -0.41270702980439544 -0.9108638249211755 0
    outer loop
      vertex 0.5749752972847018 1.1659345639924947 2
      vertex 0.5749752972847018 1.1659345639924947 4
      vertex 0.4974884620746167 1.2010433922646728 4
    endloop
  endfacet
  facet normal -0.5280678506503665 -0.8492021815265798 8.81449810849061e-19
    outer loop
      vertex 0.7222413029254828 1.080910495993309 2
      vertex 0.65 1.12583302491977 4
      vertex 0.65 1.12583302491977 2
    endloop
  endfacet
  facet normal -0.5824776968678016 -0.8128466845916157 -1.0033694579045356e-18
    outer loop
      vertex 0.7913898577113369 1.0313593423786058 2
      vertex 0.7222413029254828 1.080910495993309 4
      vertex 0.7222413029254828 1.080910495993309 2
    endloop
  endfacet
  facet normal -0.5280678506503665 -0.8492021815265798 0
    outer loop
      vertex 0.7222413029254828 1.080910495993309 2
      vertex 0.7222413029254828 1.080910495993309 4
      vertex 0.65 1.12583302491977 4
    endloop
  endfacet
  facet normal -0.4713967368259986 -0.8819212643483545 0
    outer loop
      vertex 0.65 1.12583302491977 2
      vertex 0.65 1.12583302491977 4
      vertex 0.5749752972847018 1.1659345639924947 4
    endloop
  endfacet
  facet normal -0.5824776968678016 -0.8128466845916157 0
    outer loop
      vertex 0.7913898577113369 1.0313593423786058 2
      vertex 0.7913898577113369 1.0313593423786058 4
      vertex 0.7222413029254828 1.080910495993309 4
    endloop
  endfacet
  facet normal -0.9359059267573253 -0.3522500479212344 8.941864976494446e-19
    outer loop
      vertex 1.2310091683436375 0.41787130489411006 2
      vertex 1.2010433922646728 0.4974884620746167 4
      vertex 1.2010433922646728 0.4974884620746167 2
    endloop
  endfacet
  facet normal -0.6835923020228712 -0.7298640726978358 -9.09780680107817e-19
    outer loop
      vertex 0.9192388155425119 0.9192388155425119 2
      vertex 0.8571495596300895 0.9773917497226707 4
      vertex 0.8571495596300895 0.9773917497226707 2
    endloop
  endfacet
  facet normal -0.773010453362737 -0.6343932841636455 0
    outer loop
      vertex 0.9773917497226707 0.8571495596300895 2
      vertex 1.0313593423786058 0.7913898577113369 2
      vertex 0.9773917497226707 0.8571495596300895 4
    endloop
  endfacet
  facet normal -0.7298640726978358 -0.6835923020228712 -9.09780680107817e-19
    outer loop
      vertex 0.9773917497226707 0.8571495596300895 2
      vertex 0.9192388155425119 0.9192388155425119 4
      vertex 0.9192388155425119 0.9192388155425119 2
    endloop
  endfacet
  facet normal -0.6343932841636455 -0.773010453362737 0
    outer loop
      vertex 0.8571495596300895 0.9773917497226707 2
      vertex 0.8571495596300895 0.9773917497226707 4
      vertex 0.7913898577113369 1.0313593423786058 4
    endloop
  endfacet
  facet normal -0.6835923020228712 -0.7298640726978358 0
    outer loop
      vertex 0.9192388155425119 0.9192388155425119 2
      vertex 0.9192388155425119 0.9192388155425119 4
      vertex 0.8571495596300895 0.9773917497226707 4
    endloop
  endfacet
  facet normal -0.773010453362737 -0.6343932841636455 0
    outer loop
      vertex 1.0313593423786058 0.7913898577113369 2
      vertex 1.0313593423786058 0.7913898577113369 4
      vertex 0.9773917497226707 0.8571495596300895 4
    endloop
  endfacet
  facet normal -0.7298640726978358 -0.6835923020228712 0
    outer loop
      vertex 0.9773917497226707 0.8571495596300895 2
      vertex 0.9773917497226707 0.8571495596300895 4
      vertex 0.9192388155425119 0.9192388155425119 4
    endloop
  endfacet
  facet normal -0.8492021815265798 -0.5280678506503665 8.81449810849061e-19
    outer loop
      vertex 1.12583302491977 0.65 2
      vertex 1.080910495993309 0.7222413029254828 4
      vertex 1.080910495993309 0.7222413029254828 2
    endloop
  endfacet
  facet normal -0.8819212643483545 -0.4713967368259986 0
    outer loop
      vertex 1.12583302491977 0.65 2
      vertex 1.1659345639924947 0.5749752972847018 2
      vertex 1.12583302491977 0.65 4
    endloop
  endfacet
  facet normal -0.9108638249211755 -0.41270702980439544 1.0479767615971265e-18
    outer loop
      vertex 1.2010433922646728 0.4974884620746167 2
      vertex 1.1659345639924947 0.5749752972847018 4
      vertex 1.1659345639924947 0.5749752972847018 2
    endloop
  endfacet
  facet normal -0.8128466845916157 -0.5824776968678016 0
    outer loop
      vertex 1.080910495993309 0.7222413029254828 2
      vertex 1.080910495993309 0.7222413029254828 4
      vertex 1.0313593423786058 0.7913898577113369 4
    endloop
  endfacet
  facet normal -0.8492021815265798 -0.5280678506503665 0
    outer loop
      vertex 1.12583302491977 0.65 2
      vertex 1.12583302491977 0.65 4
      vertex 1.080910495993309 0.7222413029254828 4
    endloop
  endfacet
  facet normal -0.8819212643483545 -0.4713967368259986 0
    outer loop
      vertex 1.1659345639924947 0.5749752972847018 2
      vertex 1.1659345639924947 0.5749752972847018 4
      vertex 1.12583302491977 0.65 4
    endloop
  endfacet
  facet normal -0.9108638249211755 -0.41270702980439544 0
    outer loop
      vertex 1.2010433922646728 0.4974884620746167 2
      vertex 1.2010433922646728 0.4974884620746167 4
      vertex 1.1659345639924947 0.5749752972847018 4
    endloop
  endfacet
  facet normal -0.8128466845916157 -0.5824776968678016 -1.0033694579045356e-18
    outer loop
      vertex 1.080910495993309 0.7222413029254828 2
      vertex 1.0313593423786058 0.7913898577113369 4
      vertex 1.0313593423786058 0.7913898577113369 2
    endloop
  endfacet
  facet normal -0.9994645874763657 -0.03271908282177631 2.813317694879381e-20
    outer loop
      vertex 1.3 0 2
      vertex 1.2972166002101846 0.08502406799918598 4
      vertex 1.2972166002101846 0.08502406799918598 2
    endloop
  endfacet
  facet normal -0.9951847266721968 -0.0980171403295618 9.660411443665369e-20
    outer loop
      vertex 1.2972166002101846 0.08502406799918598 2
      vertex 1.2888783197859535 0.16968404988606706 4
      vertex 1.2888783197859535 0.16968404988606706 2
    endloop
  endfacet
  facet normal -0.9866433320848793 -0.16289547339458776 7.941769053312736e-20
    outer loop
      vertex 1.2888783197859535 0.16968404988606706 2
      vertex 1.2750208645241996 0.2536174186209667 4
      vertex 1.2750208645241996 0.2536174186209667 2
    endloop
  endfacet
  facet normal -0.9994645874763657 -0.03271908282177631 0
    outer loop
      vertex 1.3 0 2
      vertex 1.3 0 4
      vertex 1.2972166002101846 0.08502406799918598 4
    endloop
  endfacet
  facet normal -0.9951847266721968 -0.0980171403295618 0
    outer loop
      vertex 1.2972166002101846 0.08502406799918598 2
      vertex 1.2972166002101846 0.08502406799918598 4
      vertex 1.2888783197859535 0.16968404988606706 4
    endloop
  endfacet
  facet normal -0.9866433320848793 -0.16289547339458776 0
    outer loop
      vertex 1.2888783197859535 0.16968404988606706 2
      vertex 1.2888783197859535 0.16968404988606706 4
      vertex 1.2750208645241996 0.2536174186209667 4
    endloop
  endfacet
  facet normal -0.9738769792773341 -0.2270762630343717 3.6260386928169876e-19
    outer loop
      vertex 1.2750208645241996 0.2536174186209667 2
      vertex 1.255703574175789 0.33646475863327696 4
      vertex 1.255703574175789 0.33646475863327696 2
    endloop
  endfacet
  facet normal -0.9569403357322088 -0.2902846772544625 -5.3414740552630863e-20
    outer loop
      vertex 1.255703574175789 0.33646475863327696 2
      vertex 1.2310091683436375 0.41787130489411006 4
      vertex 1.2310091683436375 0.41787130489411006 2
    endloop
  endfacet
  facet normal -0.9738769792773341 -0.2270762630343717 0
    outer loop
      vertex 1.2750208645241996 0.2536174186209667 2
      vertex 1.2750208645241996 0.2536174186209667 4
      vertex 1.255703574175789 0.33646475863327696 4
    endloop
  endfacet
  facet normal -0.9569403357322088 -0.2902846772544625 0
    outer loop
      vertex 1.255703574175789 0.33646475863327696 2
      vertex 1.255703574175789 0.33646475863327696 4
      vertex 1.2310091683436375 0.41787130489411006 4
    endloop
  endfacet
  facet normal -0.9359059267573253 -0.3522500479212344 0
    outer loop
      vertex 1.2310091683436375 0.41787130489411006 2
      vertex 1.2310091683436375 0.41787130489411006 4
      vertex 1.2010433922646728 0.4974884620746167 4
    endloop
  endfacet
  facet normal -0.6343932841636455 -0.773010453362737 1.5562715455931695e-20
    outer loop
      vertex 0.8571495596300895 0.9773917497226707 2
      vertex 0.7913898577113369 1.0313593423786058 4
      vertex 0.7913898577113369 1.0313593423786058 2
    endloop
  endfacet
  facet normal 0.9108638249211757 0.41270702980439505 0
    outer loop
      vertex -3.5107422235428896 -1.4541970429873412 2
      vertex -3.4081164178242154 -1.680697022832205 0
      vertex -3.5107422235428896 -1.4541970429873412 0
    endloop
  endfacet
  facet normal 0.881921264348355 0.47139673682599775 0
    outer loop
      vertex -3.4081164178242154 -1.680697022832205 2
      vertex -3.2908965343808667 -1.9 0
      vertex -3.4081164178242154 -1.680697022832205 0
    endloop
  endfacet
  facet normal 0.881921264348355 0.47139673682599775 -3.10582725537451e-18
    outer loop
      vertex -3.4081164178242154 -1.680697022832205 2
      vertex -3.2908965343808667 -1.9 2
      vertex -3.2908965343808667 -1.9 0
    endloop
  endfacet
  facet normal 0.9108638249211757 0.41270702980439505 0
    outer loop
      vertex -3.4081164178242154 -1.680697022832205 2
      vertex -3.4081164178242154 -1.680697022832205 0
      vertex -3.5107422235428896 -1.4541970429873412 2
    endloop
  endfacet
  facet normal 0.9359059267573258 0.3522500479212331 0
    outer loop
      vertex -3.5983344920814013 -1.221469968152014 2
      vertex -3.5107422235428896 -1.4541970429873412 0
      vertex -3.5983344920814013 -1.221469968152014 0
    endloop
  endfacet
  facet normal 0.9569403357322088 0.2902846772544628 0
    outer loop
      vertex -3.6705181398984594 -0.9835123713895788 2
      vertex -3.5983344920814013 -1.221469968152014 0
      vertex -3.6705181398984594 -0.9835123713895788 0
    endloop
  endfacet
  facet normal 0.9359059267573258 0.3522500479212331 0
    outer loop
      vertex -3.5107422235428896 -1.4541970429873412 2
      vertex -3.5107422235428896 -1.4541970429873412 0
      vertex -3.5983344920814013 -1.221469968152014 2
    endloop
  endfacet
  facet normal 0.9569403357322088 0.2902846772544628 0
    outer loop
      vertex -3.5983344920814013 -1.221469968152014 2
      vertex -3.5983344920814013 -1.221469968152014 0
      vertex -3.6705181398984594 -0.9835123713895788 2
    endloop
  endfacet
  facet normal 0.9738769792773339 0.22707626303437253 0
    outer loop
      vertex -3.7269840655322755 -0.7413432236612874 2
      vertex -3.6705181398984594 -0.9835123713895788 0
      vertex -3.7269840655322755 -0.7413432236612874 0
    endloop
  endfacet
  facet normal 0.9866433320848791 0.16289547339458849 0
    outer loop
      vertex -3.7674904732204793 -0.49599953043619593 2
      vertex -3.7269840655322755 -0.7413432236612874 0
      vertex -3.7674904732204793 -0.49599953043619593 0
    endloop
  endfacet
  facet normal 0.9738769792773339 0.22707626303437253 0
    outer loop
      vertex -3.6705181398984594 -0.9835123713895788 2
      vertex -3.6705181398984594 -0.9835123713895788 0
      vertex -3.7269840655322755 -0.7413432236612874 2
    endloop
  endfacet
  facet normal 0.9866433320848791 0.16289547339458849 0
    outer loop
      vertex -3.7269840655322755 -0.7413432236612874 2
      vertex -3.7269840655322755 -0.7413432236612874 0
      vertex -3.7674904732204793 -0.49599953043619593 2
    endloop
  endfacet
  facet normal 0.9951847266721968 0.09801714032956127 0
    outer loop
      vertex -3.791863908306693 -0.24853189107454363 2
      vertex -3.7674904732204793 -0.49599953043619593 0
      vertex -3.791863908306693 -0.24853189107454363 0
    endloop
  endfacet
  facet normal 0.9994645874763657 0.03271908282177603 0
    outer loop
      vertex -3.8 0 2
      vertex -3.791863908306693 -0.24853189107454363 0
      vertex -3.8 0 0
    endloop
  endfacet
  facet normal 0.9951847266721968 0.09801714032956127 0
    outer loop
      vertex -3.7674904732204793 -0.49599953043619593 2
      vertex -3.7674904732204793 -0.49599953043619593 0
      vertex -3.791863908306693 -0.24853189107454363 2
    endloop
  endfacet
  facet normal 0 0 -1
    outer loop
      vertex -3.6705181398984594 -0.9835123713895788 2
      vertex -3.7269840655322755 -0.7413432236612874 2
      vertex -3.7269840655322755 0.7413432236612874 2
    endloop
  endfacet
  facet normal 0.9994645874763657 0.03271908282177603 0
    outer loop
      vertex -3.791863908306693 -0.24853189107454363 2
      vertex -3.791863908306693 -0.24853189107454363 0
      vertex -3.8 0 2
    endloop
  endfacet
  facet normal 0 0 -1
    outer loop
      vertex -3.7674904732204793 -0.49599953043619593 2
      vertex -3.791863908306693 -0.24853189107454363 2
      vertex -3.791863908306693 0.24853189107454363 2
    endloop
  endfacet
  facet normal 0 0 -1
    outer loop
      vertex -3.7269840655322755 -0.7413432236612874 2
      vertex -3.7674904732204793 -0.49599953043619593 2
      vertex -3.7674904732204793 0.49599953043619593 2
    endloop
  endfacet
  facet normal 0 0 -1
    outer loop
      vertex -3.4081164178242154 -1.680697022832205 2
      vertex -3.5107422235428896 -1.4541970429873412 2
      vertex -3.5107422235428896 1.4541970429873412 2
    endloop
  endfacet
  facet normal 0 0 -1
    outer loop
      vertex -3.4081164178242154 -1.680697022832205 2
      vertex -3.4081164178242154 1.680697022832205 2
      vertex -3.2908965343808667 -1.9 2
    endloop
  endfacet
  facet normal 0 0 -1
    outer loop
      vertex -3.5983344920814013 -1.221469968152014 2
      vertex -3.6705181398984594 -0.9835123713895788 2
      vertex -3.6705181398984594 0.9835123713895788 2
    endloop
  endfacet
  facet normal 0 0 -1
    outer loop
      vertex -3.5107422235428896 -1.4541970429873412 2
      vertex -3.5983344920814013 -1.221469968152014 2
      vertex -3.5983344920814013 1.221469968152014 2
    endloop
  endfacet
  facet normal 0.7298640726978392 0.6835923020228675 0
    outer loop
      vertex -2.8569912684201144 -2.5055140973802614 2
      vertex -2.847009496127728 -2.516171527191137 0
      vertex -2.8569912684201144 -2.5055140973802614 0
    endloop
  endfacet
  facet normal 0.8128466845916154 0.5824776968678019 0
    outer loop
      vertex -3.1595845267496716 -2.1111668854744883 2
      vertex -3.0147426931066934 -2.3132934302331383 0
      vertex -3.1595845267496716 -2.1111668854744883 0
    endloop
  endfacet
  facet normal 0.7730104533627378 0.6343932841636445 0
    outer loop
      vertex -3.0147426931066934 -2.3132934302331383 2
      vertex -2.8569912684201144 -2.5055140973802614 0
      vertex -3.0147426931066934 -2.3132934302331383 0
    endloop
  endfacet
  facet normal 0.8492021815265786 0.5280678506503687 0
    outer loop
      vertex -3.1595845267496716 -2.1111668854744883 2
      vertex -3.1595845267496716 -2.1111668854744883 0
      vertex -3.2908965343808667 -1.9 2
    endloop
  endfacet
  facet normal 0.8128466845916154 0.5824776968678019 0
    outer loop
      vertex -3.0147426931066934 -2.3132934302331383 2
      vertex -3.0147426931066934 -2.3132934302331383 0
      vertex -3.1595845267496716 -2.1111668854744883 2
    endloop
  endfacet
  facet normal 0.7730104533627378 0.6343932841636445 0
    outer loop
      vertex -2.8569912684201144 -2.5055140973802614 2
      vertex -2.8569912684201144 -2.5055140973802614 0
      vertex -3.0147426931066934 -2.3132934302331383 2
    endloop
  endfacet
  facet normal 0.7298640726978354 0.6835923020228717 -4.172024344621952e-17
    outer loop
      vertex -2.8569912684201144 -2.5055140973802614 2
      vertex -2.7495364137233724 -2.6202424780949616 0
      vertex -2.847009496127728 -2.516171527191137 0
    endloop
  endfacet
  facet normal 0.7298640726978356 0.6835923020228714 -1.7644339220159537e-17
    outer loop
      vertex -2.8569912684201144 -2.5055140973802614 2
      vertex -2.6870057685088806 -2.6870057685088806 0
      vertex -2.7495364137233724 -2.6202424780949616 0
    endloop
  endfacet
  facet normal 0.6343932841636445 0.7730104533627378 0
    outer loop
      vertex -2.5055140973802614 -2.8569912684201144 2
      vertex -2.3132934302331383 -3.0147426931066934 0
      vertex -2.5055140973802614 -2.8569912684201144 0
    endloop
  endfacet
  facet normal 0.6835923020228712 0.7298640726978356 0
    outer loop
      vertex -2.6870057685088806 -2.6870057685088806 2
      vertex -2.5055140973802614 -2.8569912684201144 0
      vertex -2.6870057685088806 -2.6870057685088806 0
    endloop
  endfacet
  facet normal 0.7298640726978356 0.6835923020228712 0
    outer loop
      vertex -2.6870057685088806 -2.6870057685088806 2
      vertex -2.6870057685088806 -2.6870057685088806 0
      vertex -2.8569912684201144 -2.5055140973802614 2
    endloop
  endfacet
  facet normal 0.6835923020228712 0.7298640726978356 -3.4438733423401443e-18
    outer loop
      vertex -2.6870057685088806 -2.6870057685088806 2
      vertex -2.5055140973802614 -2.8569912684201144 2
      vertex -2.5055140973802614 -2.8569912684201144 0
    endloop
  endfacet
  facet normal 0.5824776968678026 0.8128466845916149 0
    outer loop
      vertex -2.3132934302331383 -3.0147426931066934 2
      vertex -2.1121994548069063 -3.15884459803002 0
      vertex -2.3132934302331383 -3.0147426931066934 0
    endloop
  endfacet
  facet normal 0.5824776968676793 0.8128466845917033 0
    outer loop
      vertex -2.1111668854744883 -3.1595845267496716 2
      vertex -2.1111668854744883 -3.1595845267496716 0
      vertex -2.1121994548069063 -3.15884459803002 0
    endloop
  endfacet
  facet normal 0.5280678506503682 0.8492021815265788 0
    outer loop
      vertex -2.1111668854744883 -3.1595845267496716 2
      vertex -1.9005320668276122 -3.2905656739660305 0
      vertex -2.1111668854744883 -3.1595845267496716 0
    endloop
  endfacet
  facet normal 0.5824776968678019 0.8128466845916154 -9.423648415556292e-17
    outer loop
      vertex -2.3132934302331383 -3.0147426931066934 2
      vertex -2.1111668854744883 -3.1595845267496716 2
      vertex -2.1121994548069063 -3.15884459803002 0
    endloop
  endfacet
  facet normal 0.5280678506505111 0.84920218152649 0
    outer loop
      vertex -1.9 -3.2908965343808667 2
      vertex -1.9 -3.2908965343808667 0
      vertex -1.9005320668276122 -3.2905656739660305 0
    endloop
  endfacet
  facet normal 0.47139673682599775 0.881921264348355 0
    outer loop
      vertex -1.9 -3.2908965343808667 2
      vertex -1.680697022832205 -3.4081164178242154 0
      vertex -1.9 -3.2908965343808667 0
    endloop
  endfacet
  facet normal 0.5280678506503687 0.8492021815265786 5.431324422036684e-17
    outer loop
      vertex -2.1111668854744883 -3.1595845267496716 2
      vertex -1.9 -3.2908965343808667 2
      vertex -1.9005320668276122 -3.2905656739660305 0
    endloop
  endfacet
  facet normal 0.47139673682599775 0.881921264348355 0
    outer loop
      vertex -1.680697022832205 -3.4081164178242154 2
      vertex -1.680697022832205 -3.4081164178242154 0
      vertex -1.9 -3.2908965343808667 2
    endloop
  endfacet
  facet normal 0.6343932841636445 0.7730104533627378 0
    outer loop
      vertex -2.3132934302331383 -3.0147426931066934 2
      vertex -2.3132934302331383 -3.0147426931066934 0
      vertex -2.5055140973802614 -2.8569912684201144 2
    endloop
  endfacet
  facet normal 0.8492021815265786 0.5280678506503687 0
    outer loop
      vertex -3.2908965343808667 -1.9 2
      vertex -3.1595845267496716 -2.1111668854744883 0
      vertex -3.2908965343808667 -1.9 0
    endloop
  endfacet
  facet normal 0 0 -1
    outer loop
      vertex -2.3132934302331383 -3.0147426931066934 2
      vertex -2.5055140973802614 -2.8569912684201144 2
      vertex -2.5055140973802614 2.8569912684201144 2
    endloop
  endfacet
  facet normal 0 0 -1
    outer loop
      vertex -3.0147426931066934 -2.3132934302331383 2
      vertex -3.1595845267496716 -2.1111668854744883 2
      vertex -3.1595845267496716 2.1111668854744883 2
    endloop
  endfacet
  facet normal 0 0 -1
    outer loop
      vertex -3.1595845267496716 -2.1111668854744883 2
      vertex -3.2908965343808667 -1.9 2
      vertex -3.2908965343808667 1.9 2
    endloop
  endfacet
  facet normal 0 0 -1
    outer loop
      vertex -2.8569912684201144 -2.5055140973802614 2
      vertex -3.0147426931066934 -2.3132934302331383 2
      vertex -3.0147426931066934 2.3132934302331383 2
    endloop
  endfacet
  facet normal 0 0 -1
    outer loop
      vertex -2.6870057685088806 -2.6870057685088806 2
      vertex -2.8569912684201144 -2.5055140973802614 2
      vertex -2.8569912684201144 2.5055140973802614 2
    endloop
  endfacet
  facet normal 0 0 -1
    outer loop
      vertex -2.6870057685088806 -2.6870057685088806 2
      vertex -2.6870057685088806 2.6870057685088806 2
      vertex -2.5055140973802614 -2.8569912684201144 2
    endloop
  endfacet
  facet normal 0 0 -1
    outer loop
      vertex -2.3132934302331383 -3.0147426931066934 2
      vertex -2.3132934302331383 3.0147426931066934 2
      vertex -2.1111668854744883 -3.1595845267496716 2
    endloop
  endfacet
  facet normal 0 0 -1
    outer loop
      vertex -2.1111668854744883 -3.1595845267496716 2
      vertex -2.1111668854744883 3.1595845267496716 2
      vertex -1.9 -3.2908965343808667 2
    endloop
  endfacet
  facet normal 0 0 -1
    outer loop
      vertex -1.680697022832205 -3.4081164178242154 2
      vertex -1.9 -3.2908965343808667 2
      vertex -1.9 3.2908965343808667 2
    endloop
  endfacet
  facet normal 0.3522500479212331 0.9359059267573258 0
    outer loop
      vertex -1.4541970429873412 -3.5107422235428896 2
      vertex -1.221469968152014 -3.5983344920814013 0
      vertex -1.4541970429873412 -3.5107422235428896 0
    endloop
  endfacet
  facet normal 0.3522500479212331 0.9359059267573258 1.879082836050131e-18
    outer loop
      vertex -1.4541970429873412 -3.5107422235428896 2
      vertex -1.221469968152014 -3.5983344920814013 2
      vertex -1.221469968152014 -3.5983344920814013 0
    endloop
  endfacet
  facet normal 0.41270702980439505 0.9108638249211757 0
    outer loop
      vertex -1.680697022832205 -3.4081164178242154 2
      vertex -1.4541970429873412 -3.5107422235428896 0
      vertex -1.680697022832205 -3.4081164178242154 0
    endloop
  endfacet
  facet normal 0.41270702980439505 0.9108638249211757 0
    outer loop
      vertex -1.4541970429873412 -3.5107422235428896 2
      vertex -1.4541970429873412 -3.5107422235428896 0
      vertex -1.680697022832205 -3.4081164178242154 2
    endloop
  endfacet
  facet normal 0.2902846772544628 0.9569403357322088 0
    outer loop
      vertex -1.221469968152014 -3.5983344920814013 2
      vertex -0.9835123713895788 -3.6705181398984594 0
      vertex -1.221469968152014 -3.5983344920814013 0
    endloop
  endfacet
  facet normal 0.22707626303437253 0.9738769792773339 0
    outer loop
      vertex -0.9835123713895788 -3.6705181398984594 2
      vertex -0.7413432236612874 -3.7269840655322755 0
      vertex -0.9835123713895788 -3.6705181398984594 0
    endloop
  endfacet
  facet normal 0.2902846772544628 0.9569403357322088 0
    outer loop
      vertex -0.9835123713895788 -3.6705181398984594 2
      vertex -0.9835123713895788 -3.6705181398984594 0
      vertex -1.221469968152014 -3.5983344920814013 2
    endloop
  endfacet
  facet normal 0.22707626303437253 0.9738769792773339 1.570209799697894e-18
    outer loop
      vertex -0.9835123713895788 -3.6705181398984594 2
      vertex -0.7413432236612874 -3.7269840655322755 2
      vertex -0.7413432236612874 -3.7269840655322755 0
    endloop
  endfacet
  facet normal 0 0 -1
    outer loop
      vertex -0.9835123713895788 -3.6705181398984594 2
      vertex -1.221469968152014 -3.5983344920814013 2
      vertex -1.080910495993309 -0.7222413029254828 2
    endloop
  endfacet
  facet normal 0 0 -1
    outer loop
      vertex -0.9835123713895788 -3.6705181398984594 2
      vertex -0.8571495596300895 -0.9773917497226707 2
      vertex -0.7413432236612874 -3.7269840655322755 2
    endloop
  endfacet
  facet normal 0.16289547339458793 0.9866433320848791 0
    outer loop
      vertex -0.7413432236612874 -3.7269840655322755 2
      vertex -0.7194344215315737 -3.730601223403182 0
      vertex -0.7413432236612874 -3.7269840655322755 0
    endloop
  endfacet
  facet normal 0.1628954733945885 0.9866433320848791 6.676922106686381e-18
    outer loop
      vertex -0.7413432236612874 -3.7269840655322755 2
      vertex -0.49599953043619593 -3.7674904732204793 0
      vertex -0.7194344215315737 -3.730601223403182 0
    endloop
  endfacet
  facet normal 0.09801714032955419 0.9951847266721976 0
    outer loop
      vertex -0.49599953043619593 -3.7674904732204793 2
      vertex -0.48347795539671606 -3.7687237407183596 0
      vertex -0.49599953043619593 -3.7674904732204793 0
    endloop
  endfacet
  facet normal 0.09801714032956164 0.9951847266721967 4.715574472622095e-17
    outer loop
      vertex -0.49599953043619593 -3.7674904732204793 2
      vertex -0.24853189107454363 -3.791863908306693 0
      vertex -0.48347795539671606 -3.7687237407183596 0
    endloop
  endfacet
  facet normal 0.16289547339458849 0.9866433320848791 5.88295544822156e-19
    outer loop
      vertex -0.7413432236612874 -3.7269840655322755 2
      vertex -0.49599953043619593 -3.7674904732204793 2
      vertex -0.49599953043619593 -3.7674904732204793 0
    endloop
  endfacet
  facet normal 0.03271908282177603 0.9994645874763657 0
    outer loop
      vertex -0.24853189107454363 -3.791863908306693 2
      vertex 0 -3.8 0
      vertex -0.24853189107454363 -3.791863908306693 0
    endloop
  endfacet
  facet normal 0.09801714032956127 0.9951847266721968 6.107172311081273e-19
    outer loop
      vertex -0.49599953043619593 -3.7674904732204793 2
      vertex -0.24853189107454363 -3.791863908306693 2
      vertex -0.24853189107454363 -3.791863908306693 0
    endloop
  endfacet
  facet normal 0.03271908282177603 0.9994645874763657 -2.314768548952198e-19
    outer loop
      vertex -0.24853189107454363 -3.791863908306693 2
      vertex 0 -3.8 2
      vertex 0 -3.8 0
    endloop
  endfacet
  facet normal 0 0 -1
    outer loop
      vertex -0.7413432236612874 -3.7269840655322755 2
      vertex -0.65 -1.12583302491977 2
      vertex -0.49599953043619593 -3.7674904732204793 2
    endloop
  endfacet
  facet normal 0 0 -1
    outer loop
      vertex -0.49599953043619593 -3.7674904732204793 2
      vertex -0.65 -1.12583302491977 2
      vertex -0.5749752972847018 -1.1659345639924947 2
    endloop
  endfacet
  facet normal 0 0 -1
    outer loop
      vertex -0.49599953043619593 -3.7674904732204793 2
      vertex -0.5749752972847018 -1.1659345639924947 2
      vertex -0.4974884620746167 -1.2010433922646728 2
    endloop
  endfacet
  facet normal 0 0 -1
    outer loop
      vertex -0.49599953043619593 -3.7674904732204793 2
      vertex -0.4974884620746167 -1.2010433922646728 2
      vertex -0.41787130489411006 -1.2310091683436375 2
    endloop
  endfacet
  facet normal 0 0 -1
    outer loop
      vertex -0.49599953043619593 -3.7674904732204793 2
      vertex -0.41787130489411006 -1.2310091683436375 2
      vertex -0.33646475863327696 -1.255703574175789 2
    endloop
  endfacet
  facet normal 0 0 -1
    outer loop
      vertex -0.49599953043619593 -3.7674904732204793 2
      vertex -0.33646475863327696 -1.255703574175789 2
      vertex -0.24853189107454363 -3.791863908306693 2
    endloop
  endfacet
  facet normal 0 0 -1
    outer loop
      vertex -0.24853189107454363 -3.791863908306693 2
      vertex -0.08502406799918598 -1.2972166002101846 2
      vertex 0 -3.8 2
    endloop
  endfacet
  facet normal 0 0 -1
    outer loop
      vertex 0 -3.8 2
      vertex -0.08502406799918598 -1.2972166002101846 2
      vertex 0 -3.2 2
    endloop
  endfacet
  facet normal 0 0 -1
    outer loop
      vertex -0.24853189107454363 -3.791863908306693 2
      vertex -0.33646475863327696 -1.255703574175789 2
      vertex -0.2536174186209667 -1.2750208645241996 2
    endloop
  endfacet
  facet normal 0 0 -1
    outer loop
      vertex -0.24853189107454363 -3.791863908306693 2
      vertex -0.2536174186209667 -1.2750208645241996 2
      vertex -0.16968404988606706 -1.2888783197859535 2
    endloop
  endfacet
  facet normal 0 0 -1
    outer loop
      vertex -0.24853189107454363 -3.791863908306693 2
      vertex -0.16968404988606706 -1.2888783197859535 2
      vertex -0.08502406799918598 -1.2972166002101846 2
    endloop
  endfacet
  facet normal 0 0 -1
    outer loop
      vertex -1.4541970429873412 -3.5107422235428896 2
      vertex -1.680697022832205 -3.4081164178242154 2
      vertex -1.680697022832205 3.4081164178242154 2
    endloop
  endfacet
  facet normal 0 0 -1
    outer loop
      vertex -1.221469968152014 -3.5983344920814013 2
      vertex -1.255703574175789 -0.33646475863327696 2
      vertex -1.2310091683436375 -0.41787130489411006 2
    endloop
  endfacet
  facet normal 0 0 -1
    outer loop
      vertex -1.221469968152014 -3.5983344920814013 2
      vertex -1.2750208645241996 -0.2536174186209667 2
      vertex -1.255703574175789 -0.33646475863327696 2
    endloop
  endfacet
  facet normal 0 0 -1
    outer loop
      vertex -1.221469968152014 -3.5983344920814013 2
      vertex -1.2888783197859535 -0.16968404988606706 2
      vertex -1.2750208645241996 -0.2536174186209667 2
    endloop
  endfacet
  facet normal 0 0 -1
    outer loop
      vertex -1.221469968152014 -3.5983344920814013 2
      vertex -1.2972166002101846 -0.08502406799918598 2
      vertex -1.2888783197859535 -0.16968404988606706 2
    endloop
  endfacet
  facet normal 0 0 -1
    outer loop
      vertex -1.4541970429873412 -3.5107422235428896 2
      vertex -1.4541970429873412 3.5107422235428896 2
      vertex -1.221469968152014 -3.5983344920814013 2
    endloop
  endfacet
  facet normal 0 0 -1
    outer loop
      vertex -1.221469968152014 -3.5983344920814013 2
      vertex -1.12583302491977 -0.65 2
      vertex -1.080910495993309 -0.7222413029254828 2
    endloop
  endfacet
  facet normal 0 0 -1
    outer loop
      vertex -1.221469968152014 -3.5983344920814013 2
      vertex -1.1659345639924947 -0.5749752972847018 2
      vertex -1.12583302491977 -0.65 2
    endloop
  endfacet
  facet normal 0 0 -1
    outer loop
      vertex -1.221469968152014 -3.5983344920814013 2
      vertex -1.2010433922646728 -0.4974884620746167 2
      vertex -1.1659345639924947 -0.5749752972847018 2
    endloop
  endfacet
  facet normal 0 0 -1
    outer loop
      vertex -1.221469968152014 -3.5983344920814013 2
      vertex -1.2310091683436375 -0.41787130489411006 2
      vertex -1.2010433922646728 -0.4974884620746167 2
    endloop
  endfacet
  facet normal 0 0 -1
    outer loop
      vertex -0.9835123713895788 -3.6705181398984594 2
      vertex -1.080910495993309 -0.7222413029254828 2
      vertex -1.0313593423786058 -0.7913898577113369 2
    endloop
  endfacet
  facet normal 0 0 -1
    outer loop
      vertex -0.9835123713895788 -3.6705181398984594 2
      vertex -1.0313593423786058 -0.7913898577113369 2
      vertex -0.9773917497226707 -0.8571495596300895 2
    endloop
  endfacet
  facet normal 0 0 -1
    outer loop
      vertex -0.9835123713895788 -3.6705181398984594 2
      vertex -0.9773917497226707 -0.8571495596300895 2
      vertex -0.9192388155425119 -0.9192388155425119 2
    endloop
  endfacet
  facet normal 0 0 -1
    outer loop
      vertex -0.9835123713895788 -3.6705181398984594 2
      vertex -0.9192388155425119 -0.9192388155425119 2
      vertex -0.8571495596300895 -0.9773917497226707 2
    endloop
  endfacet
  facet normal 0 0 -1
    outer loop
      vertex -1.221469968152014 -3.5983344920814013 2
      vertex -1.4541970429873412 3.5107422235428896 2
      vertex -1.2972166002101846 -0.08502406799918598 2
    endloop
  endfacet
  facet normal 0 0 -1
    outer loop
      vertex -0.7413432236612874 -3.7269840655322755 2
      vertex -0.8571495596300895 -0.9773917497226707 2
      vertex -0.7913898577113369 -1.0313593423786058 2
    endloop
  endfacet
  facet normal 0 0 -1
    outer loop
      vertex -0.7413432236612874 -3.7269840655322755 2
      vertex -0.7913898577113369 -1.0313593423786058 2
      vertex -0.7222413029254828 -1.080910495993309 2
    endloop
  endfacet
  facet normal 0 0 -1
    outer loop
      vertex -0.7413432236612874 -3.7269840655322755 2
      vertex -0.7222413029254828 -1.080910495993309 2
      vertex -0.65 -1.12583302491977 2
    endloop
  endfacet
  facet normal 0 0 -1
    outer loop
      vertex 0 -3.2 2
      vertex -0.08502406799918598 -1.2972166002101846 2
      vertex 0 -1.3 2
    endloop
  endfacet
  facet normal 0.9994645874763657 -0.03271908282177603 0
    outer loop
      vertex -3.791863908306693 0.24853189107454363 2
      vertex -3.8 0 0
      vertex -3.791863908306693 0.24853189107454363 0
    endloop
  endfacet
  facet normal 0.9951847266721968 -0.09801714032956127 0
    outer loop
      vertex -3.7674904732204793 0.49599953043619593 2
      vertex -3.791863908306693 0.24853189107454363 0
      vertex -3.7674904732204793 0.49599953043619593 0
    endloop
  endfacet
  facet normal 0.9994645874763657 -0.03271908282177603 0
    outer loop
      vertex -3.8 0 2
      vertex -3.8 0 0
      vertex -3.791863908306693 0.24853189107454363 2
    endloop
  endfacet
  facet normal 0 0 -1
    outer loop
      vertex -3.791863908306693 -0.24853189107454363 2
      vertex -3.8 0 2
      vertex -3.791863908306693 0.24853189107454363 2
    endloop
  endfacet
  facet normal 0 0 -1
    outer loop
      vertex -3.7674904732204793 -0.49599953043619593 2
      vertex -3.791863908306693 0.24853189107454363 2
      vertex -3.7674904732204793 0.49599953043619593 2
    endloop
  endfacet
  facet normal 0 0 -1
    outer loop
      vertex -3.7269840655322755 -0.7413432236612874 2
      vertex -3.7674904732204793 0.49599953043619593 2
      vertex -3.7269840655322755 0.7413432236612874 2
    endloop
  endfacet
  facet normal 0 0 -1
    outer loop
      vertex -3.6705181398984594 -0.9835123713895788 2
      vertex -3.7269840655322755 0.7413432236612874 2
      vertex -3.6705181398984594 0.9835123713895788 2
    endloop
  endfacet
  facet normal 0.9951847266721968 -0.09801714032956127 0
    outer loop
      vertex -3.791863908306693 0.24853189107454363 2
      vertex -3.791863908306693 0.24853189107454363 0
      vertex -3.7674904732204793 0.49599953043619593 2
    endloop
  endfacet
  facet normal 0.9866433320848791 -0.16289547339458849 0
    outer loop
      vertex -3.7269840655322755 0.7413432236612874 2
      vertex -3.7674904732204793 0.49599953043619593 0
      vertex -3.7269840655322755 0.7413432236612874 0
    endloop
  endfacet
  facet normal 0.9738769792773339 -0.22707626303437253 0
    outer loop
      vertex -3.6705181398984594 0.9835123713895788 2
      vertex -3.7269840655322755 0.7413432236612874 0
      vertex -3.6705181398984594 0.9835123713895788 0
    endloop
  endfacet
  facet normal 0.9866433320848791 -0.16289547339458849 0
    outer loop
      vertex -3.7674904732204793 0.49599953043619593 2
      vertex -3.7674904732204793 0.49599953043619593 0
      vertex -3.7269840655322755 0.7413432236612874 2
    endloop
  endfacet
  facet normal 0.9738769792773339 -0.22707626303437253 0
    outer loop
      vertex -3.7269840655322755 0.7413432236612874 2
      vertex -3.7269840655322755 0.7413432236612874 0
      vertex -3.6705181398984594 0.9835123713895788 2
    endloop
  endfacet
  facet normal 0 0 -1
    outer loop
      vertex -3.5983344920814013 -1.221469968152014 2
      vertex -3.6705181398984594 0.9835123713895788 2
      vertex -3.5983344920814013 1.221469968152014 2
    endloop
  endfacet
  facet normal 0 0 -1
    outer loop
      vertex -3.5107422235428896 -1.4541970429873412 2
      vertex -3.5983344920814013 1.221469968152014 2
      vertex -3.5107422235428896 1.4541970429873412 2
    endloop
  endfacet
  facet normal 0 0 -1
    outer loop
      vertex -3.4081164178242154 -1.680697022832205 2
      vertex -3.5107422235428896 1.4541970429873412 2
      vertex -3.4081164178242154 1.680697022832205 2
    endloop
  endfacet
  facet normal 0 0 -1
    outer loop
      vertex -3.2908965343808667 -1.9 2
      vertex -3.4081164178242154 1.680697022832205 2
      vertex -3.2908965343808667 1.9 2
    endloop
  endfacet
  facet normal 0.9569403357322088 -0.2902846772544628 0
    outer loop
      vertex -3.5983344920814013 1.221469968152014 2
      vertex -3.6705181398984594 0.9835123713895788 0
      vertex -3.5983344920814013 1.221469968152014 0
    endloop
  endfacet
  facet normal 0.9359059267573258 -0.3522500479212331 0
    outer loop
      vertex -3.5107422235428896 1.4541970429873412 2
      vertex -3.5983344920814013 1.221469968152014 0
      vertex -3.5107422235428896 1.4541970429873412 0
    endloop
  endfacet
  facet normal 0.9569403357322088 -0.2902846772544628 0
    outer loop
      vertex -3.6705181398984594 0.9835123713895788 2
      vertex -3.6705181398984594 0.9835123713895788 0
      vertex -3.5983344920814013 1.221469968152014 2
    endloop
  endfacet
  facet normal 0.9359059267573258 -0.3522500479212331 0
    outer loop
      vertex -3.5983344920814013 1.221469968152014 2
      vertex -3.5983344920814013 1.221469968152014 0
      vertex -3.5107422235428896 1.4541970429873412 2
    endloop
  endfacet
  facet normal 0.9108638249211757 -0.41270702980439505 0
    outer loop
      vertex -3.4081164178242154 1.680697022832205 2
      vertex -3.5107422235428896 1.4541970429873412 0
      vertex -3.4081164178242154 1.680697022832205 0
    endloop
  endfacet
  facet normal 0.881921264348355 -0.47139673682599775 0
    outer loop
      vertex -3.2908965343808667 1.9 2
      vertex -3.4081164178242154 1.680697022832205 0
      vertex -3.2908965343808667 1.9 0
    endloop
  endfacet
  facet normal 0.9108638249211757 -0.41270702980439505 0
    outer loop
      vertex -3.5107422235428896 1.4541970429873412 2
      vertex -3.5107422235428896 1.4541970429873412 0
      vertex -3.4081164178242154 1.680697022832205 2
    endloop
  endfacet
  facet normal 0.881921264348355 -0.47139673682599775 0
    outer loop
      vertex -3.4081164178242154 1.680697022832205 2
      vertex -3.4081164178242154 1.680697022832205 0
      vertex -3.2908965343808667 1.9 2
    endloop
  endfacet
  facet normal 0 0 -1
    outer loop
      vertex -3.1595845267496716 -2.1111668854744883 2
      vertex -3.2908965343808667 1.9 2
      vertex -3.1595845267496716 2.1111668854744883 2
    endloop
  endfacet
  facet normal 0 0 -1
    outer loop
      vertex -3.0147426931066934 -2.3132934302331383 2
      vertex -3.1595845267496716 2.1111668854744883 2
      vertex -3.0147426931066934 2.3132934302331383 2
    endloop
  endfacet
  facet normal 0 0 -1
    outer loop
      vertex -2.8569912684201144 -2.5055140973802614 2
      vertex -3.0147426931066934 2.3132934302331383 2
      vertex -2.8569912684201144 2.5055140973802614 2
    endloop
  endfacet
  facet normal 0 0 -1
    outer loop
      vertex -2.6870057685088806 -2.6870057685088806 2
      vertex -2.8569912684201144 2.5055140973802614 2
      vertex -2.6870057685088806 2.6870057685088806 2
    endloop
  endfacet
  facet normal 0 0 -1
    outer loop
      vertex -2.5055140973802614 -2.8569912684201144 2
      vertex -2.6870057685088806 2.6870057685088806 2
      vertex -2.5055140973802614 2.8569912684201144 2
    endloop
  endfacet
  facet normal 0.8492021815265786 -0.5280678506503687 0
    outer loop
      vertex -3.2908965343808667 1.9 2
      vertex -3.2908965343808667 1.9 0
      vertex -3.1595845267496716 2.1111668854744883 2
    endloop
  endfacet
  facet normal 0 0 -1
    outer loop
      vertex -2.3132934302331383 -3.0147426931066934 2
      vertex -2.5055140973802614 2.8569912684201144 2
      vertex -2.3132934302331383 3.0147426931066934 2
    endloop
  endfacet
  facet normal 0 0 -1
    outer loop
      vertex -2.1111668854744883 -3.1595845267496716 2
      vertex -2.3132934302331383 3.0147426931066934 2
      vertex -2.1111668854744883 3.1595845267496716 2
    endloop
  endfacet
  facet normal 0 0 -1
    outer loop
      vertex -1.9 -3.2908965343808667 2
      vertex -2.1111668854744883 3.1595845267496716 2
      vertex -1.9 3.2908965343808667 2
    endloop
  endfacet
  facet normal 0 0 -1
    outer loop
      vertex -1.680697022832205 -3.4081164178242154 2
      vertex -1.9 3.2908965343808667 2
      vertex -1.680697022832205 3.4081164178242154 2
    endloop
  endfacet
  facet normal 0.8492021815265786 -0.5280678506503687 0
    outer loop
      vertex -3.1595845267496716 2.1111668854744883 2
      vertex -3.2908965343808667 1.9 0
      vertex -3.1595845267496716 2.1111668854744883 0
    endloop
  endfacet
  facet normal 0.8128466845916154 -0.5824776968678019 0
    outer loop
      vertex -3.0147426931066934 2.3132934302331383 2
      vertex -3.1595845267496716 2.1111668854744883 0
      vertex -3.0147426931066934 2.3132934302331383 0
    endloop
  endfacet
  facet normal 0.7730104533627378 -0.6343932841636445 0
    outer loop
      vertex -2.8569912684201144 2.5055140973802614 2
      vertex -3.0147426931066934 2.3132934302331383 0
      vertex -2.8569912684201144 2.5055140973802614 0
    endloop
  endfacet
  facet normal 0.8128466845916154 -0.5824776968678019 0
    outer loop
      vertex -3.1595845267496716 2.1111668854744883 2
      vertex -3.1595845267496716 2.1111668854744883 0
      vertex -3.0147426931066934 2.3132934302331383 2
    endloop
  endfacet
  facet normal 0.7730104533627378 -0.6343932841636445 0
    outer loop
      vertex -3.0147426931066934 2.3132934302331383 2
      vertex -3.0147426931066934 2.3132934302331383 0
      vertex -2.8569912684201144 2.5055140973802614 2
    endloop
  endfacet
  facet normal 0.7298640726978356 -0.6835923020228712 0
    outer loop
      vertex -2.6870057685088806 2.6870057685088806 2
      vertex -2.8569912684201144 2.5055140973802614 0
      vertex -2.6870057685088806 2.6870057685088806 0
    endloop
  endfacet
  facet normal 0.6835923020228712 -0.7298640726978356 0
    outer loop
      vertex -2.5055140973802614 2.8569912684201144 2
      vertex -2.6870057685088806 2.6870057685088806 0
      vertex -2.5055140973802614 2.8569912684201144 0
    endloop
  endfacet
  facet normal 0.7298640726978356 -0.6835923020228712 0
    outer loop
      vertex -2.8569912684201144 2.5055140973802614 2
      vertex -2.8569912684201144 2.5055140973802614 0
      vertex -2.6870057685088806 2.6870057685088806 2
    endloop
  endfacet
  facet normal 0.6835923020228712 -0.7298640726978356 0
    outer loop
      vertex -2.6870057685088806 2.6870057685088806 2
      vertex -2.6870057685088806 2.6870057685088806 0
      vertex -2.5055140973802614 2.8569912684201144 2
    endloop
  endfacet
  facet normal 0.6343932841636445 -0.7730104533627378 0
    outer loop
      vertex -2.5055140973802614 2.8569912684201144 2
      vertex -2.5055140973802614 2.8569912684201144 0
      vertex -2.3132934302331383 3.0147426931066934 2
    endloop
  endfacet
  facet normal 0.6343932841636445 -0.7730104533627378 0
    outer loop
      vertex -2.3132934302331383 3.0147426931066934 2
      vertex -2.5055140973802614 2.8569912684201144 0
      vertex -2.3132934302331383 3.0147426931066934 0
    endloop
  endfacet
  facet normal 0.5824776968678019 -0.8128466845916154 0
    outer loop
      vertex -2.1111668854744883 3.1595845267496716 2
      vertex -2.3132934302331383 3.0147426931066934 0
      vertex -2.1111668854744883 3.1595845267496716 0
    endloop
  endfacet
  facet normal 0.5824776968678019 -0.8128466845916154 0
    outer loop
      vertex -2.3132934302331383 3.0147426931066934 2
      vertex -2.3132934302331383 3.0147426931066934 0
      vertex -2.1111668854744883 3.1595845267496716 2
    endloop
  endfacet
  facet normal 0.5280678506503687 -0.8492021815265786 0
    outer loop
      vertex -2.1111668854744883 3.1595845267496716 2
      vertex -2.1111668854744883 3.1595845267496716 0
      vertex -1.9 3.2908965343808667 2
    endloop
  endfacet
  facet normal 0.5280678506503687 -0.8492021815265786 0
    outer loop
      vertex -1.9 3.2908965343808667 2
      vertex -2.1111668854744883 3.1595845267496716 0
      vertex -1.9 3.2908965343808667 0
    endloop
  endfacet
  facet normal 0.47139673682599836 -0.8819212643483547 -8.919507017100575e-17
    outer loop
      vertex -1.680697022832205 3.4081164178242154 2
      vertex -1.9 3.2908965343808667 0
      vertex -1.6812495897703659 3.4078210646424103 0
    endloop
  endfacet
  facet normal 0.4713967368257473 -0.8819212643484888 0
    outer loop
      vertex -1.680697022832205 3.4081164178242154 2
      vertex -1.6812495897703659 3.4078210646424103 0
      vertex -1.680697022832205 3.4081164178242154 0
    endloop
  endfacet
  facet normal 0.47139673682599775 -0.881921264348355 0
    outer loop
      vertex -1.9 3.2908965343808667 2
      vertex -1.9 3.2908965343808667 0
      vertex -1.680697022832205 3.4081164178242154 2
    endloop
  endfacet
  facet normal 0 0 -1
    outer loop
      vertex -1.4541970429873412 -3.5107422235428896 2
      vertex -1.680697022832205 3.4081164178242154 2
      vertex -1.4541970429873412 3.5107422235428896 2
    endloop
  endfacet
  facet normal 0 0 -1
    outer loop
      vertex -1.2972166002101846 -0.08502406799918598 2
      vertex -1.4541970429873412 3.5107422235428896 2
      vertex -1.3 0 2
    endloop
  endfacet
  facet normal 0 0 -1
    outer loop
      vertex -1.3 0 2
      vertex -1.4541970429873412 3.5107422235428896 2
      vertex -1.2972166002101846 0.08502406799918598 2
    endloop
  endfacet
  facet normal 0 0 -1
    outer loop
      vertex -1.2972166002101846 0.08502406799918598 2
      vertex -1.4541970429873412 3.5107422235428896 2
      vertex -1.2888783197859535 0.16968404988606706 2
    endloop
  endfacet
  facet normal 0 0 -1
    outer loop
      vertex -1.2888783197859535 0.16968404988606706 2
      vertex -1.4541970429873412 3.5107422235428896 2
      vertex -1.2750208645241996 0.2536174186209667 2
    endloop
  endfacet
  facet normal 0 0 -1
    outer loop
      vertex -1.2750208645241996 0.2536174186209667 2
      vertex -1.4541970429873412 3.5107422235428896 2
      vertex -1.255703574175789 0.33646475863327696 2
    endloop
  endfacet
  facet normal 0 0 -1
    outer loop
      vertex -1.255703574175789 0.33646475863327696 2
      vertex -1.4541970429873412 3.5107422235428896 2
      vertex -1.2310091683436375 0.41787130489411006 2
    endloop
  endfacet
  facet normal 0 0 -1
    outer loop
      vertex -1.2310091683436375 0.41787130489411006 2
      vertex -1.4541970429873412 3.5107422235428896 2
      vertex -1.2010433922646728 0.4974884620746167 2
    endloop
  endfacet
  facet normal 0 0 -1
    outer loop
      vertex -1.2010433922646728 0.4974884620746167 2
      vertex -1.221469968152014 3.5983344920814013 2
      vertex -1.1659345639924947 0.5749752972847018 2
    endloop
  endfacet
  facet normal 0 0 -1
    outer loop
      vertex -1.1659345639924947 0.5749752972847018 2
      vertex -1.221469968152014 3.5983344920814013 2
      vertex -1.12583302491977 0.65 2
    endloop
  endfacet
  facet normal 0 0 -1
    outer loop
      vertex -1.12583302491977 0.65 2
      vertex -1.221469968152014 3.5983344920814013 2
      vertex -1.080910495993309 0.7222413029254828 2
    endloop
  endfacet
  facet normal 0 0 -1
    outer loop
      vertex -1.080910495993309 0.7222413029254828 2
      vertex -1.221469968152014 3.5983344920814013 2
      vertex -1.0313593423786058 0.7913898577113369 2
    endloop
  endfacet
  facet normal 0 0 -1
    outer loop
      vertex -1.0313593423786058 0.7913898577113369 2
      vertex -1.221469968152014 3.5983344920814013 2
      vertex -0.9773917497226707 0.8571495596300895 2
    endloop
  endfacet
  facet normal 0 0 -1
    outer loop
      vertex -0.9773917497226707 0.8571495596300895 2
      vertex -0.9835123713895788 3.6705181398984594 2
      vertex -0.9192388155425119 0.9192388155425119 2
    endloop
  endfacet
  facet normal 0 0 -1
    outer loop
      vertex -0.9192388155425119 0.9192388155425119 2
      vertex -0.9835123713895788 3.6705181398984594 2
      vertex -0.8571495596300895 0.9773917497226707 2
    endloop
  endfacet
  facet normal 0 0 -1
    outer loop
      vertex -0.8571495596300895 0.9773917497226707 2
      vertex -0.9835123713895788 3.6705181398984594 2
      vertex -0.7913898577113369 1.0313593423786058 2
    endloop
  endfacet
  facet normal 0 0 -1
    outer loop
      vertex -0.7913898577113369 1.0313593423786058 2
      vertex -0.9835123713895788 3.6705181398984594 2
      vertex -0.7222413029254828 1.080910495993309 2
    endloop
  endfacet
  facet normal 0 0 -1
    outer loop
      vertex -0.7222413029254828 1.080910495993309 2
      vertex -0.7413432236612874 3.7269840655322755 2
      vertex -0.65 1.12583302491977 2
    endloop
  endfacet
  facet normal 0 0 -1
    outer loop
      vertex -1.2010433922646728 0.4974884620746167 2
      vertex -1.4541970429873412 3.5107422235428896 2
      vertex -1.221469968152014 3.5983344920814013 2
    endloop
  endfacet
  facet normal 0 0 -1
    outer loop
      vertex -0.9773917497226707 0.8571495596300895 2
      vertex -1.221469968152014 3.5983344920814013 2
      vertex -0.9835123713895788 3.6705181398984594 2
    endloop
  endfacet
  facet normal 0 0 -1
    outer loop
      vertex -0.7222413029254828 1.080910495993309 2
      vertex -0.9835123713895788 3.6705181398984594 2
      vertex -0.7413432236612874 3.7269840655322755 2
    endloop
  endfacet
  facet normal 0.4127070298043957 -0.9108638249211755 -9.013388880447205e-17
    outer loop
      vertex -1.4541970429873412 3.5107422235428896 2
      vertex -1.680697022832205 3.4081164178242154 0
      vertex -1.5239729638401058 3.4791271651125 0
    endloop
  endfacet
  facet normal 0.41270702980439505 -0.9108638249211757 0
    outer loop
      vertex -1.680697022832205 3.4081164178242154 2
      vertex -1.680697022832205 3.4081164178242154 0
      vertex -1.4541970429873412 3.5107422235428896 2
    endloop
  endfacet
  facet normal 0.4127070298043936 -0.9108638249211763 0
    outer loop
      vertex -1.4541970429873412 3.5107422235428896 2
      vertex -1.5239729638401058 3.4791271651125 0
      vertex -1.4541970429873412 3.5107422235428896 0
    endloop
  endfacet
  facet normal 0.3522500479212331 -0.9359059267573258 0
    outer loop
      vertex -1.221469968152014 3.5983344920814013 2
      vertex -1.4541970429873412 3.5107422235428896 0
      vertex -1.221469968152014 3.5983344920814013 0
    endloop
  endfacet
  facet normal 0.3522500479212331 -0.9359059267573258 0
    outer loop
      vertex -1.4541970429873412 3.5107422235428896 2
      vertex -1.4541970429873412 3.5107422235428896 0
      vertex -1.221469968152014 3.5983344920814013 2
    endloop
  endfacet
  facet normal 0.2902846772544628 -0.9569403357322088 0
    outer loop
      vertex -0.9835123713895788 3.6705181398984594 2
      vertex -1.221469968152014 3.5983344920814013 0
      vertex -0.9835123713895788 3.6705181398984594 0
    endloop
  endfacet
  facet normal 0.22707626303437253 -0.9738769792773339 0
    outer loop
      vertex -0.7413432236612874 3.7269840655322755 2
      vertex -0.9835123713895788 3.6705181398984594 0
      vertex -0.7413432236612874 3.7269840655322755 0
    endloop
  endfacet
  facet normal 0.2902846772544628 -0.9569403357322088 0
    outer loop
      vertex -1.221469968152014 3.5983344920814013 2
      vertex -1.221469968152014 3.5983344920814013 0
      vertex -0.9835123713895788 3.6705181398984594 2
    endloop
  endfacet
  facet normal 0.22707626303437253 -0.9738769792773339 0
    outer loop
      vertex -0.9835123713895788 3.6705181398984594 2
      vertex -0.9835123713895788 3.6705181398984594 0
      vertex -0.7413432236612874 3.7269840655322755 2
    endloop
  endfacet
  facet normal 0 0 -1
    outer loop
      vertex -0.65 1.12583302491977 2
      vertex -0.7413432236612874 3.7269840655322755 2
      vertex -0.5749752972847018 1.1659345639924947 2
    endloop
  endfacet
  facet normal 0 0 -1
    outer loop
      vertex -0.5749752972847018 1.1659345639924947 2
      vertex -0.7413432236612874 3.7269840655322755 2
      vertex -0.4974884620746167 1.2010433922646728 2
    endloop
  endfacet
  facet normal 0 0 -1
    outer loop
      vertex -0.4974884620746167 1.2010433922646728 2
      vertex -0.7413432236612874 3.7269840655322755 2
      vertex -0.41787130489411006 1.2310091683436375 2
    endloop
  endfacet
  facet normal 0 0 -1
    outer loop
      vertex -0.41787130489411006 1.2310091683436375 2
      vertex -0.49599953043619593 3.7674904732204793 2
      vertex -0.33646475863327696 1.255703574175789 2
    endloop
  endfacet
  facet normal 0 0 -1
    outer loop
      vertex -0.41787130489411006 1.2310091683436375 2
      vertex -0.7413432236612874 3.7269840655322755 2
      vertex -0.49599953043619593 3.7674904732204793 2
    endloop
  endfacet
  facet normal 0 0 -1
    outer loop
      vertex -0.33646475863327696 1.255703574175789 2
      vertex -0.49599953043619593 3.7674904732204793 2
      vertex -0.2536174186209667 1.2750208645241996 2
    endloop
  endfacet
  facet normal 0 0 -1
    outer loop
      vertex -0.2536174186209667 1.2750208645241996 2
      vertex -0.49599953043619593 3.7674904732204793 2
      vertex -0.16968404988606706 1.2888783197859535 2
    endloop
  endfacet
  facet normal 0 0 -1
    outer loop
      vertex -0.16968404988606706 1.2888783197859535 2
      vertex -0.24853189107454363 3.791863908306693 2
      vertex -0.08502406799918598 1.2972166002101846 2
    endloop
  endfacet
  facet normal 0 0 -1
    outer loop
      vertex -0.08502406799918598 1.2972166002101846 2
      vertex -0.24853189107454363 3.791863908306693 2
      vertex 0 1.3 2
    endloop
  endfacet
  facet normal 0 0 -1
    outer loop
      vertex -0.16968404988606706 1.2888783197859535 2
      vertex -0.49599953043619593 3.7674904732204793 2
      vertex -0.24853189107454363 3.791863908306693 2
    endloop
  endfacet
  facet normal 0 0 -1
    outer loop
      vertex 0 1.3 2
      vertex -0.24853189107454363 3.791863908306693 2
      vertex 0 3.2 2
    endloop
  endfacet
  facet normal 0.16289547339458849 -0.9866433320848791 0
    outer loop
      vertex -0.49599953043619593 3.7674904732204793 2
      vertex -0.7413432236612874 3.7269840655322755 0
      vertex -0.49599953043619593 3.7674904732204793 0
    endloop
  endfacet
  facet normal 0.16289547339458849 -0.9866433320848791 0
    outer loop
      vertex -0.7413432236612874 3.7269840655322755 2
      vertex -0.7413432236612874 3.7269840655322755 0
      vertex -0.49599953043619593 3.7674904732204793 2
    endloop
  endfacet
  facet normal 0.09801714032956127 -0.9951847266721968 0
    outer loop
      vertex -0.49599953043619593 3.7674904732204793 2
      vertex -0.49599953043619593 3.7674904732204793 0
      vertex -0.24853189107454363 3.791863908306693 2
    endloop
  endfacet
  facet normal 0.09801714032956127 -0.9951847266721968 0
    outer loop
      vertex -0.24853189107454363 3.791863908306693 2
      vertex -0.49599953043619593 3.7674904732204793 0
      vertex -0.24853189107454363 3.791863908306693 0
    endloop
  endfacet
  facet normal 0.03271908282177603 -0.9994645874763657 0
    outer loop
      vertex 0 3.8 2
      vertex -0.24853189107454363 3.791863908306693 0
      vertex 0 3.8 0
    endloop
  endfacet
  facet normal 0 0 -1
    outer loop
      vertex 0 3.2 2
      vertex -0.24853189107454363 3.791863908306693 2
      vertex 0 3.8 2
    endloop
  endfacet
  facet normal 0.03271908282177603 -0.9994645874763657 0
    outer loop
      vertex -0.24853189107454363 3.791863908306693 2
      vertex -0.24853189107454363 3.791863908306693 0
      vertex 0 3.8 2
    endloop
  endfacet
  facet normal -0.03271908282177603 0.9994645874763657 0
    outer loop
      vertex 0 -3.8 2
      vertex 0.24853189107454363 -3.791863908306693 0
      vertex 0 -3.8 0
    endloop
  endfacet
  facet normal -0.09801714032956127 0.9951847266721968 0
    outer loop
      vertex 0.24853189107454363 -3.791863908306693 2
      vertex 0.49599953043619593 -3.7674904732204793 0
      vertex 0.24853189107454363 -3.791863908306693 0
    endloop
  endfacet
  facet normal -0.03271908282177603 0.9994645874763657 2.314768548952198e-19
    outer loop
      vertex 0 -3.8 2
      vertex 0.24853189107454363 -3.791863908306693 2
      vertex 0.24853189107454363 -3.791863908306693 0
    endloop
  endfacet
  facet normal 0 0 -1
    outer loop
      vertex 0 -3.8 2
      vertex 0 -3.2 2
      vertex 0.24853189107454363 -3.791863908306693 2
    endloop
  endfacet
  facet normal 0 0 -1
    outer loop
      vertex 0 -3.2 2
      vertex 0.49599953043619593 -3.7674904732204793 2
      vertex 0.24853189107454363 -3.791863908306693 2
    endloop
  endfacet
  facet normal -0.1628954733945885 0.9866433320848791 0
    outer loop
      vertex 0.49599953043619593 -3.7674904732204793 2
      vertex 0.7194344215315737 -3.730601223403182 0
      vertex 0.49599953043619593 -3.7674904732204793 0
    endloop
  endfacet
  facet normal -0.16289547339458793 0.9866433320848791 0
    outer loop
      vertex 0.7413432236612874 -3.7269840655322755 2
      vertex 0.7413432236612874 -3.7269840655322755 0
      vertex 0.7194344215315737 -3.730601223403182 0
    endloop
  endfacet
  facet normal -0.22707626303437217 0.9738769792773339 0
    outer loop
      vertex 0.7413432236612874 -3.7269840655322755 2
      vertex 0.8704649644337851 -3.6968770982304413 0
      vertex 0.7413432236612874 -3.7269840655322755 0
    endloop
  endfacet
  facet normal -0.09801714032956127 0.9951847266721968 -6.107172311081273e-19
    outer loop
      vertex 0.24853189107454363 -3.791863908306693 2
      vertex 0.49599953043619593 -3.7674904732204793 2
      vertex 0.49599953043619593 -3.7674904732204793 0
    endloop
  endfacet
  facet normal 0 0 -1
    outer loop
      vertex 0 -3.2 2
      vertex 0.7413432236612874 -3.7269840655322755 2
      vertex 0.49599953043619593 -3.7674904732204793 2
    endloop
  endfacet
  facet normal 0 0 -1
    outer loop
      vertex 0 -3.2 2
      vertex 0.9835123713895788 -3.6705181398984594 2
      vertex 0.7413432236612874 -3.7269840655322755 2
    endloop
  endfacet
  facet normal -0.16289547339458849 0.9866433320848791 6.800415341383854e-18
    outer loop
      vertex 0.49599953043619593 -3.7674904732204793 2
      vertex 0.7413432236612874 -3.7269840655322755 2
      vertex 0.7194344215315737 -3.730601223403182 0
    endloop
  endfacet
  facet normal 0 0 -1
    outer loop
      vertex 0 -3.2 2
      vertex 1.221469968152014 -3.5983344920814013 2
      vertex 0.9835123713895788 -3.6705181398984594 2
    endloop
  endfacet
  facet normal -0.2270762630343729 0.9738769792773337 0
    outer loop
      vertex 0.9835123713895788 -3.6705181398984594 2
      vertex 0.9835123713895788 -3.6705181398984594 0
      vertex 0.8704649644337851 -3.6968770982304413 0
    endloop
  endfacet
  facet normal -0.2902846772544628 0.9569403357322088 0
    outer loop
      vertex 0.9835123713895788 -3.6705181398984594 2
      vertex 1.221469968152014 -3.5983344920814013 0
      vertex 0.9835123713895788 -3.6705181398984594 0
    endloop
  endfacet
  facet normal -0.22707626303437253 0.9738769792773339 -2.3569731560329948e-17
    outer loop
      vertex 0.7413432236612874 -3.7269840655322755 2
      vertex 0.9835123713895788 -3.6705181398984594 2
      vertex 0.8704649644337851 -3.6968770982304413 0
    endloop
  endfacet
  facet normal -0.2902846772544628 0.9569403357322088 8.134155432573292e-19
    outer loop
      vertex 0.9835123713895788 -3.6705181398984594 2
      vertex 1.221469968152014 -3.5983344920814013 2
      vertex 1.221469968152014 -3.5983344920814013 0
    endloop
  endfacet
  facet normal 0 0 -1
    outer loop
      vertex 0 -3.2 2
      vertex 1.4541970429873412 -3.5107422235428896 2
      vertex 1.221469968152014 -3.5983344920814013 2
    endloop
  endfacet
  facet normal 0 0 -1
    outer loop
      vertex 0 -3.2 2
      vertex 1.4406309633575105 -3.2 2
      vertex 1.4541970429873412 -3.5107422235428896 2
    endloop
  endfacet
  facet normal -0.3522500479212331 0.9359059267573258 0
    outer loop
      vertex 1.221469968152014 -3.5983344920814013 2
      vertex 1.4541970429873412 -3.5107422235428896 0
      vertex 1.221469968152014 -3.5983344920814013 0
    endloop
  endfacet
  facet normal -0.4127070298043936 0.9108638249211763 0
    outer loop
      vertex 1.4541970429873412 -3.5107422235428896 2
      vertex 1.5239729638401058 -3.4791271651125 0
      vertex 1.4541970429873412 -3.5107422235428896 0
    endloop
  endfacet
  facet normal -0.3522500479212331 0.9359059267573258 -1.879082836050131e-18
    outer loop
      vertex 1.221469968152014 -3.5983344920814013 2
      vertex 1.4541970429873412 -3.5107422235428896 2
      vertex 1.4541970429873412 -3.5107422235428896 0
    endloop
  endfacet
  facet normal -0.4127070298043957 0.9108638249211755 -9.013388880447205e-17
    outer loop
      vertex 1.4541970429873412 -3.5107422235428896 2
      vertex 1.680697022832205 -3.4081164178242154 0
      vertex 1.5239729638401058 -3.4791271651125 0
    endloop
  endfacet
  facet normal -0.41270702980439505 0.9108638249211757 2.5791397651314267e-19
    outer loop
      vertex 1.4541970429873412 -3.5107422235428896 2
      vertex 1.680697022832205 -3.4081164178242154 2
      vertex 1.680697022832205 -3.4081164178242154 0
    endloop
  endfacet
  facet normal 0 0 -1
    outer loop
      vertex 1.4541970429873412 -3.5107422235428896 2
      vertex 1.4406309633575105 -3.2 2
      vertex 1.2395601712521251 2.7592674946659113 2
    endloop
  endfacet
  facet normal 0 0 -1
    outer loop
      vertex 1.4541970429873412 -3.5107422235428896 2
      vertex 1.4541970429873412 3.5107422235428896 2
      vertex 1.680697022832205 -3.4081164178242154 2
    endloop
  endfacet
  facet normal -0.4713967368257473 0.8819212643484888 0
    outer loop
      vertex 1.680697022832205 -3.4081164178242154 2
      vertex 1.6812495897703659 -3.4078210646424103 0
      vertex 1.680697022832205 -3.4081164178242154 0
    endloop
  endfacet
  facet normal -0.47139673682599836 0.8819212643483547 -8.919507017100575e-17
    outer loop
      vertex 1.680697022832205 -3.4081164178242154 2
      vertex 1.9 -3.2908965343808667 0
      vertex 1.6812495897703659 -3.4078210646424103 0
    endloop
  endfacet
  facet normal -0.5280678506503691 0.8492021815265781 0
    outer loop
      vertex 1.9 -3.2908965343808667 2
      vertex 2.046173517653784 -3.2 0
      vertex 1.9 -3.2908965343808667 0
    endloop
  endfacet
  facet normal -0.47139673682599775 0.881921264348355 3.10582725537451e-18
    outer loop
      vertex 1.680697022832205 -3.4081164178242154 2
      vertex 1.9 -3.2908965343808667 2
      vertex 1.9 -3.2908965343808667 0
    endloop
  endfacet
  facet normal -0.5280678506503691 0.8492021815265781 2.8950694088867105e-19
    outer loop
      vertex 1.9 -3.2908965343808667 2
      vertex 2.046173517653784 -3.2 2
      vertex 2.046173517653784 -3.2 0
    endloop
  endfacet
  facet normal 0 0 -1
    outer loop
      vertex 1.680697022832205 -3.4081164178242154 2
      vertex 1.680697022832205 3.4081164178242154 2
      vertex 1.9 -3.2908965343808667 2
    endloop
  endfacet
  facet normal 0 0 -1
    outer loop
      vertex 1.9 -3.2908965343808667 2
      vertex 1.9253865347026964 2.515418120994597 2
      vertex 2.046173517653784 -3.2 2
    endloop
  endfacet
  facet normal 0 0 -1
    outer loop
      vertex 1.4541970429873412 -3.5107422235428896 2
      vertex 1.2395601712521251 2.7592674946659113 2
      vertex 1.221469968152014 3.5983344920814013 2
    endloop
  endfacet
  facet normal 0 0 -1
    outer loop
      vertex 1.4541970429873412 -3.5107422235428896 2
      vertex 1.221469968152014 3.5983344920814013 2
      vertex 1.4541970429873412 3.5107422235428896 2
    endloop
  endfacet
  facet normal 0 0 -1
    outer loop
      vertex 1.680697022832205 -3.4081164178242154 2
      vertex 1.4541970429873412 3.5107422235428896 2
      vertex 1.680697022832205 3.4081164178242154 2
    endloop
  endfacet
  facet normal -0.03271908282177603 -0.9994645874763657 0
    outer loop
      vertex 0.24853189107454363 3.791863908306693 2
      vertex 0 3.8 0
      vertex 0.24853189107454363 3.791863908306693 0
    endloop
  endfacet
  facet normal -0.03271908282177603 -0.9994645874763657 0
    outer loop
      vertex 0 3.8 2
      vertex 0 3.8 0
      vertex 0.24853189107454363 3.791863908306693 2
    endloop
  endfacet
  facet normal -0.09801714032956127 -0.9951847266721968 0
    outer loop
      vertex 0.24853189107454363 3.791863908306693 2
      vertex 0.24853189107454363 3.791863908306693 0
      vertex 0.49599953043619593 3.7674904732204793 2
    endloop
  endfacet
  facet normal 0 0 -1
    outer loop
      vertex 1.2395601712521251 2.7592674946659113 2
      vertex 0 3.2 2
      vertex 0 3.8 2
    endloop
  endfacet
  facet normal 0 0 -1
    outer loop
      vertex 1.2395601712521251 2.7592674946659113 2
      vertex 0 3.8 2
      vertex 0.24853189107454363 3.791863908306693 2
    endloop
  endfacet
  facet normal 0 0 -1
    outer loop
      vertex 1.2395601712521251 2.7592674946659113 2
      vertex 0.24853189107454363 3.791863908306693 2
      vertex 0.49599953043619593 3.7674904732204793 2
    endloop
  endfacet
  facet normal -0.09801714032956127 -0.9951847266721968 0
    outer loop
      vertex 0.49599953043619593 3.7674904732204793 2
      vertex 0.24853189107454363 3.791863908306693 0
      vertex 0.49599953043619593 3.7674904732204793 0
    endloop
  endfacet
  facet normal -0.16289547339458849 -0.9866433320848791 0
    outer loop
      vertex 0.7413432236612874 3.7269840655322755 2
      vertex 0.49599953043619593 3.7674904732204793 0
      vertex 0.7413432236612874 3.7269840655322755 0
    endloop
  endfacet
  facet normal -0.16289547339458849 -0.9866433320848791 5.88295544822156e-19
    outer loop
      vertex 0.7413432236612874 3.7269840655322755 2
      vertex 0.49599953043619593 3.7674904732204793 2
      vertex 0.49599953043619593 3.7674904732204793 0
    endloop
  endfacet
  facet normal 0 0 -1
    outer loop
      vertex 1.2395601712521251 2.7592674946659113 2
      vertex 0.49599953043619593 3.7674904732204793 2
      vertex 0.7413432236612874 3.7269840655322755 2
    endloop
  endfacet
  facet normal 0 0 -1
    outer loop
      vertex 1.2395601712521251 2.7592674946659113 2
      vertex 0.7413432236612874 3.7269840655322755 2
      vertex 0.9835123713895788 3.6705181398984594 2
    endloop
  endfacet
  facet normal 0 0 -1
    outer loop
      vertex 1.2395601712521251 2.7592674946659113 2
      vertex 0.9835123713895788 3.6705181398984594 2
      vertex 1.221469968152014 3.5983344920814013 2
    endloop
  endfacet
  facet normal -0.22707626303437253 -0.9738769792773339 0
    outer loop
      vertex 0.9835123713895788 3.6705181398984594 2
      vertex 0.7413432236612874 3.7269840655322755 0
      vertex 0.9835123713895788 3.6705181398984594 0
    endloop
  endfacet
  facet normal -0.2902846772544628 -0.9569403357322088 0
    outer loop
      vertex 1.221469968152014 3.5983344920814013 2
      vertex 0.9835123713895788 3.6705181398984594 0
      vertex 1.221469968152014 3.5983344920814013 0
    endloop
  endfacet
  facet normal -0.22707626303437253 -0.9738769792773339 0
    outer loop
      vertex 0.7413432236612874 3.7269840655322755 2
      vertex 0.7413432236612874 3.7269840655322755 0
      vertex 0.9835123713895788 3.6705181398984594 2
    endloop
  endfacet
  facet normal -0.2902846772544628 -0.9569403357322088 0
    outer loop
      vertex 0.9835123713895788 3.6705181398984594 2
      vertex 0.9835123713895788 3.6705181398984594 0
      vertex 1.221469968152014 3.5983344920814013 2
    endloop
  endfacet
  facet normal -0.41270702980439505 -0.9108638249211757 0
    outer loop
      vertex 1.680697022832205 3.4081164178242154 2
      vertex 1.4541970429873412 3.5107422235428896 0
      vertex 1.680697022832205 3.4081164178242154 0
    endloop
  endfacet
  facet normal -0.41270702980439505 -0.9108638249211757 0
    outer loop
      vertex 1.4541970429873412 3.5107422235428896 2
      vertex 1.4541970429873412 3.5107422235428896 0
      vertex 1.680697022832205 3.4081164178242154 2
    endloop
  endfacet
  facet normal -0.3522500479212331 -0.9359059267573258 0
    outer loop
      vertex 1.4541970429873412 3.5107422235428896 2
      vertex 1.221469968152014 3.5983344920814013 0
      vertex 1.4541970429873412 3.5107422235428896 0
    endloop
  endfacet
  facet normal -0.3522500479212331 -0.9359059267573258 0
    outer loop
      vertex 1.221469968152014 3.5983344920814013 2
      vertex 1.221469968152014 3.5983344920814013 0
      vertex 1.4541970429873412 3.5107422235428896 2
    endloop
  endfacet
  facet normal 0 0 -1
    outer loop
      vertex 1.9 -3.2908965343808667 2
      vertex 1.9 3.2908965343808667 2
      vertex 1.9253865347026964 2.515418120994597 2
    endloop
  endfacet
  facet normal 0 0 -1
    outer loop
      vertex 1.9 -3.2908965343808667 2
      vertex 1.680697022832205 3.4081164178242154 2
      vertex 1.9 3.2908965343808667 2
    endloop
  endfacet
  facet normal 0 0 -1
    outer loop
      vertex 2.1111668854744883 2.4493628851646267 2
      vertex 1.9253865347026964 2.515418120994597 2
      vertex 2.046173517653784 3.2 2
    endloop
  endfacet
  facet normal -0.47139673682599775 -0.881921264348355 0
    outer loop
      vertex 1.9 3.2908965343808667 2
      vertex 1.680697022832205 3.4081164178242154 0
      vertex 1.9 3.2908965343808667 0
    endloop
  endfacet
  facet normal -0.5280678506503685 -0.8492021815265784 0
    outer loop
      vertex 2.046173517653784 3.2 2
      vertex 1.9005320668276122 3.2905656739660305 0
      vertex 2.046173517653784 3.2 0
    endloop
  endfacet
  facet normal -0.5280678506505111 -0.84920218152649 0
    outer loop
      vertex 1.9 3.2908965343808667 2
      vertex 1.9 3.2908965343808667 0
      vertex 1.9005320668276122 3.2905656739660305 0
    endloop
  endfacet
  facet normal -0.47139673682599775 -0.881921264348355 0
    outer loop
      vertex 1.680697022832205 3.4081164178242154 2
      vertex 1.680697022832205 3.4081164178242154 0
      vertex 1.9 3.2908965343808667 2
    endloop
  endfacet
  facet normal 0 0 -1
    outer loop
      vertex 1.9253865347026964 2.515418120994597 2
      vertex 1.9 3.2908965343808667 2
      vertex 2.046173517653784 3.2 2
    endloop
  endfacet
  facet normal -0.5280678506503691 -0.8492021815265781 5.451627703002888e-17
    outer loop
      vertex 2.046173517653784 3.2 2
      vertex 1.9 3.2908965343808667 2
      vertex 1.9005320668276122 3.2905656739660305 0
    endloop
  endfacet
  facet normal 0 0 -1
    outer loop
      vertex 0 -3.2 2
      vertex 0.7913898577113369 -1.0313593423786058 2
      vertex 1.4406309633575105 -3.2 2
    endloop
  endfacet
  facet normal 0 0 -1
    outer loop
      vertex 0 -3.2 2
      vertex 0 -1.3 2
      vertex 0.08502406799918598 -1.2972166002101846 2
    endloop
  endfacet
  facet normal 0 0 -1
    outer loop
      vertex 0 -3.2 2
      vertex 0.08502406799918598 -1.2972166002101846 2
      vertex 0.16968404988606706 -1.2888783197859535 2
    endloop
  endfacet
  facet normal 0 0 -1
    outer loop
      vertex 0 -3.2 2
      vertex 0.16968404988606706 -1.2888783197859535 2
      vertex 0.2536174186209667 -1.2750208645241996 2
    endloop
  endfacet
  facet normal 0 0 -1
    outer loop
      vertex 0 -3.2 2
      vertex 0.2536174186209667 -1.2750208645241996 2
      vertex 0.33646475863327696 -1.255703574175789 2
    endloop
  endfacet
  facet normal 0 0 -1
    outer loop
      vertex 0 -3.2 2
      vertex 0.33646475863327696 -1.255703574175789 2
      vertex 0.41787130489411006 -1.2310091683436375 2
    endloop
  endfacet
  facet normal 0 0 -1
    outer loop
      vertex 0 -3.2 2
      vertex 0.41787130489411006 -1.2310091683436375 2
      vertex 0.4974884620746167 -1.2010433922646728 2
    endloop
  endfacet
  facet normal 0 0 -1
    outer loop
      vertex 0 -3.2 2
      vertex 0.4974884620746167 -1.2010433922646728 2
      vertex 0.5749752972847018 -1.1659345639924947 2
    endloop
  endfacet
  facet normal 0 0 -1
    outer loop
      vertex 0 -3.2 2
      vertex 0.5749752972847018 -1.1659345639924947 2
      vertex 0.65 -1.12583302491977 2
    endloop
  endfacet
  facet normal 0 0 -1
    outer loop
      vertex 0 -3.2 2
      vertex 0.65 -1.12583302491977 2
      vertex 0.7222413029254828 -1.080910495993309 2
    endloop
  endfacet
  facet normal 0 0 -1
    outer loop
      vertex 0 -3.2 2
      vertex 0.7222413029254828 -1.080910495993309 2
      vertex 0.7913898577113369 -1.0313593423786058 2
    endloop
  endfacet
  facet normal 0 0 -1
    outer loop
      vertex 1.4406309633575105 -3.2 2
      vertex 0.7913898577113369 -1.0313593423786058 2
      vertex 0.8571495596300895 -0.9773917497226707 2
    endloop
  endfacet
  facet normal 0 0 -1
    outer loop
      vertex 1.4406309633575105 -3.2 2
      vertex 0.8571495596300895 -0.9773917497226707 2
      vertex 0.9192388155425119 -0.9192388155425119 2
    endloop
  endfacet
  facet normal 0 0 -1
    outer loop
      vertex 1.4406309633575105 -3.2 2
      vertex 0.9192388155425119 -0.9192388155425119 2
      vertex 0.9773917497226707 -0.8571495596300895 2
    endloop
  endfacet
  facet normal 0 0 -1
    outer loop
      vertex 1.4406309633575105 -3.2 2
      vertex 0.9773917497226707 -0.8571495596300895 2
      vertex 1.0313593423786058 -0.7913898577113369 2
    endloop
  endfacet
  facet normal 0 0 -1
    outer loop
      vertex 1.4406309633575105 -3.2 2
      vertex 1.0313593423786058 -0.7913898577113369 2
      vertex 1.080910495993309 -0.7222413029254828 2
    endloop
  endfacet
  facet normal 0 0 -1
    outer loop
      vertex 1.4406309633575105 -3.2 2
      vertex 1.080910495993309 -0.7222413029254828 2
      vertex 1.12583302491977 -0.65 2
    endloop
  endfacet
  facet normal 0 0 -1
    outer loop
      vertex 1.4406309633575105 -3.2 2
      vertex 1.12583302491977 -0.65 2
      vertex 1.1659345639924947 -0.5749752972847018 2
    endloop
  endfacet
  facet normal 0 0 -1
    outer loop
      vertex 1.4406309633575105 -3.2 2
      vertex 1.1659345639924947 -0.5749752972847018 2
      vertex 1.2010433922646728 -0.4974884620746167 2
    endloop
  endfacet
  facet normal 0 0 -1
    outer loop
      vertex 1.4406309633575105 -3.2 2
      vertex 1.2010433922646728 -0.4974884620746167 2
      vertex 1.2310091683436375 -0.41787130489411006 2
    endloop
  endfacet
  facet normal 0 0 -1
    outer loop
      vertex 1.4406309633575105 -3.2 2
      vertex 1.2310091683436375 -0.41787130489411006 2
      vertex 1.255703574175789 -0.33646475863327696 2
    endloop
  endfacet
  facet normal 0 0 -1
    outer loop
      vertex 1.4406309633575105 -3.2 2
      vertex 1.255703574175789 -0.33646475863327696 2
      vertex 1.2750208645241996 -0.2536174186209667 2
    endloop
  endfacet
  facet normal 0 0 -1
    outer loop
      vertex 1.4406309633575105 -3.2 2
      vertex 1.2750208645241996 -0.2536174186209667 2
      vertex 1.2888783197859535 -0.16968404988606706 2
    endloop
  endfacet
  facet normal 0 0 -1
    outer loop
      vertex 1.4406309633575105 -3.2 2
      vertex 1.2888783197859535 -0.16968404988606706 2
      vertex 1.2972166002101846 -0.08502406799918598 2
    endloop
  endfacet
  facet normal 0 0 -1
    outer loop
      vertex 1.4406309633575105 -3.2 2
      vertex 1.2972166002101846 -0.08502406799918598 2
      vertex 1.3 0 2
    endloop
  endfacet
  facet normal 0 0 -1
    outer loop
      vertex 1.4406309633575105 -3.2 2
      vertex 1.3 0 2
      vertex 1.2972166002101846 0.08502406799918598 2
    endloop
  endfacet
  facet normal 0 0 -1
    outer loop
      vertex 1.4406309633575105 -3.2 2
      vertex 1.2972166002101846 0.08502406799918598 2
      vertex 1.2395601712521251 2.7592674946659113 2
    endloop
  endfacet
  facet normal 0 1 0
    outer loop
      vertex 2.046173517653784 -3.2 2
      vertex 2.847009496127728 -3.2 0
      vertex 2.046173517653784 -3.2 0
    endloop
  endfacet
  facet normal 0 1 0
    outer loop
      vertex 2.046173517653784 -3.2 2
      vertex 3.0900848548998083 -3.2 0
      vertex 2.847009496127728 -3.2 0
    endloop
  endfacet
  facet normal 0 1 0
    outer loop
      vertex 2.046173517653784 -3.2 2
      vertex 3.65274859353844 -3.2 0
      vertex 3.0900848548998083 -3.2 0
    endloop
  endfacet
  facet normal 0 1 0
    outer loop
      vertex 2.046173517653784 -3.2 2
      vertex 3.772069075126722 -3.2 0
      vertex 3.65274859353844 -3.2 0
    endloop
  endfacet
  facet normal 0 1 0
    outer loop
      vertex 2.046173517653784 -3.2 2
      vertex 10.518105590485213 -3.2 0
      vertex 3.772069075126722 -3.2 0
    endloop
  endfacet
  facet normal 0 0 -1
    outer loop
      vertex 2.046173517653784 -3.2 2
      vertex 2.1111668854744883 2.4493628851646267 2
      vertex 10.976448155624638 0.7194344215315737 2
    endloop
  endfacet
  facet normal 0 1 0
    outer loop
      vertex 2.046173517653784 -3.2 2
      vertex 10.518105590485213 -3.2 2
      vertex 10.518105590485213 -3.2 0
    endloop
  endfacet
  facet normal 0 0 -1
    outer loop
      vertex 2.046173517653784 -3.2 2
      vertex 10.62518408917975 -2.847009496127728 2
      vertex 10.518105590485213 -3.2 2
    endloop
  endfacet
  facet normal 0 0 -1
    outer loop
      vertex 2.046173517653784 -3.2 2
      vertex 10.788638084435535 -2.145993542177411 2
      vertex 10.62518408917975 -2.847009496127728 2
    endloop
  endfacet
  facet normal 0 0 -1
    outer loop
      vertex 2.046173517653784 -3.2 2
      vertex 10.905893475111915 -1.4357881144205673 2
      vertex 10.788638084435535 -2.145993542177411 2
    endloop
  endfacet
  facet normal 0 0 -1
    outer loop
      vertex 2.046173517653784 -3.2 2
      vertex 10.976448155624638 -0.7194344215315737 2
      vertex 10.905893475111915 -1.4357881144205673 2
    endloop
  endfacet
  facet normal 0 0 -1
    outer loop
      vertex 2.046173517653784 -3.2 2
      vertex 11 0 2
      vertex 10.976448155624638 -0.7194344215315737 2
    endloop
  endfacet
  facet normal 0 0 -1
    outer loop
      vertex 2.046173517653784 -3.2 2
      vertex 10.976448155624638 0.7194344215315737 2
      vertex 11 0 2
    endloop
  endfacet
  facet normal 0 0 -1
    outer loop
      vertex 0 1.3 2
      vertex 1.2395601712521251 2.7592674946659113 2
      vertex 0.08502406799918598 1.2972166002101846 2
    endloop
  endfacet
  facet normal 0 0 -1
    outer loop
      vertex 0.08502406799918598 1.2972166002101846 2
      vertex 1.2395601712521251 2.7592674946659113 2
      vertex 0.16968404988606706 1.2888783197859535 2
    endloop
  endfacet
  facet normal 0 0 -1
    outer loop
      vertex 0.16968404988606706 1.2888783197859535 2
      vertex 1.2395601712521251 2.7592674946659113 2
      vertex 0.2536174186209667 1.2750208645241996 2
    endloop
  endfacet
  facet normal 0 0 -1
    outer loop
      vertex 0.41787130489411006 1.2310091683436375 2
      vertex 0.33646475863327696 1.255703574175789 2
      vertex 1.2395601712521251 2.7592674946659113 2
    endloop
  endfacet
  facet normal 0 0 -1
    outer loop
      vertex 0.41787130489411006 1.2310091683436375 2
      vertex 1.2395601712521251 2.7592674946659113 2
      vertex 0.4974884620746167 1.2010433922646728 2
    endloop
  endfacet
  facet normal 0 0 -1
    outer loop
      vertex 0.5749752972847018 1.1659345639924947 2
      vertex 0.4974884620746167 1.2010433922646728 2
      vertex 1.2395601712521251 2.7592674946659113 2
    endloop
  endfacet
  facet normal 0 0 -1
    outer loop
      vertex 0.2536174186209667 1.2750208645241996 2
      vertex 1.2395601712521251 2.7592674946659113 2
      vertex 0.33646475863327696 1.255703574175789 2
    endloop
  endfacet
  facet normal 0 0 -1
    outer loop
      vertex 0.9773917497226707 0.8571495596300895 2
      vertex 1.2395601712521251 2.7592674946659113 2
      vertex 1.0313593423786058 0.7913898577113369 2
    endloop
  endfacet
  facet normal 0 0 -1
    outer loop
      vertex 1.2010433922646728 0.4974884620746167 2
      vertex 1.1659345639924947 0.5749752972847018 2
      vertex 1.2395601712521251 2.7592674946659113 2
    endloop
  endfacet
  facet normal 0 0 -1
    outer loop
      vertex 1.12583302491977 0.65 2
      vertex 1.2395601712521251 2.7592674946659113 2
      vertex 1.1659345639924947 0.5749752972847018 2
    endloop
  endfacet
  facet normal 0 0 -1
    outer loop
      vertex 1.080910495993309 0.7222413029254828 2
      vertex 1.0313593423786058 0.7913898577113369 2
      vertex 1.2395601712521251 2.7592674946659113 2
    endloop
  endfacet
  facet normal 0 0 -1
    outer loop
      vertex 1.12583302491977 0.65 2
      vertex 1.080910495993309 0.7222413029254828 2
      vertex 1.2395601712521251 2.7592674946659113 2
    endloop
  endfacet
  facet normal 0 0 -1
    outer loop
      vertex 0.5749752972847018 1.1659345639924947 2
      vertex 1.2395601712521251 2.7592674946659113 2
      vertex 0.65 1.12583302491977 2
    endloop
  endfacet
  facet normal 0 0 -1
    outer loop
      vertex 0.7222413029254828 1.080910495993309 2
      vertex 0.65 1.12583302491977 2
      vertex 1.2395601712521251 2.7592674946659113 2
    endloop
  endfacet
  facet normal 0 0 -1
    outer loop
      vertex 0.7913898577113369 1.0313593423786058 2
      vertex 0.7222413029254828 1.080910495993309 2
      vertex 1.2395601712521251 2.7592674946659113 2
    endloop
  endfacet
  facet normal 0 0 -1
    outer loop
      vertex 0.8571495596300895 0.9773917497226707 2
      vertex 0.7913898577113369 1.0313593423786058 2
      vertex 1.2395601712521251 2.7592674946659113 2
    endloop
  endfacet
  facet normal 0 0 -1
    outer loop
      vertex 0.9192388155425119 0.9192388155425119 2
      vertex 0.8571495596300895 0.9773917497226707 2
      vertex 1.2395601712521251 2.7592674946659113 2
    endloop
  endfacet
  facet normal 0 0 -1
    outer loop
      vertex 0.9773917497226707 0.8571495596300895 2
      vertex 0.9192388155425119 0.9192388155425119 2
      vertex 1.2395601712521251 2.7592674946659113 2
    endloop
  endfacet
  facet normal 0 0 -1
    outer loop
      vertex 1.2888783197859535 0.16968404988606706 2
      vertex 1.2750208645241996 0.2536174186209667 2
      vertex 1.2395601712521251 2.7592674946659113 2
    endloop
  endfacet
  facet normal 0 0 -1
    outer loop
      vertex 1.2750208645241996 0.2536174186209667 2
      vertex 1.255703574175789 0.33646475863327696 2
      vertex 1.2395601712521251 2.7592674946659113 2
    endloop
  endfacet
  facet normal 0 0 -1
    outer loop
      vertex 1.2972166002101846 0.08502406799918598 2
      vertex 1.2888783197859535 0.16968404988606706 2
      vertex 1.2395601712521251 2.7592674946659113 2
    endloop
  endfacet
  facet normal 0 0 -1
    outer loop
      vertex 1.255703574175789 0.33646475863327696 2
      vertex 1.2310091683436375 0.41787130489411006 2
      vertex 1.2395601712521251 2.7592674946659113 2
    endloop
  endfacet
  facet normal 0 0 -1
    outer loop
      vertex 1.2310091683436375 0.41787130489411006 2
      vertex 1.2010433922646728 0.4974884620746167 2
      vertex 1.2395601712521251 2.7592674946659113 2
    endloop
  endfacet
  facet normal 0 0 -1
    outer loop
      vertex 0 1.3 2
      vertex 0 3.2 2
      vertex 1.2395601712521251 2.7592674946659113 2
    endloop
  endfacet
  facet normal 0 0 -1
    outer loop
      vertex 2.046173517653784 -3.2 2
      vertex 1.9253865347026964 2.515418120994597 2
      vertex 2.1111668854744883 2.4493628851646267 2
    endloop
  endfacet
  facet normal 0 -1 0
    outer loop
      vertex 2.046173517653784 3.2 2
      vertex 2.046173517653784 3.2 0
      vertex 2.116990916346253 3.2 0
    endloop
  endfacet
  facet normal 0 -1 0
    outer loop
      vertex 2.046173517653784 3.2 2
      vertex 2.116990916346253 3.2 0
      vertex 3.9815833817697466 3.2 0
    endloop
  endfacet
  facet normal 0 -1 0
    outer loop
      vertex 2.046173517653784 3.2 2
      vertex 3.9815833817697466 3.2 0
      vertex 4.140875910753829 3.2 0
    endloop
  endfacet
  facet normal 0 -1 0
    outer loop
      vertex 2.046173517653784 3.2 2
      vertex 4.140875910753829 3.2 0
      vertex 4.646966436905253 3.2 0
    endloop
  endfacet
  facet normal 0 -1 0
    outer loop
      vertex 2.046173517653784 3.2 2
      vertex 4.646966436905253 3.2 0
      vertex 4.8195420927751735 3.2 0
    endloop
  endfacet
  facet normal 0 -1 0
    outer loop
      vertex 2.046173517653784 3.2 2
      vertex 4.8195420927751735 3.2 0
      vertex 5.292899054555799 3.2 0
    endloop
  endfacet
  facet normal 0 0 -1
    outer loop
      vertex 2.1111668854744883 2.4493628851646267 2
      vertex 2.046173517653784 3.2 2
      vertex 10.518105590485213 3.2 2
    endloop
  endfacet
  facet normal 0 -1 0
    outer loop
      vertex 2.046173517653784 3.2 2
      vertex 5.292899054555799 3.2 0
      vertex 10.518105590485213 3.2 2
    endloop
  endfacet
  facet normal 0 0 -1
    outer loop
      vertex 2.1111668854744883 2.4493628851646267 2
      vertex 10.905893475111915 1.4357881144205673 2
      vertex 10.976448155624638 0.7194344215315737 2
    endloop
  endfacet
  facet normal 0 -1 0
    outer loop
      vertex 5.292899054555799 3.2 0
      vertex 5.450659478738154 3.2 0
      vertex 10.518105590485213 3.2 2
    endloop
  endfacet
  facet normal 0 0 -1
    outer loop
      vertex 2.1111668854744883 2.4493628851646267 2
      vertex 10.62518408917975 2.847009496127728 2
      vertex 10.788638084435535 2.145993542177411 2
    endloop
  endfacet
  facet normal 0 0 -1
    outer loop
      vertex 2.1111668854744883 2.4493628851646267 2
      vertex 10.788638084435535 2.145993542177411 2
      vertex 10.905893475111915 1.4357881144205673 2
    endloop
  endfacet
  facet normal 0 0 -1
    outer loop
      vertex 2.1111668854744883 2.4493628851646267 2
      vertex 10.518105590485213 3.2 2
      vertex 10.62518408917975 2.847009496127728 2
    endloop
  endfacet
  facet normal 0 -1 0
    outer loop
      vertex 10.518105590485213 3.2 0
      vertex 10.518105590485213 3.2 2
      vertex 5.450659478738154 3.2 0
    endloop
  endfacet
endsolid OpenSCAD_Model
