solid OpenSCAD_Model
  facet normal -0.7730104533627377 -0.6343932841636448 2.7201980166961966e-18
    outer loop
      vertex -62.51010970753784 -54.81989491260572 0
      vertex -65.96166343564269 -50.61416452615363 25
      vertex -65.96166343564269 -50.61416452615363 0
    endloop
  endfacet
  facet normal -0.8128466845916158 -0.5824776968678015 0
    outer loop
      vertex -69.13075919429733 -46.19169651677264 0
      vertex -65.96166343564269 -50.61416452615363 0
      vertex -69.13075919429733 -46.19169651677264 25
    endloop
  endfacet
  facet normal -0.8492021815265792 -0.5280678506503674 2.468451473041476e-18
    outer loop
      vertex -69.13075919429733 -46.19169651677264 0
      vertex -72.00382642893474 -41.57142857142857 25
      vertex -72.00382642893474 -41.57142857142857 0
    endloop
  endfacet
  facet normal -0.6343932841636448 -0.7730104533627377 2.7201980166961966e-18
    outer loop
      vertex -54.81989491260572 -62.51010970753784 0
      vertex -50.61416452615363 -65.96166343564269 0
      vertex -50.61416452615363 -65.96166343564269 25
    endloop
  endfacet
  facet normal -0.5824776968678015 -0.8128466845916158 -5.8095801018578734e-18
    outer loop
      vertex -50.61416452615363 -65.96166343564269 0
      vertex -46.19169651677264 -69.13075919429733 0
      vertex -46.19169651677264 -69.13075919429733 25
    endloop
  endfacet
  facet normal -0.5280678506503674 -0.8492021815265792 2.468451473041476e-18
    outer loop
      vertex -46.19169651677264 -69.13075919429733 0
      vertex -41.57142857142857 -72.00382642893474 0
      vertex -41.57142857142857 -72.00382642893474 25
    endloop
  endfacet
  facet normal -0.7298640726978362 -0.6835923020228707 0
    outer loop
      vertex -62.51010970753784 -54.81989491260572 0
      vertex -58.79087809293867 -58.79087809293867 0
      vertex -62.51010970753784 -54.81989491260572 25
    endloop
  endfacet
  facet normal -0.6835923020228707 -0.7298640726978362 0
    outer loop
      vertex -54.81989491260572 -62.51010970753784 0
      vertex -54.81989491260572 -62.51010970753784 25
      vertex -58.79087809293867 -58.79087809293867 0
    endloop
  endfacet
  facet normal 0 0 -1
    outer loop
      vertex -74.56856222457493 -36.773145386779824 0
      vertex -76.81398398879556 -31.81739394806889 0
      vertex -74.56856222457493 36.773145386779824 0
    endloop
  endfacet
  facet normal 0 0 -1
    outer loop
      vertex -74.56856222457493 -36.773145386779824 0
      vertex -72.00382642893474 41.57142857142857 0
      vertex -72.00382642893474 -41.57142857142857 0
    endloop
  endfacet
  facet normal 0 0 -1
    outer loop
      vertex -80.30983298574824 -21.51895489280958 0
      vertex -81.54529045638287 -16.22036677334095 0
      vertex -80.30983298574824 21.51895489280958 0
    endloop
  endfacet
  facet normal 0 0 -1
    outer loop
      vertex -78.73047648087878 -26.725395543777147 0
      vertex -80.30983298574824 -21.51895489280958 0
      vertex -78.73047648087878 26.725395543777147 0
    endloop
  endfacet
  facet normal 0 0 -1
    outer loop
      vertex -81.54529045638287 -16.22036677334095 0
      vertex -82.43155847422251 -10.85232055315286 0
      vertex -81.54529045638287 16.22036677334095 0
    endloop
  endfacet
  facet normal 0 0 -1
    outer loop
      vertex -82.43155847422251 -10.85232055315286 0
      vertex -82.96484190355245 -5.437803030277609 0
      vertex -82.43155847422251 10.85232055315286 0
    endloop
  endfacet
  facet normal 0 0 -1
    outer loop
      vertex -76.81398398879556 -31.81739394806889 0
      vertex -78.73047648087878 -26.725395543777147 0
      vertex -76.81398398879556 31.81739394806889 0
    endloop
  endfacet
  facet normal 0 0 -1
    outer loop
      vertex -69.13075919429733 -46.19169651677264 0
      vertex -72.00382642893474 -41.57142857142857 0
      vertex -69.13075919429733 46.19169651677264 0
    endloop
  endfacet
  facet normal 0 0 -1
    outer loop
      vertex -62.51010970753784 -54.81989491260572 0
      vertex -65.96166343564269 -50.61416452615363 0
      vertex -62.51010970753784 54.81989491260572 0
    endloop
  endfacet
  facet normal 0 0 -1
    outer loop
      vertex -69.13075919429733 -46.19169651677264 0
      vertex -65.96166343564269 50.61416452615363 0
      vertex -65.96166343564269 -50.61416452615363 0
    endloop
  endfacet
  facet normal 0 0 -1
    outer loop
      vertex -54.81989491260572 -62.51010970753784 0
      vertex -50.61416452615363 65.96166343564269 0
      vertex -50.61416452615363 -65.96166343564269 0
    endloop
  endfacet
  facet normal 0 0 -1
    outer loop
      vertex -50.61416452615363 -65.96166343564269 0
      vertex -46.19169651677264 69.13075919429733 0
      vertex -46.19169651677264 -69.13075919429733 0
    endloop
  endfacet
  facet normal 0 0 -1
    outer loop
      vertex -46.19169651677264 -69.13075919429733 0
      vertex -41.57142857142857 72.00382642893474 0
      vertex -41.57142857142857 -72.00382642893474 0
    endloop
  endfacet
  facet normal 0 0 -1
    outer loop
      vertex -62.51010970753784 -54.81989491260572 0
      vertex -58.79087809293867 58.79087809293867 0
      vertex -58.79087809293867 -58.79087809293867 0
    endloop
  endfacet
  facet normal 0 0 -1
    outer loop
      vertex -54.81989491260572 -62.51010970753784 0
      vertex -58.79087809293867 -58.79087809293867 0
      vertex -54.81989491260572 62.51010970753784 0
    endloop
  endfacet
  facet normal -0.8819212643483546 -0.47139673682599853 0
    outer loop
      vertex -74.56856222457493 -36.773145386779824 0
      vertex -72.00382642893474 -41.57142857142857 0
      vertex -74.56856222457493 -36.773145386779824 25
    endloop
  endfacet
  facet normal -0.9108638249211753 -0.4127070298043958 3.4145249565365686e-18
    outer loop
      vertex -74.56856222457493 -36.773145386779824 0
      vertex -76.81398398879556 -31.81739394806889 25
      vertex -76.81398398879556 -31.81739394806889 0
    endloop
  endfacet
  facet normal -0.9359059267573262 -0.3522500479212324 3.4265891269526604e-18
    outer loop
      vertex -76.81398398879556 -31.81739394806889 0
      vertex -78.73047648087878 -26.725395543777147 25
      vertex -78.73047648087878 -26.725395543777147 0
    endloop
  endfacet
  facet normal -0.9569403357322087 -0.2902846772544627 -5.8991699089458496e-18
    outer loop
      vertex -78.73047648087878 -26.725395543777147 0
      vertex -80.30983298574824 -21.51895489280958 25
      vertex -80.30983298574824 -21.51895489280958 0
    endloop
  endfacet
  facet normal -0.9738769792773335 -0.22707626303437373 -2.098139196669613e-18
    outer loop
      vertex -80.30983298574824 -21.51895489280958 0
      vertex -81.54529045638287 -16.22036677334095 25
      vertex -81.54529045638287 -16.22036677334095 0
    endloop
  endfacet
  facet normal -0.9866433320848791 -0.1628954733945873 5.159391773321482e-19
    outer loop
      vertex -81.54529045638287 -16.22036677334095 0
      vertex -82.43155847422251 -10.85232055315286 25
      vertex -82.43155847422251 -10.85232055315286 0
    endloop
  endfacet
  facet normal -0.9951847266721967 -0.0980171403295608 9.802961339184297e-19
    outer loop
      vertex -82.43155847422251 -10.85232055315286 0
      vertex -82.96484190355245 -5.437803030277609 25
      vertex -82.96484190355245 -5.437803030277609 0
    endloop
  endfacet
  facet normal -0.9994645874763657 -0.032719082821777046 -3.512679979518829e-19
    outer loop
      vertex -82.96484190355245 -5.437803030277609 0
      vertex -83.14285714285714 0 25
      vertex -83.14285714285714 0 0
    endloop
  endfacet
  facet normal 0 0 -1
    outer loop
      vertex -5.437803030277609 -82.96484190355245 0
      vertex -2.070552360820166 -7.7274066103125465 0
      vertex 0 -83.14285714285714 0
    endloop
  endfacet
  facet normal -0.47139673682599853 -0.8819212643483546 0
    outer loop
      vertex -36.773145386779824 -74.56856222457493 0
      vertex -36.773145386779824 -74.56856222457493 25
      vertex -41.57142857142857 -72.00382642893474 0
    endloop
  endfacet
  facet normal -0.4127070298043958 -0.9108638249211753 3.4145249565365686e-18
    outer loop
      vertex -36.773145386779824 -74.56856222457493 0
      vertex -31.81739394806889 -76.81398398879556 0
      vertex -31.81739394806889 -76.81398398879556 25
    endloop
  endfacet
  facet normal -0.3522500479212324 -0.9359059267573262 3.4265891269526604e-18
    outer loop
      vertex -31.81739394806889 -76.81398398879556 0
      vertex -26.725395543777147 -78.73047648087878 0
      vertex -26.725395543777147 -78.73047648087878 25
    endloop
  endfacet
  facet normal -0.2902846772544627 -0.9569403357322087 -5.8991699089458496e-18
    outer loop
      vertex -26.725395543777147 -78.73047648087878 0
      vertex -21.51895489280958 -80.30983298574824 0
      vertex -21.51895489280958 -80.30983298574824 25
    endloop
  endfacet
  facet normal -0.22707626303437373 -0.9738769792773335 -2.098139196669613e-18
    outer loop
      vertex -21.51895489280958 -80.30983298574824 0
      vertex -16.22036677334095 -81.54529045638287 0
      vertex -16.22036677334095 -81.54529045638287 25
    endloop
  endfacet
  facet normal -0.1628954733945873 -0.9866433320848791 5.159391773321482e-19
    outer loop
      vertex -16.22036677334095 -81.54529045638287 0
      vertex -10.85232055315286 -82.43155847422251 0
      vertex -10.85232055315286 -82.43155847422251 25
    endloop
  endfacet
  facet normal -0.0980171403295608 -0.9951847266721967 9.802961339184297e-19
    outer loop
      vertex -10.85232055315286 -82.43155847422251 0
      vertex -5.437803030277609 -82.96484190355245 0
      vertex -5.437803030277609 -82.96484190355245 25
    endloop
  endfacet
  facet normal -0.032719082821777046 -0.9994645874763657 -3.512679979518829e-19
    outer loop
      vertex -5.437803030277609 -82.96484190355245 0
      vertex 0 -83.14285714285714 0
      vertex 0 -83.14285714285714 25
    endloop
  endfacet
  facet normal 0 0 -1
    outer loop
      vertex -36.773145386779824 -74.56856222457493 0
      vertex -41.57142857142857 -72.00382642893474 0
      vertex -36.773145386779824 74.56856222457493 0
    endloop
  endfacet
  facet normal 0 0 -1
    outer loop
      vertex -36.773145386779824 -74.56856222457493 0
      vertex -31.81739394806889 76.81398398879556 0
      vertex -31.81739394806889 -76.81398398879556 0
    endloop
  endfacet
  facet normal 0 0 -1
    outer loop
      vertex -31.81739394806889 -76.81398398879556 0
      vertex -26.725395543777147 78.73047648087878 0
      vertex -26.725395543777147 -78.73047648087878 0
    endloop
  endfacet
  facet normal 0 0 -1
    outer loop
      vertex -26.725395543777147 -78.73047648087878 0
      vertex -21.51895489280958 80.30983298574824 0
      vertex -21.51895489280958 -80.30983298574824 0
    endloop
  endfacet
  facet normal 0 0 -1
    outer loop
      vertex -21.51895489280958 -80.30983298574824 0
      vertex -16.22036677334095 81.54529045638287 0
      vertex -16.22036677334095 -81.54529045638287 0
    endloop
  endfacet
  facet normal 0 0 -1
    outer loop
      vertex -16.22036677334095 -81.54529045638287 0
      vertex -10.85232055315286 82.43155847422251 0
      vertex -10.85232055315286 -82.43155847422251 0
    endloop
  endfacet
  facet normal 0 0 -1
    outer loop
      vertex -5.437803030277609 -82.96484190355245 0
      vertex -6.01471845983182 -5.274766520800551 0
      vertex -5.656854249492381 -5.656854249492381 0
    endloop
  endfacet
  facet normal 0 0 -1
    outer loop
      vertex -5.437803030277609 -82.96484190355245 0
      vertex -5.656854249492381 -5.656854249492381 0
      vertex -5.274766520800551 -6.01471845983182 0
    endloop
  endfacet
  facet normal 0 0 -1
    outer loop
      vertex -5.437803030277609 -82.96484190355245 0
      vertex -3.5383095217520104 -7.174981932261506 0
      vertex -3.0614674589207183 -7.391036260090294 0
    endloop
  endfacet
  facet normal 0 0 -1
    outer loop
      vertex -5.437803030277609 -82.96484190355245 0
      vertex -4.870091432069765 -6.346826722329881 0
      vertex -4.444561864156817 -6.651756898420362 0
    endloop
  endfacet
  facet normal 0 0 -1
    outer loop
      vertex -5.437803030277609 -82.96484190355245 0
      vertex -4.444561864156817 -6.651756898420362 0
      vertex -4 -6.928203230275509 0
    endloop
  endfacet
  facet normal 0 0 -1
    outer loop
      vertex -5.437803030277609 -82.96484190355245 0
      vertex -5.274766520800551 -6.01471845983182 0
      vertex -4.870091432069765 -6.346826722329881 0
    endloop
  endfacet
  facet normal 0 0 -1
    outer loop
      vertex -5.437803030277609 -82.96484190355245 0
      vertex -4 -6.928203230275509 0
      vertex -3.5383095217520104 -7.174981932261506 0
    endloop
  endfacet
  facet normal 0 0 -1
    outer loop
      vertex -5.437803030277609 -82.96484190355245 0
      vertex -3.0614674589207183 -7.391036260090294 0
      vertex -2.5715157224252927 -7.5754410359608455 0
    endloop
  endfacet
  facet normal 0 0 -1
    outer loop
      vertex -5.437803030277609 -82.96484190355245 0
      vertex -2.5715157224252927 -7.5754410359608455 0
      vertex -2.070552360820166 -7.7274066103125465 0
    endloop
  endfacet
  facet normal 0 0 -1
    outer loop
      vertex 0 -83.14285714285714 0
      vertex -2.070552360820166 -7.7274066103125465 0
      vertex -1.560722576129026 -7.8462822432258434 0
    endloop
  endfacet
  facet normal 0 0 -1
    outer loop
      vertex 0 -83.14285714285714 0
      vertex -1.560722576129026 -7.8462822432258434 0
      vertex -1.0442095377604126 -7.931558890990483 0
    endloop
  endfacet
  facet normal 0 0 -1
    outer loop
      vertex 0 -83.14285714285714 0
      vertex -1.0442095377604126 -7.931558890990483 0
      vertex -0.5232250338411445 -7.982871385908828 0
    endloop
  endfacet
  facet normal 0 0 -1
    outer loop
      vertex 0 -83.14285714285714 0
      vertex -0.5232250338411445 -7.982871385908828 0
      vertex 0 -8 0
    endloop
  endfacet
  facet normal 0 0 -1
    outer loop
      vertex -10.85232055315286 -82.43155847422251 0
      vertex -10.85232055315286 82.43155847422251 0
      vertex -5.437803030277609 -82.96484190355245 0
    endloop
  endfacet
  facet normal 0 0 -1
    outer loop
      vertex -5.437803030277609 -82.96484190355245 0
      vertex -7.174981932261506 -3.5383095217520104 0
      vertex -6.928203230275509 -4 0
    endloop
  endfacet
  facet normal 0 0 -1
    outer loop
      vertex -5.437803030277609 -82.96484190355245 0
      vertex -7.391036260090294 -3.0614674589207183 0
      vertex -7.174981932261506 -3.5383095217520104 0
    endloop
  endfacet
  facet normal 0 0 -1
    outer loop
      vertex -5.437803030277609 -82.96484190355245 0
      vertex -7.5754410359608455 -2.5715157224252927 0
      vertex -7.391036260090294 -3.0614674589207183 0
    endloop
  endfacet
  facet normal 0 0 -1
    outer loop
      vertex -5.437803030277609 -82.96484190355245 0
      vertex -7.7274066103125465 -2.070552360820166 0
      vertex -7.5754410359608455 -2.5715157224252927 0
    endloop
  endfacet
  facet normal 0 0 -1
    outer loop
      vertex -5.437803030277609 -82.96484190355245 0
      vertex -7.8462822432258434 -1.560722576129026 0
      vertex -7.7274066103125465 -2.070552360820166 0
    endloop
  endfacet
  facet normal 0 0 -1
    outer loop
      vertex -5.437803030277609 -82.96484190355245 0
      vertex -6.346826722329881 -4.870091432069765 0
      vertex -6.01471845983182 -5.274766520800551 0
    endloop
  endfacet
  facet normal 0 0 -1
    outer loop
      vertex -5.437803030277609 -82.96484190355245 0
      vertex -6.651756898420362 -4.444561864156817 0
      vertex -6.346826722329881 -4.870091432069765 0
    endloop
  endfacet
  facet normal 0 0 -1
    outer loop
      vertex -5.437803030277609 -82.96484190355245 0
      vertex -6.928203230275509 -4 0
      vertex -6.651756898420362 -4.444561864156817 0
    endloop
  endfacet
  facet normal 0 0 -1
    outer loop
      vertex -5.437803030277609 -82.96484190355245 0
      vertex -7.931558890990483 -1.0442095377604126 0
      vertex -7.8462822432258434 -1.560722576129026 0
    endloop
  endfacet
  facet normal 0 0 -1
    outer loop
      vertex -5.437803030277609 -82.96484190355245 0
      vertex -7.982871385908828 -0.5232250338411445 0
      vertex -7.931558890990483 -1.0442095377604126 0
    endloop
  endfacet
  facet normal 0 0 -1
    outer loop
      vertex -5.437803030277609 -82.96484190355245 0
      vertex -10.85232055315286 82.43155847422251 0
      vertex -7.982871385908828 -0.5232250338411445 0
    endloop
  endfacet
  facet normal -0.7730104533627377 -0.6343932841636448 0
    outer loop
      vertex -62.51010970753784 -54.81989491260572 0
      vertex -62.51010970753784 -54.81989491260572 25
      vertex -65.96166343564269 -50.61416452615363 25
    endloop
  endfacet
  facet normal -0.8492021815265792 -0.5280678506503674 0
    outer loop
      vertex -69.13075919429733 -46.19169651677264 0
      vertex -69.13075919429733 -46.19169651677264 25
      vertex -72.00382642893474 -41.57142857142857 25
    endloop
  endfacet
  facet normal -0.8128466845916158 -0.5824776968678015 0
    outer loop
      vertex -65.96166343564269 -50.61416452615363 0
      vertex -65.96166343564269 -50.61416452615363 25
      vertex -69.13075919429733 -46.19169651677264 25
    endloop
  endfacet
  facet normal -0.6343932841636448 -0.7730104533627377 0
    outer loop
      vertex -54.81989491260572 -62.51010970753784 0
      vertex -50.61416452615363 -65.96166343564269 25
      vertex -54.81989491260572 -62.51010970753784 25
    endloop
  endfacet
  facet normal -0.5824776968678015 -0.8128466845916158 0
    outer loop
      vertex -50.61416452615363 -65.96166343564269 0
      vertex -46.19169651677264 -69.13075919429733 25
      vertex -50.61416452615363 -65.96166343564269 25
    endloop
  endfacet
  facet normal -0.5280678506503674 -0.8492021815265792 0
    outer loop
      vertex -46.19169651677264 -69.13075919429733 0
      vertex -41.57142857142857 -72.00382642893474 25
      vertex -46.19169651677264 -69.13075919429733 25
    endloop
  endfacet
  facet normal -0.7298640726978362 -0.6835923020228707 0
    outer loop
      vertex -58.79087809293867 -58.79087809293867 0
      vertex -58.79087809293867 -58.79087809293867 25
      vertex -62.51010970753784 -54.81989491260572 25
    endloop
  endfacet
  facet normal -0.6835923020228707 -0.7298640726978362 0
    outer loop
      vertex -58.79087809293867 -58.79087809293867 0
      vertex -54.81989491260572 -62.51010970753784 25
      vertex -58.79087809293867 -58.79087809293867 25
    endloop
  endfacet
  facet normal 0 0 1
    outer loop
      vertex -62.51010970753784 -54.81989491260572 25
      vertex -60.70569416958829 -53.23746495636555 25
      vertex -64.05761541894373 -49.153137096532696 25
    endloop
  endfacet
  facet normal 0 0 1
    outer loop
      vertex -69.13075919429733 -46.19169651677264 25
      vertex -69.92536545985209 -40.37142857142857 25
      vertex -72.00382642893474 -41.57142857142857 25
    endloop
  endfacet
  facet normal 0 0 1
    outer loop
      vertex -69.13075919429733 -46.19169651677264 25
      vertex -67.13523212477122 -44.85832795752559 25
      vertex -69.92536545985209 -40.37142857142857 25
    endloop
  endfacet
  facet normal 0 0 1
    outer loop
      vertex -69.13075919429733 -46.19169651677264 25
      vertex -65.96166343564269 -50.61416452615363 25
      vertex -67.13523212477122 -44.85832795752559 25
    endloop
  endfacet
  facet normal 0 0 1
    outer loop
      vertex -65.96166343564269 -50.61416452615363 25
      vertex -64.05761541894373 -49.153137096532696 25
      vertex -67.13523212477122 -44.85832795752559 25
    endloop
  endfacet
  facet normal 0 0 1
    outer loop
      vertex -62.51010970753784 -54.81989491260572 25
      vertex -64.05761541894373 -49.153137096532696 25
      vertex -65.96166343564269 -50.61416452615363 25
    endloop
  endfacet
  facet normal 0 0 1
    outer loop
      vertex -54.81989491260572 -62.51010970753784 25
      vertex -50.61416452615363 -65.96166343564269 25
      vertex -53.23746495636555 -60.70569416958829 25
    endloop
  endfacet
  facet normal 0 0 1
    outer loop
      vertex -50.61416452615363 -65.96166343564269 25
      vertex -49.153137096532696 -64.05761541894373 25
      vertex -53.23746495636555 -60.70569416958829 25
    endloop
  endfacet
  facet normal 0 0 1
    outer loop
      vertex -50.61416452615363 -65.96166343564269 25
      vertex -46.19169651677264 -69.13075919429733 25
      vertex -49.153137096532696 -64.05761541894373 25
    endloop
  endfacet
  facet normal 0 0 1
    outer loop
      vertex -46.19169651677264 -69.13075919429733 25
      vertex -41.57142857142857 -72.00382642893474 25
      vertex -44.85832795752559 -67.13523212477122 25
    endloop
  endfacet
  facet normal 0 0 1
    outer loop
      vertex -44.85832795752559 -67.13523212477122 25
      vertex -41.57142857142857 -72.00382642893474 25
      vertex -40.37142857142857 -69.92536545985209 25
    endloop
  endfacet
  facet normal 0 0 1
    outer loop
      vertex -49.153137096532696 -64.05761541894373 25
      vertex -46.19169651677264 -69.13075919429733 25
      vertex -44.85832795752559 -67.13523212477122 25
    endloop
  endfacet
  facet normal 0 0 1
    outer loop
      vertex -62.51010970753784 -54.81989491260572 25
      vertex -58.79087809293867 -58.79087809293867 25
      vertex -60.70569416958829 -53.23746495636555 25
    endloop
  endfacet
  facet normal 0 0 1
    outer loop
      vertex -58.79087809293867 -58.79087809293867 25
      vertex -57.09382181809095 -57.09382181809095 25
      vertex -60.70569416958829 -53.23746495636555 25
    endloop
  endfacet
  facet normal 0 0 1
    outer loop
      vertex -54.81989491260572 -62.51010970753784 25
      vertex -53.23746495636555 -60.70569416958829 25
      vertex -57.09382181809095 -57.09382181809095 25
    endloop
  endfacet
  facet normal 0 0 1
    outer loop
      vertex -54.81989491260572 -62.51010970753784 25
      vertex -57.09382181809095 -57.09382181809095 25
      vertex -58.79087809293867 -58.79087809293867 25
    endloop
  endfacet
  facet normal -0.8819212643483546 -0.47139673682599853 0
    outer loop
      vertex -72.00382642893474 -41.57142857142857 0
      vertex -72.00382642893474 -41.57142857142857 25
      vertex -74.56856222457493 -36.773145386779824 25
    endloop
  endfacet
  facet normal -0.9108638249211753 -0.4127070298043958 0
    outer loop
      vertex -74.56856222457493 -36.773145386779824 0
      vertex -74.56856222457493 -36.773145386779824 25
      vertex -76.81398398879556 -31.81739394806889 25
    endloop
  endfacet
  facet normal -0.9569403357322087 -0.2902846772544627 0
    outer loop
      vertex -78.73047648087878 -26.725395543777147 0
      vertex -78.73047648087878 -26.725395543777147 25
      vertex -80.30983298574824 -21.51895489280958 25
    endloop
  endfacet
  facet normal -0.9359059267573262 -0.3522500479212324 0
    outer loop
      vertex -76.81398398879556 -31.81739394806889 0
      vertex -76.81398398879556 -31.81739394806889 25
      vertex -78.73047648087878 -26.725395543777147 25
    endloop
  endfacet
  facet normal -0.9738769792773335 -0.22707626303437373 0
    outer loop
      vertex -80.30983298574824 -21.51895489280958 0
      vertex -80.30983298574824 -21.51895489280958 25
      vertex -81.54529045638287 -16.22036677334095 25
    endloop
  endfacet
  facet normal -0.9866433320848791 -0.1628954733945873 0
    outer loop
      vertex -81.54529045638287 -16.22036677334095 0
      vertex -81.54529045638287 -16.22036677334095 25
      vertex -82.43155847422251 -10.85232055315286 25
    endloop
  endfacet
  facet normal -0.9951847266721967 -0.0980171403295608 0
    outer loop
      vertex -82.43155847422251 -10.85232055315286 0
      vertex -82.43155847422251 -10.85232055315286 25
      vertex -82.96484190355245 -5.437803030277609 25
    endloop
  endfacet
  facet normal -0.9994645874763657 -0.032719082821777046 0
    outer loop
      vertex -82.96484190355245 -5.437803030277609 0
      vertex -82.96484190355245 -5.437803030277609 25
      vertex -83.14285714285714 0 25
    endloop
  endfacet
  facet normal 0 0 1
    outer loop
      vertex -74.56856222457493 -36.773145386779824 25
      vertex -72.00382642893474 -41.57142857142857 25
      vertex -72.41606764489647 -35.71165253025421 25
    endloop
  endfacet
  facet normal 0 0 1
    outer loop
      vertex -74.56856222457493 -36.773145386779824 25
      vertex -76.45784417009052 -25.953940827049557 25
      vertex -76.81398398879556 -31.81739394806889 25
    endloop
  endfacet
  facet normal 0 0 1
    outer loop
      vertex -74.56856222457493 -36.773145386779824 25
      vertex -72.41606764489647 -35.71165253025421 25
      vertex -74.59667311076846 -30.898953710392675 25
    endloop
  endfacet
  facet normal 0 0 1
    outer loop
      vertex -74.56856222457493 -36.773145386779824 25
      vertex -74.59667311076846 -30.898953710392675 25
      vertex -76.45784417009052 -25.953940827049557 25
    endloop
  endfacet
  facet normal 0 0 1
    outer loop
      vertex -78.73047648087878 -26.725395543777147 25
      vertex -79.1914057834151 -15.752150000502239 25
      vertex -80.30983298574824 -21.51895489280958 25
    endloop
  endfacet
  facet normal 0 0 1
    outer loop
      vertex -78.73047648087878 -26.725395543777147 25
      vertex -77.99161100265448 -20.89778918456353 25
      vertex -79.1914057834151 -15.752150000502239 25
    endloop
  endfacet
  facet normal 0 0 1
    outer loop
      vertex -76.81398398879556 -31.81739394806889 25
      vertex -77.99161100265448 -20.89778918456353 25
      vertex -78.73047648087878 -26.725395543777147 25
    endloop
  endfacet
  facet normal 0 0 1
    outer loop
      vertex -76.81398398879556 -31.81739394806889 25
      vertex -76.45784417009052 -25.953940827049557 25
      vertex -77.99161100265448 -20.89778918456353 25
    endloop
  endfacet
  facet normal 0 0 1
    outer loop
      vertex -72.00382642893474 -41.57142857142857 25
      vertex -69.92536545985209 -40.37142857142857 25
      vertex -72.41606764489647 -35.71165253025421 25
    endloop
  endfacet
  facet normal 0 0 1
    outer loop
      vertex -80.30983298574824 -21.51895489280958 25
      vertex -79.1914057834151 -15.752150000502239 25
      vertex -80.05209080692536 -10.539057691824734 25
    endloop
  endfacet
  facet normal 0 0 1
    outer loop
      vertex -80.30983298574824 -21.51895489280958 25
      vertex -80.05209080692536 -10.539057691824734 25
      vertex -80.5699804877798 -5.280835520125265 25
    endloop
  endfacet
  facet normal 0 0 1
    outer loop
      vertex -81.54529045638287 -16.22036677334095 25
      vertex -82.43155847422251 10.85232055315286 25
      vertex -82.43155847422251 -10.85232055315286 25
    endloop
  endfacet
  facet normal 0 0 1
    outer loop
      vertex -80.30983298574824 -21.51895489280958 25
      vertex -81.54529045638287 16.22036677334095 25
      vertex -81.54529045638287 -16.22036677334095 25
    endloop
  endfacet
  facet normal 0 0 1
    outer loop
      vertex -80.30983298574824 -21.51895489280958 25
      vertex -80.5699804877798 -5.280835520125265 25
      vertex -80.74285714285713 0 25
    endloop
  endfacet
  facet normal 0 0 1
    outer loop
      vertex -82.43155847422251 -10.85232055315286 25
      vertex -82.96484190355245 5.437803030277609 25
      vertex -82.96484190355245 -5.437803030277609 25
    endloop
  endfacet
  facet normal 0 0 1
    outer loop
      vertex -80.30983298574824 -21.51895489280958 25
      vertex -80.74285714285713 0 25
      vertex -81.54529045638287 16.22036677334095 25
    endloop
  endfacet
  facet normal -0.47139673682599853 -0.8819212643483546 0
    outer loop
      vertex -41.57142857142857 -72.00382642893474 0
      vertex -36.773145386779824 -74.56856222457493 25
      vertex -41.57142857142857 -72.00382642893474 25
    endloop
  endfacet
  facet normal -0.4127070298043958 -0.9108638249211753 0
    outer loop
      vertex -36.773145386779824 -74.56856222457493 0
      vertex -31.81739394806889 -76.81398398879556 25
      vertex -36.773145386779824 -74.56856222457493 25
    endloop
  endfacet
  facet normal -0.3522500479212324 -0.9359059267573262 0
    outer loop
      vertex -31.81739394806889 -76.81398398879556 0
      vertex -26.725395543777147 -78.73047648087878 25
      vertex -31.81739394806889 -76.81398398879556 25
    endloop
  endfacet
  facet normal -0.2902846772544627 -0.9569403357322087 0
    outer loop
      vertex -26.725395543777147 -78.73047648087878 0
      vertex -21.51895489280958 -80.30983298574824 25
      vertex -26.725395543777147 -78.73047648087878 25
    endloop
  endfacet
  facet normal -0.22707626303437373 -0.9738769792773335 0
    outer loop
      vertex -21.51895489280958 -80.30983298574824 0
      vertex -16.22036677334095 -81.54529045638287 25
      vertex -21.51895489280958 -80.30983298574824 25
    endloop
  endfacet
  facet normal -0.1628954733945873 -0.9866433320848791 0
    outer loop
      vertex -16.22036677334095 -81.54529045638287 0
      vertex -10.85232055315286 -82.43155847422251 25
      vertex -16.22036677334095 -81.54529045638287 25
    endloop
  endfacet
  facet normal -0.0980171403295608 -0.9951847266721967 0
    outer loop
      vertex -10.85232055315286 -82.43155847422251 0
      vertex -5.437803030277609 -82.96484190355245 25
      vertex -10.85232055315286 -82.43155847422251 25
    endloop
  endfacet
  facet normal -0.032719082821777046 -0.9994645874763657 0
    outer loop
      vertex -5.437803030277609 -82.96484190355245 0
      vertex 0 -83.14285714285714 25
      vertex -5.437803030277609 -82.96484190355245 25
    endloop
  endfacet
  facet normal 0 0 1
    outer loop
      vertex -36.773145386779824 -74.56856222457493 25
      vertex -31.81739394806889 -76.81398398879556 25
      vertex -35.71165253025421 -72.41606764489647 25
    endloop
  endfacet
  facet normal 0 0 1
    outer loop
      vertex -31.81739394806889 -76.81398398879556 25
      vertex -30.898953710392675 -74.59667311076846 25
      vertex -35.71165253025421 -72.41606764489647 25
    endloop
  endfacet
  facet normal 0 0 1
    outer loop
      vertex -36.773145386779824 -74.56856222457493 25
      vertex -40.37142857142857 -69.92536545985209 25
      vertex -41.57142857142857 -72.00382642893474 25
    endloop
  endfacet
  facet normal 0 0 1
    outer loop
      vertex -36.773145386779824 -74.56856222457493 25
      vertex -35.71165253025421 -72.41606764489647 25
      vertex -40.37142857142857 -69.92536545985209 25
    endloop
  endfacet
  facet normal 0 0 1
    outer loop
      vertex -31.81739394806889 -76.81398398879556 25
      vertex -26.725395543777147 -78.73047648087878 25
      vertex -30.898953710392675 -74.59667311076846 25
    endloop
  endfacet
  facet normal 0 0 1
    outer loop
      vertex -26.725395543777147 -78.73047648087878 25
      vertex -25.953940827049557 -76.45784417009052 25
      vertex -30.898953710392675 -74.59667311076846 25
    endloop
  endfacet
  facet normal 0 0 1
    outer loop
      vertex -26.725395543777147 -78.73047648087878 25
      vertex -21.51895489280958 -80.30983298574824 25
      vertex -25.953940827049557 -76.45784417009052 25
    endloop
  endfacet
  facet normal 0 0 1
    outer loop
      vertex -21.51895489280958 -80.30983298574824 25
      vertex -20.89778918456353 -77.99161100265448 25
      vertex -25.953940827049557 -76.45784417009052 25
    endloop
  endfacet
  facet normal 0 0 1
    outer loop
      vertex -21.51895489280958 -80.30983298574824 25
      vertex -16.22036677334095 -81.54529045638287 25
      vertex -20.89778918456353 -77.99161100265448 25
    endloop
  endfacet
  facet normal 0 0 1
    outer loop
      vertex -20.89778918456353 -77.99161100265448 25
      vertex -16.22036677334095 -81.54529045638287 25
      vertex -15.752150000502239 -79.1914057834151 25
    endloop
  endfacet
  facet normal 0 0 1
    outer loop
      vertex -16.22036677334095 -81.54529045638287 25
      vertex -10.85232055315286 -82.43155847422251 25
      vertex -15.752150000502239 -79.1914057834151 25
    endloop
  endfacet
  facet normal 0 0 1
    outer loop
      vertex -15.752150000502239 -79.1914057834151 25
      vertex -10.85232055315286 -82.43155847422251 25
      vertex -10.539057691824734 -80.05209080692536 25
    endloop
  endfacet
  facet normal 0 0 1
    outer loop
      vertex -10.85232055315286 -82.43155847422251 25
      vertex -5.437803030277609 -82.96484190355245 25
      vertex -10.539057691824734 -80.05209080692536 25
    endloop
  endfacet
  facet normal 0 0 1
    outer loop
      vertex -10.539057691824734 -80.05209080692536 25
      vertex -5.437803030277609 -82.96484190355245 25
      vertex -5.280835520125265 -80.5699804877798 25
    endloop
  endfacet
  facet normal 0 0 1
    outer loop
      vertex -5.437803030277609 -82.96484190355245 25
      vertex 0 -83.14285714285714 25
      vertex -5.280835520125265 -80.5699804877798 25
    endloop
  endfacet
  facet normal 0 0 1
    outer loop
      vertex -5.280835520125265 -80.5699804877798 25
      vertex 0 -83.14285714285714 25
      vertex 0 -80.74285714285713 25
    endloop
  endfacet
  facet normal 0 0 -1
    outer loop
      vertex -82.96484190355245 -5.437803030277609 0
      vertex -83.14285714285714 0 0
      vertex -82.96484190355245 5.437803030277609 0
    endloop
  endfacet
  facet normal 0 0 -1
    outer loop
      vertex -82.96484190355245 -5.437803030277609 0
      vertex -82.96484190355245 5.437803030277609 0
      vertex -82.43155847422251 10.85232055315286 0
    endloop
  endfacet
  facet normal 0 0 -1
    outer loop
      vertex -82.43155847422251 -10.85232055315286 0
      vertex -82.43155847422251 10.85232055315286 0
      vertex -81.54529045638287 16.22036677334095 0
    endloop
  endfacet
  facet normal 0 0 -1
    outer loop
      vertex -81.54529045638287 -16.22036677334095 0
      vertex -81.54529045638287 16.22036677334095 0
      vertex -80.30983298574824 21.51895489280958 0
    endloop
  endfacet
  facet normal 0 0 -1
    outer loop
      vertex -80.30983298574824 -21.51895489280958 0
      vertex -80.30983298574824 21.51895489280958 0
      vertex -78.73047648087878 26.725395543777147 0
    endloop
  endfacet
  facet normal 0 0 -1
    outer loop
      vertex -78.73047648087878 -26.725395543777147 0
      vertex -78.73047648087878 26.725395543777147 0
      vertex -76.81398398879556 31.81739394806889 0
    endloop
  endfacet
  facet normal 0 0 -1
    outer loop
      vertex -76.81398398879556 -31.81739394806889 0
      vertex -76.81398398879556 31.81739394806889 0
      vertex -74.56856222457493 36.773145386779824 0
    endloop
  endfacet
  facet normal 0 0 -1
    outer loop
      vertex -74.56856222457493 -36.773145386779824 0
      vertex -74.56856222457493 36.773145386779824 0
      vertex -72.00382642893474 41.57142857142857 0
    endloop
  endfacet
  facet normal 0 0 -1
    outer loop
      vertex -72.00382642893474 -41.57142857142857 0
      vertex -72.00382642893474 41.57142857142857 0
      vertex -69.13075919429733 46.19169651677264 0
    endloop
  endfacet
  facet normal 0 0 -1
    outer loop
      vertex -69.13075919429733 -46.19169651677264 0
      vertex -69.13075919429733 46.19169651677264 0
      vertex -65.96166343564269 50.61416452615363 0
    endloop
  endfacet
  facet normal 0 0 -1
    outer loop
      vertex -65.96166343564269 -50.61416452615363 0
      vertex -65.96166343564269 50.61416452615363 0
      vertex -62.51010970753784 54.81989491260572 0
    endloop
  endfacet
  facet normal 0 0 -1
    outer loop
      vertex -62.51010970753784 -54.81989491260572 0
      vertex -62.51010970753784 54.81989491260572 0
      vertex -58.79087809293867 58.79087809293867 0
    endloop
  endfacet
  facet normal 0 0 -1
    outer loop
      vertex -58.79087809293867 -58.79087809293867 0
      vertex -58.79087809293867 58.79087809293867 0
      vertex -54.81989491260572 62.51010970753784 0
    endloop
  endfacet
  facet normal 0 0 -1
    outer loop
      vertex -54.81989491260572 -62.51010970753784 0
      vertex -54.81989491260572 62.51010970753784 0
      vertex -50.61416452615363 65.96166343564269 0
    endloop
  endfacet
  facet normal 0 0 -1
    outer loop
      vertex -50.61416452615363 -65.96166343564269 0
      vertex -50.61416452615363 65.96166343564269 0
      vertex -46.19169651677264 69.13075919429733 0
    endloop
  endfacet
  facet normal 0 0 -1
    outer loop
      vertex -46.19169651677264 -69.13075919429733 0
      vertex -46.19169651677264 69.13075919429733 0
      vertex -41.57142857142857 72.00382642893474 0
    endloop
  endfacet
  facet normal -0.9994645874763657 0.032719082821777046 3.512679979518829e-19
    outer loop
      vertex -83.14285714285714 0 0
      vertex -82.96484190355245 5.437803030277609 25
      vertex -82.96484190355245 5.437803030277609 0
    endloop
  endfacet
  facet normal -0.9951847266721967 0.0980171403295608 -9.802961339184297e-19
    outer loop
      vertex -82.96484190355245 5.437803030277609 0
      vertex -82.43155847422251 10.85232055315286 25
      vertex -82.43155847422251 10.85232055315286 0
    endloop
  endfacet
  facet normal -0.9866433320848791 0.1628954733945873 -5.159391773321482e-19
    outer loop
      vertex -82.43155847422251 10.85232055315286 0
      vertex -81.54529045638287 16.22036677334095 25
      vertex -81.54529045638287 16.22036677334095 0
    endloop
  endfacet
  facet normal -0.9738769792773335 0.22707626303437373 2.098139196669613e-18
    outer loop
      vertex -81.54529045638287 16.22036677334095 0
      vertex -80.30983298574824 21.51895489280958 25
      vertex -80.30983298574824 21.51895489280958 0
    endloop
  endfacet
  facet normal -0.9569403357322087 0.2902846772544627 5.8991699089458496e-18
    outer loop
      vertex -80.30983298574824 21.51895489280958 0
      vertex -78.73047648087878 26.725395543777147 25
      vertex -78.73047648087878 26.725395543777147 0
    endloop
  endfacet
  facet normal -0.9359059267573262 0.3522500479212324 -3.4265891269526604e-18
    outer loop
      vertex -78.73047648087878 26.725395543777147 0
      vertex -76.81398398879556 31.81739394806889 25
      vertex -76.81398398879556 31.81739394806889 0
    endloop
  endfacet
  facet normal -0.9108638249211753 0.4127070298043958 -3.4145249565365686e-18
    outer loop
      vertex -76.81398398879556 31.81739394806889 0
      vertex -74.56856222457493 36.773145386779824 25
      vertex -74.56856222457493 36.773145386779824 0
    endloop
  endfacet
  facet normal -0.8819212643483546 0.47139673682599853 -6.411251956972581e-18
    outer loop
      vertex -74.56856222457493 36.773145386779824 0
      vertex -72.00382642893474 41.57142857142857 25
      vertex -72.00382642893474 41.57142857142857 0
    endloop
  endfacet
  facet normal -0.8492021815265792 0.5280678506503674 -2.468451473041476e-18
    outer loop
      vertex -72.00382642893474 41.57142857142857 0
      vertex -69.13075919429733 46.19169651677264 25
      vertex -69.13075919429733 46.19169651677264 0
    endloop
  endfacet
  facet normal -0.8128466845916158 0.5824776968678015 5.8095801018578734e-18
    outer loop
      vertex -69.13075919429733 46.19169651677264 0
      vertex -65.96166343564269 50.61416452615363 25
      vertex -65.96166343564269 50.61416452615363 0
    endloop
  endfacet
  facet normal -0.7730104533627377 0.6343932841636448 -2.7201980166961966e-18
    outer loop
      vertex -65.96166343564269 50.61416452615363 0
      vertex -62.51010970753784 54.81989491260572 25
      vertex -62.51010970753784 54.81989491260572 0
    endloop
  endfacet
  facet normal -0.7298640726978362 0.6835923020228707 2.523453544962999e-18
    outer loop
      vertex -62.51010970753784 54.81989491260572 0
      vertex -58.79087809293867 58.79087809293867 25
      vertex -58.79087809293867 58.79087809293867 0
    endloop
  endfacet
  facet normal -0.6835923020228707 0.7298640726978362 0
    outer loop
      vertex -58.79087809293867 58.79087809293867 0
      vertex -58.79087809293867 58.79087809293867 25
      vertex -54.81989491260572 62.51010970753784 0
    endloop
  endfacet
  facet normal -0.6343932841636448 0.7730104533627377 0
    outer loop
      vertex -54.81989491260572 62.51010970753784 0
      vertex -54.81989491260572 62.51010970753784 25
      vertex -50.61416452615363 65.96166343564269 0
    endloop
  endfacet
  facet normal -0.5824776968678015 0.8128466845916158 0
    outer loop
      vertex -50.61416452615363 65.96166343564269 0
      vertex -50.61416452615363 65.96166343564269 25
      vertex -46.19169651677264 69.13075919429733 0
    endloop
  endfacet
  facet normal -0.5280678506503674 0.8492021815265792 0
    outer loop
      vertex -46.19169651677264 69.13075919429733 0
      vertex -46.19169651677264 69.13075919429733 25
      vertex -41.57142857142857 72.00382642893474 0
    endloop
  endfacet
  facet normal 0 0 -1
    outer loop
      vertex -41.57142857142857 -72.00382642893474 0
      vertex -41.57142857142857 72.00382642893474 0
      vertex -36.773145386779824 74.56856222457493 0
    endloop
  endfacet
  facet normal 0 0 -1
    outer loop
      vertex -36.773145386779824 -74.56856222457493 0
      vertex -36.773145386779824 74.56856222457493 0
      vertex -31.81739394806889 76.81398398879556 0
    endloop
  endfacet
  facet normal 0 0 -1
    outer loop
      vertex -31.81739394806889 -76.81398398879556 0
      vertex -31.81739394806889 76.81398398879556 0
      vertex -26.725395543777147 78.73047648087878 0
    endloop
  endfacet
  facet normal 0 0 -1
    outer loop
      vertex -26.725395543777147 -78.73047648087878 0
      vertex -26.725395543777147 78.73047648087878 0
      vertex -21.51895489280958 80.30983298574824 0
    endloop
  endfacet
  facet normal 0 0 -1
    outer loop
      vertex -21.51895489280958 -80.30983298574824 0
      vertex -21.51895489280958 80.30983298574824 0
      vertex -16.22036677334095 81.54529045638287 0
    endloop
  endfacet
  facet normal 0 0 -1
    outer loop
      vertex -16.22036677334095 -81.54529045638287 0
      vertex -16.22036677334095 81.54529045638287 0
      vertex -10.85232055315286 82.43155847422251 0
    endloop
  endfacet
  facet normal 0 0 -1
    outer loop
      vertex -10.85232055315286 82.43155847422251 0
      vertex -8 0 0
      vertex -7.982871385908828 -0.5232250338411445 0
    endloop
  endfacet
  facet normal 0 0 -1
    outer loop
      vertex -10.85232055315286 82.43155847422251 0
      vertex -7.982871385908828 0.5232250338411445 0
      vertex -8 0 0
    endloop
  endfacet
  facet normal 0 0 -1
    outer loop
      vertex -10.85232055315286 82.43155847422251 0
      vertex -7.931558890990483 1.0442095377604126 0
      vertex -7.982871385908828 0.5232250338411445 0
    endloop
  endfacet
  facet normal 0 0 -1
    outer loop
      vertex -10.85232055315286 82.43155847422251 0
      vertex -7.8462822432258434 1.560722576129026 0
      vertex -7.931558890990483 1.0442095377604126 0
    endloop
  endfacet
  facet normal 0 0 -1
    outer loop
      vertex -10.85232055315286 82.43155847422251 0
      vertex -7.7274066103125465 2.070552360820166 0
      vertex -7.8462822432258434 1.560722576129026 0
    endloop
  endfacet
  facet normal 0 0 -1
    outer loop
      vertex -10.85232055315286 82.43155847422251 0
      vertex -7.5754410359608455 2.5715157224252927 0
      vertex -7.7274066103125465 2.070552360820166 0
    endloop
  endfacet
  facet normal 0 0 -1
    outer loop
      vertex -10.85232055315286 82.43155847422251 0
      vertex -7.391036260090294 3.0614674589207183 0
      vertex -7.5754410359608455 2.5715157224252927 0
    endloop
  endfacet
  facet normal 0 0 -1
    outer loop
      vertex -10.85232055315286 82.43155847422251 0
      vertex -7.174981932261506 3.5383095217520104 0
      vertex -7.391036260090294 3.0614674589207183 0
    endloop
  endfacet
  facet normal 0 0 -1
    outer loop
      vertex -10.85232055315286 82.43155847422251 0
      vertex -6.928203230275509 4 0
      vertex -7.174981932261506 3.5383095217520104 0
    endloop
  endfacet
  facet normal 0 0 -1
    outer loop
      vertex -10.85232055315286 82.43155847422251 0
      vertex -6.651756898420362 4.444561864156817 0
      vertex -6.928203230275509 4 0
    endloop
  endfacet
  facet normal 0 0 -1
    outer loop
      vertex -10.85232055315286 82.43155847422251 0
      vertex -6.346826722329881 4.870091432069765 0
      vertex -6.651756898420362 4.444561864156817 0
    endloop
  endfacet
  facet normal 0 0 -1
    outer loop
      vertex -10.85232055315286 82.43155847422251 0
      vertex -6.01471845983182 5.274766520800551 0
      vertex -6.346826722329881 4.870091432069765 0
    endloop
  endfacet
  facet normal 0 0 -1
    outer loop
      vertex -10.85232055315286 82.43155847422251 0
      vertex -5.656854249492381 5.656854249492381 0
      vertex -6.01471845983182 5.274766520800551 0
    endloop
  endfacet
  facet normal 0 0 -1
    outer loop
      vertex -5.437803030277609 82.96484190355245 0
      vertex -5.274766520800551 6.01471845983182 0
      vertex -5.656854249492381 5.656854249492381 0
    endloop
  endfacet
  facet normal 0 0 -1
    outer loop
      vertex -5.437803030277609 82.96484190355245 0
      vertex -4.870091432069765 6.346826722329881 0
      vertex -5.274766520800551 6.01471845983182 0
    endloop
  endfacet
  facet normal 0 0 -1
    outer loop
      vertex -5.437803030277609 82.96484190355245 0
      vertex -4.444561864156817 6.651756898420362 0
      vertex -4.870091432069765 6.346826722329881 0
    endloop
  endfacet
  facet normal 0 0 -1
    outer loop
      vertex -5.437803030277609 82.96484190355245 0
      vertex -4 6.928203230275509 0
      vertex -4.444561864156817 6.651756898420362 0
    endloop
  endfacet
  facet normal 0 0 -1
    outer loop
      vertex -5.437803030277609 82.96484190355245 0
      vertex -3.5383095217520104 7.174981932261506 0
      vertex -4 6.928203230275509 0
    endloop
  endfacet
  facet normal 0 0 -1
    outer loop
      vertex -5.437803030277609 82.96484190355245 0
      vertex -3.0614674589207183 7.391036260090294 0
      vertex -3.5383095217520104 7.174981932261506 0
    endloop
  endfacet
  facet normal 0 0 -1
    outer loop
      vertex -5.437803030277609 82.96484190355245 0
      vertex -2.5715157224252927 7.5754410359608455 0
      vertex -3.0614674589207183 7.391036260090294 0
    endloop
  endfacet
  facet normal 0 0 -1
    outer loop
      vertex -5.437803030277609 82.96484190355245 0
      vertex -2.070552360820166 7.7274066103125465 0
      vertex -2.5715157224252927 7.5754410359608455 0
    endloop
  endfacet
  facet normal 0 0 -1
    outer loop
      vertex -5.437803030277609 82.96484190355245 0
      vertex -1.560722576129026 7.8462822432258434 0
      vertex -2.070552360820166 7.7274066103125465 0
    endloop
  endfacet
  facet normal 0 0 -1
    outer loop
      vertex -5.437803030277609 82.96484190355245 0
      vertex -1.0442095377604126 7.931558890990483 0
      vertex -1.560722576129026 7.8462822432258434 0
    endloop
  endfacet
  facet normal 0 0 -1
    outer loop
      vertex -5.437803030277609 82.96484190355245 0
      vertex -0.5232250338411448 7.982871385908828 0
      vertex -1.0442095377604126 7.931558890990483 0
    endloop
  endfacet
  facet normal 0 0 -1
    outer loop
      vertex -5.437803030277609 82.96484190355245 0
      vertex 0 8 0
      vertex -0.5232250338411448 7.982871385908828 0
    endloop
  endfacet
  facet normal 0 0 -1
    outer loop
      vertex -5.437803030277609 82.96484190355245 0
      vertex 0.5232250338411445 7.982871385908828 0
      vertex 0 8 0
    endloop
  endfacet
  facet normal 0 0 -1
    outer loop
      vertex -5.437803030277609 82.96484190355245 0
      vertex 1.0442095377604126 7.931558890990483 0
      vertex 0.5232250338411445 7.982871385908828 0
    endloop
  endfacet
  facet normal 0 0 -1
    outer loop
      vertex -5.437803030277609 82.96484190355245 0
      vertex 1.560722576129026 7.8462822432258434 0
      vertex 1.0442095377604126 7.931558890990483 0
    endloop
  endfacet
  facet normal 0 0 -1
    outer loop
      vertex -10.85232055315286 82.43155847422251 0
      vertex -5.437803030277609 82.96484190355245 0
      vertex -5.656854249492381 5.656854249492381 0
    endloop
  endfacet
  facet normal -0.47139673682599853 0.8819212643483546 0
    outer loop
      vertex -41.57142857142857 72.00382642893474 0
      vertex -41.57142857142857 72.00382642893474 25
      vertex -36.773145386779824 74.56856222457493 0
    endloop
  endfacet
  facet normal -0.4127070298043958 0.9108638249211753 0
    outer loop
      vertex -36.773145386779824 74.56856222457493 0
      vertex -36.773145386779824 74.56856222457493 25
      vertex -31.81739394806889 76.81398398879556 0
    endloop
  endfacet
  facet normal -0.3522500479212324 0.9359059267573262 0
    outer loop
      vertex -31.81739394806889 76.81398398879556 0
      vertex -31.81739394806889 76.81398398879556 25
      vertex -26.725395543777147 78.73047648087878 0
    endloop
  endfacet
  facet normal -0.2902846772544627 0.9569403357322087 0
    outer loop
      vertex -26.725395543777147 78.73047648087878 0
      vertex -26.725395543777147 78.73047648087878 25
      vertex -21.51895489280958 80.30983298574824 0
    endloop
  endfacet
  facet normal -0.22707626303437373 0.9738769792773335 0
    outer loop
      vertex -21.51895489280958 80.30983298574824 0
      vertex -21.51895489280958 80.30983298574824 25
      vertex -16.22036677334095 81.54529045638287 0
    endloop
  endfacet
  facet normal -0.1628954733945873 0.9866433320848791 0
    outer loop
      vertex -16.22036677334095 81.54529045638287 0
      vertex -16.22036677334095 81.54529045638287 25
      vertex -10.85232055315286 82.43155847422251 0
    endloop
  endfacet
  facet normal -0.0980171403295608 0.9951847266721967 0
    outer loop
      vertex -10.85232055315286 82.43155847422251 0
      vertex -10.85232055315286 82.43155847422251 25
      vertex -5.437803030277609 82.96484190355245 0
    endloop
  endfacet
  facet normal -0.032719082821777046 0.9994645874763657 0
    outer loop
      vertex -5.437803030277609 82.96484190355245 0
      vertex -5.437803030277609 82.96484190355245 25
      vertex 0 83.14285714285714 0
    endloop
  endfacet
  facet normal -0.9994645874763657 0.032719082821777046 0
    outer loop
      vertex -83.14285714285714 0 0
      vertex -83.14285714285714 0 25
      vertex -82.96484190355245 5.437803030277609 25
    endloop
  endfacet
  facet normal -0.9951847266721967 0.0980171403295608 0
    outer loop
      vertex -82.96484190355245 5.437803030277609 0
      vertex -82.96484190355245 5.437803030277609 25
      vertex -82.43155847422251 10.85232055315286 25
    endloop
  endfacet
  facet normal -0.9866433320848791 0.1628954733945873 0
    outer loop
      vertex -82.43155847422251 10.85232055315286 0
      vertex -82.43155847422251 10.85232055315286 25
      vertex -81.54529045638287 16.22036677334095 25
    endloop
  endfacet
  facet normal -0.9738769792773335 0.22707626303437373 0
    outer loop
      vertex -81.54529045638287 16.22036677334095 0
      vertex -81.54529045638287 16.22036677334095 25
      vertex -80.30983298574824 21.51895489280958 25
    endloop
  endfacet
  facet normal -0.9569403357322087 0.2902846772544627 0
    outer loop
      vertex -80.30983298574824 21.51895489280958 0
      vertex -80.30983298574824 21.51895489280958 25
      vertex -78.73047648087878 26.725395543777147 25
    endloop
  endfacet
  facet normal -0.9359059267573262 0.3522500479212324 0
    outer loop
      vertex -78.73047648087878 26.725395543777147 0
      vertex -78.73047648087878 26.725395543777147 25
      vertex -76.81398398879556 31.81739394806889 25
    endloop
  endfacet
  facet normal -0.9108638249211753 0.4127070298043958 0
    outer loop
      vertex -76.81398398879556 31.81739394806889 0
      vertex -76.81398398879556 31.81739394806889 25
      vertex -74.56856222457493 36.773145386779824 25
    endloop
  endfacet
  facet normal -0.8819212643483546 0.47139673682599853 0
    outer loop
      vertex -74.56856222457493 36.773145386779824 0
      vertex -74.56856222457493 36.773145386779824 25
      vertex -72.00382642893474 41.57142857142857 25
    endloop
  endfacet
  facet normal 0 0 1
    outer loop
      vertex -82.96484190355245 -5.437803030277609 25
      vertex -82.96484190355245 5.437803030277609 25
      vertex -83.14285714285714 0 25
    endloop
  endfacet
  facet normal 0 0 1
    outer loop
      vertex -82.43155847422251 -10.85232055315286 25
      vertex -82.43155847422251 10.85232055315286 25
      vertex -82.96484190355245 5.437803030277609 25
    endloop
  endfacet
  facet normal 0 0 1
    outer loop
      vertex -81.54529045638287 -16.22036677334095 25
      vertex -81.54529045638287 16.22036677334095 25
      vertex -82.43155847422251 10.85232055315286 25
    endloop
  endfacet
  facet normal 0 0 1
    outer loop
      vertex -80.74285714285713 0 25
      vertex -80.5699804877798 5.280835520125265 25
      vertex -81.54529045638287 16.22036677334095 25
    endloop
  endfacet
  facet normal 0 0 1
    outer loop
      vertex -80.5699804877798 5.280835520125265 25
      vertex -80.05209080692536 10.539057691824734 25
      vertex -81.54529045638287 16.22036677334095 25
    endloop
  endfacet
  facet normal 0 0 1
    outer loop
      vertex -80.05209080692536 10.539057691824734 25
      vertex -80.30983298574824 21.51895489280958 25
      vertex -81.54529045638287 16.22036677334095 25
    endloop
  endfacet
  facet normal 0 0 1
    outer loop
      vertex -80.05209080692536 10.539057691824734 25
      vertex -79.1914057834151 15.752150000502239 25
      vertex -80.30983298574824 21.51895489280958 25
    endloop
  endfacet
  facet normal 0 0 1
    outer loop
      vertex -79.1914057834151 15.752150000502239 25
      vertex -77.99161100265448 20.89778918456353 25
      vertex -80.30983298574824 21.51895489280958 25
    endloop
  endfacet
  facet normal 0 0 1
    outer loop
      vertex -80.30983298574824 21.51895489280958 25
      vertex -77.99161100265448 20.89778918456353 25
      vertex -78.73047648087878 26.725395543777147 25
    endloop
  endfacet
  facet normal 0 0 1
    outer loop
      vertex -77.99161100265448 20.89778918456353 25
      vertex -76.45784417009052 25.953940827049557 25
      vertex -78.73047648087878 26.725395543777147 25
    endloop
  endfacet
  facet normal 0 0 1
    outer loop
      vertex -78.73047648087878 26.725395543777147 25
      vertex -76.45784417009052 25.953940827049557 25
      vertex -76.81398398879556 31.81739394806889 25
    endloop
  endfacet
  facet normal 0 0 1
    outer loop
      vertex -76.45784417009052 25.953940827049557 25
      vertex -74.59667311076846 30.898953710392675 25
      vertex -76.81398398879556 31.81739394806889 25
    endloop
  endfacet
  facet normal 0 0 1
    outer loop
      vertex -74.59667311076846 30.898953710392675 25
      vertex -72.41606764489647 35.71165253025421 25
      vertex -76.81398398879556 31.81739394806889 25
    endloop
  endfacet
  facet normal 0 0 1
    outer loop
      vertex -76.81398398879556 31.81739394806889 25
      vertex -72.41606764489647 35.71165253025421 25
      vertex -74.56856222457493 36.773145386779824 25
    endloop
  endfacet
  facet normal 0 0 1
    outer loop
      vertex -74.56856222457493 36.773145386779824 25
      vertex -72.41606764489647 35.71165253025421 25
      vertex -69.92536545985209 40.37142857142857 25
    endloop
  endfacet
  facet normal 0 0 1
    outer loop
      vertex -74.56856222457493 36.773145386779824 25
      vertex -69.92536545985209 40.37142857142857 25
      vertex -72.00382642893474 41.57142857142857 25
    endloop
  endfacet
  facet normal -0.8492021815265792 0.5280678506503674 0
    outer loop
      vertex -72.00382642893474 41.57142857142857 0
      vertex -72.00382642893474 41.57142857142857 25
      vertex -69.13075919429733 46.19169651677264 25
    endloop
  endfacet
  facet normal -0.8128466845916158 0.5824776968678015 0
    outer loop
      vertex -69.13075919429733 46.19169651677264 0
      vertex -69.13075919429733 46.19169651677264 25
      vertex -65.96166343564269 50.61416452615363 25
    endloop
  endfacet
  facet normal -0.7730104533627377 0.6343932841636448 0
    outer loop
      vertex -65.96166343564269 50.61416452615363 0
      vertex -65.96166343564269 50.61416452615363 25
      vertex -62.51010970753784 54.81989491260572 25
    endloop
  endfacet
  facet normal -0.7298640726978362 0.6835923020228707 0
    outer loop
      vertex -62.51010970753784 54.81989491260572 0
      vertex -62.51010970753784 54.81989491260572 25
      vertex -58.79087809293867 58.79087809293867 25
    endloop
  endfacet
  facet normal -0.6835923020228707 0.7298640726978362 0
    outer loop
      vertex -54.81989491260572 62.51010970753784 0
      vertex -58.79087809293867 58.79087809293867 25
      vertex -54.81989491260572 62.51010970753784 25
    endloop
  endfacet
  facet normal -0.6343932841636448 0.7730104533627377 0
    outer loop
      vertex -50.61416452615363 65.96166343564269 0
      vertex -54.81989491260572 62.51010970753784 25
      vertex -50.61416452615363 65.96166343564269 25
    endloop
  endfacet
  facet normal -0.5824776968678015 0.8128466845916158 0
    outer loop
      vertex -46.19169651677264 69.13075919429733 0
      vertex -50.61416452615363 65.96166343564269 25
      vertex -46.19169651677264 69.13075919429733 25
    endloop
  endfacet
  facet normal -0.5280678506503674 0.8492021815265792 0
    outer loop
      vertex -41.57142857142857 72.00382642893474 0
      vertex -46.19169651677264 69.13075919429733 25
      vertex -41.57142857142857 72.00382642893474 25
    endloop
  endfacet
  facet normal 0 0 1
    outer loop
      vertex -69.92536545985209 40.37142857142857 25
      vertex -67.13523212477122 44.85832795752559 25
      vertex -72.00382642893474 41.57142857142857 25
    endloop
  endfacet
  facet normal 0 0 1
    outer loop
      vertex -72.00382642893474 41.57142857142857 25
      vertex -67.13523212477122 44.85832795752559 25
      vertex -69.13075919429733 46.19169651677264 25
    endloop
  endfacet
  facet normal 0 0 1
    outer loop
      vertex -69.13075919429733 46.19169651677264 25
      vertex -67.13523212477122 44.85832795752559 25
      vertex -64.05761541894373 49.153137096532696 25
    endloop
  endfacet
  facet normal 0 0 1
    outer loop
      vertex -69.13075919429733 46.19169651677264 25
      vertex -64.05761541894373 49.153137096532696 25
      vertex -65.96166343564269 50.61416452615363 25
    endloop
  endfacet
  facet normal 0 0 1
    outer loop
      vertex -65.96166343564269 50.61416452615363 25
      vertex -64.05761541894373 49.153137096532696 25
      vertex -60.70569416958829 53.23746495636555 25
    endloop
  endfacet
  facet normal 0 0 1
    outer loop
      vertex -65.96166343564269 50.61416452615363 25
      vertex -60.70569416958829 53.23746495636555 25
      vertex -62.51010970753784 54.81989491260572 25
    endloop
  endfacet
  facet normal 0 0 1
    outer loop
      vertex -62.51010970753784 54.81989491260572 25
      vertex -60.70569416958829 53.23746495636555 25
      vertex -57.09382181809095 57.09382181809095 25
    endloop
  endfacet
  facet normal 0 0 1
    outer loop
      vertex -62.51010970753784 54.81989491260572 25
      vertex -57.09382181809095 57.09382181809095 25
      vertex -58.79087809293867 58.79087809293867 25
    endloop
  endfacet
  facet normal 0 0 1
    outer loop
      vertex -58.79087809293867 58.79087809293867 25
      vertex -57.09382181809095 57.09382181809095 25
      vertex -53.23746495636555 60.70569416958829 25
    endloop
  endfacet
  facet normal 0 0 1
    outer loop
      vertex -58.79087809293867 58.79087809293867 25
      vertex -53.23746495636555 60.70569416958829 25
      vertex -54.81989491260572 62.51010970753784 25
    endloop
  endfacet
  facet normal 0 0 1
    outer loop
      vertex -53.23746495636555 60.70569416958829 25
      vertex -49.153137096532696 64.05761541894373 25
      vertex -54.81989491260572 62.51010970753784 25
    endloop
  endfacet
  facet normal 0 0 1
    outer loop
      vertex -54.81989491260572 62.51010970753784 25
      vertex -49.153137096532696 64.05761541894373 25
      vertex -50.61416452615363 65.96166343564269 25
    endloop
  endfacet
  facet normal 0 0 1
    outer loop
      vertex -50.61416452615363 65.96166343564269 25
      vertex -49.153137096532696 64.05761541894373 25
      vertex -44.85832795752559 67.13523212477122 25
    endloop
  endfacet
  facet normal 0 0 1
    outer loop
      vertex -50.61416452615363 65.96166343564269 25
      vertex -44.85832795752559 67.13523212477122 25
      vertex -46.19169651677264 69.13075919429733 25
    endloop
  endfacet
  facet normal 0 0 1
    outer loop
      vertex -44.85832795752559 67.13523212477122 25
      vertex -40.37142857142857 69.92536545985209 25
      vertex -46.19169651677264 69.13075919429733 25
    endloop
  endfacet
  facet normal 0 0 1
    outer loop
      vertex -46.19169651677264 69.13075919429733 25
      vertex -40.37142857142857 69.92536545985209 25
      vertex -41.57142857142857 72.00382642893474 25
    endloop
  endfacet
  facet normal -0.47139673682599853 0.8819212643483546 0
    outer loop
      vertex -36.773145386779824 74.56856222457493 0
      vertex -41.57142857142857 72.00382642893474 25
      vertex -36.773145386779824 74.56856222457493 25
    endloop
  endfacet
  facet normal -0.4127070298043958 0.9108638249211753 0
    outer loop
      vertex -31.81739394806889 76.81398398879556 0
      vertex -36.773145386779824 74.56856222457493 25
      vertex -31.81739394806889 76.81398398879556 25
    endloop
  endfacet
  facet normal -0.3522500479212324 0.9359059267573262 0
    outer loop
      vertex -26.725395543777147 78.73047648087878 0
      vertex -31.81739394806889 76.81398398879556 25
      vertex -26.725395543777147 78.73047648087878 25
    endloop
  endfacet
  facet normal -0.2902846772544627 0.9569403357322087 0
    outer loop
      vertex -21.51895489280958 80.30983298574824 0
      vertex -26.725395543777147 78.73047648087878 25
      vertex -21.51895489280958 80.30983298574824 25
    endloop
  endfacet
  facet normal -0.22707626303437373 0.9738769792773335 0
    outer loop
      vertex -16.22036677334095 81.54529045638287 0
      vertex -21.51895489280958 80.30983298574824 25
      vertex -16.22036677334095 81.54529045638287 25
    endloop
  endfacet
  facet normal -0.1628954733945873 0.9866433320848791 0
    outer loop
      vertex -10.85232055315286 82.43155847422251 0
      vertex -16.22036677334095 81.54529045638287 25
      vertex -10.85232055315286 82.43155847422251 25
    endloop
  endfacet
  facet normal -0.0980171403295608 0.9951847266721967 0
    outer loop
      vertex -5.437803030277609 82.96484190355245 0
      vertex -10.85232055315286 82.43155847422251 25
      vertex -5.437803030277609 82.96484190355245 25
    endloop
  endfacet
  facet normal -0.032719082821777046 0.9994645874763657 3.512679979518829e-19
    outer loop
      vertex -5.437803030277609 82.96484190355245 25
      vertex 0 83.14285714285714 25
      vertex 0 83.14285714285714 0
    endloop
  endfacet
  facet normal 0 0 1
    outer loop
      vertex -40.37142857142857 69.92536545985209 25
      vertex -35.71165253025421 72.41606764489647 25
      vertex -41.57142857142857 72.00382642893474 25
    endloop
  endfacet
  facet normal 0 0 1
    outer loop
      vertex -41.57142857142857 72.00382642893474 25
      vertex -35.71165253025421 72.41606764489647 25
      vertex -36.773145386779824 74.56856222457493 25
    endloop
  endfacet
  facet normal 0 0 1
    outer loop
      vertex -35.71165253025421 72.41606764489647 25
      vertex -30.898953710392675 74.59667311076846 25
      vertex -36.773145386779824 74.56856222457493 25
    endloop
  endfacet
  facet normal 0 0 1
    outer loop
      vertex -36.773145386779824 74.56856222457493 25
      vertex -30.898953710392675 74.59667311076846 25
      vertex -31.81739394806889 76.81398398879556 25
    endloop
  endfacet
  facet normal 0 0 1
    outer loop
      vertex -31.81739394806889 76.81398398879556 25
      vertex -30.898953710392675 74.59667311076846 25
      vertex -25.953940827049557 76.45784417009052 25
    endloop
  endfacet
  facet normal 0 0 1
    outer loop
      vertex -31.81739394806889 76.81398398879556 25
      vertex -25.953940827049557 76.45784417009052 25
      vertex -26.725395543777147 78.73047648087878 25
    endloop
  endfacet
  facet normal 0 0 1
    outer loop
      vertex -26.725395543777147 78.73047648087878 25
      vertex -25.953940827049557 76.45784417009052 25
      vertex -20.89778918456353 77.99161100265448 25
    endloop
  endfacet
  facet normal 0 0 1
    outer loop
      vertex -26.725395543777147 78.73047648087878 25
      vertex -20.89778918456353 77.99161100265448 25
      vertex -21.51895489280958 80.30983298574824 25
    endloop
  endfacet
  facet normal 0 0 1
    outer loop
      vertex -20.89778918456353 77.99161100265448 25
      vertex -15.752150000502239 79.1914057834151 25
      vertex -21.51895489280958 80.30983298574824 25
    endloop
  endfacet
  facet normal 0 0 1
    outer loop
      vertex -21.51895489280958 80.30983298574824 25
      vertex -15.752150000502239 79.1914057834151 25
      vertex -16.22036677334095 81.54529045638287 25
    endloop
  endfacet
  facet normal 0 0 1
    outer loop
      vertex -15.752150000502239 79.1914057834151 25
      vertex -10.539057691824734 80.05209080692536 25
      vertex -16.22036677334095 81.54529045638287 25
    endloop
  endfacet
  facet normal 0 0 1
    outer loop
      vertex -16.22036677334095 81.54529045638287 25
      vertex -10.539057691824734 80.05209080692536 25
      vertex -10.85232055315286 82.43155847422251 25
    endloop
  endfacet
  facet normal 0 0 1
    outer loop
      vertex -10.539057691824734 80.05209080692536 25
      vertex -5.280835520125265 80.5699804877798 25
      vertex -10.85232055315286 82.43155847422251 25
    endloop
  endfacet
  facet normal 0 0 1
    outer loop
      vertex -10.85232055315286 82.43155847422251 25
      vertex -5.280835520125265 80.5699804877798 25
      vertex -5.437803030277609 82.96484190355245 25
    endloop
  endfacet
  facet normal 0 0 1
    outer loop
      vertex -5.280835520125265 80.5699804877798 25
      vertex 0 80.74285714285713 25
      vertex -5.437803030277609 82.96484190355245 25
    endloop
  endfacet
  facet normal 0 0 1
    outer loop
      vertex -5.437803030277609 82.96484190355245 25
      vertex 0 80.74285714285713 25
      vertex 0 83.14285714285714 25
    endloop
  endfacet
  facet normal 0 0 -1
    outer loop
      vertex 0 -83.14285714285714 0
      vertex 0.5232250338411448 -7.982871385908828 0
      vertex 5.437803030277609 -82.96484190355245 0
    endloop
  endfacet
  facet normal 0 0 -1
    outer loop
      vertex 5.437803030277609 -82.96484190355245 0
      vertex 0.5232250338411448 -7.982871385908828 0
      vertex 10.85232055315286 -82.43155847422251 0
    endloop
  endfacet
  facet normal 0.032719082821777046 -0.9994645874763657 3.512679979518829e-19
    outer loop
      vertex 0 -83.14285714285714 0
      vertex 5.437803030277609 -82.96484190355245 0
      vertex 5.437803030277609 -82.96484190355245 25
    endloop
  endfacet
  facet normal 0.0980171403295608 -0.9951847266721967 -9.802961339184297e-19
    outer loop
      vertex 5.437803030277609 -82.96484190355245 0
      vertex 10.85232055315286 -82.43155847422251 0
      vertex 10.85232055315286 -82.43155847422251 25
    endloop
  endfacet
  facet normal 0.1628954733945873 -0.9866433320848791 -5.159391773321482e-19
    outer loop
      vertex 10.85232055315286 -82.43155847422251 0
      vertex 16.22036677334095 -81.54529045638287 0
      vertex 16.22036677334095 -81.54529045638287 25
    endloop
  endfacet
  facet normal 0.22707626303437373 -0.9738769792773335 2.098139196669613e-18
    outer loop
      vertex 16.22036677334095 -81.54529045638287 0
      vertex 21.51895489280958 -80.30983298574824 0
      vertex 21.51895489280958 -80.30983298574824 25
    endloop
  endfacet
  facet normal 0.2902846772544627 -0.9569403357322087 5.8991699089458496e-18
    outer loop
      vertex 21.51895489280958 -80.30983298574824 0
      vertex 26.725395543777147 -78.73047648087878 0
      vertex 26.725395543777147 -78.73047648087878 25
    endloop
  endfacet
  facet normal 0.3522500479212324 -0.9359059267573262 -3.4265891269526604e-18
    outer loop
      vertex 26.725395543777147 -78.73047648087878 0
      vertex 31.81739394806889 -76.81398398879556 0
      vertex 31.81739394806889 -76.81398398879556 25
    endloop
  endfacet
  facet normal 0.4127070298043958 -0.9108638249211753 -3.4145249565365686e-18
    outer loop
      vertex 31.81739394806889 -76.81398398879556 0
      vertex 36.773145386779824 -74.56856222457493 0
      vertex 36.773145386779824 -74.56856222457493 25
    endloop
  endfacet
  facet normal 0.47139673682599853 -0.8819212643483546 -6.411251956972581e-18
    outer loop
      vertex 36.773145386779824 -74.56856222457493 0
      vertex 41.57142857142857 -72.00382642893474 0
      vertex 41.57142857142857 -72.00382642893474 25
    endloop
  endfacet
  facet normal 0 0 -1
    outer loop
      vertex 0 -83.14285714285714 0
      vertex 0 -8 0
      vertex 0.5232250338411448 -7.982871385908828 0
    endloop
  endfacet
  facet normal 0 0 -1
    outer loop
      vertex 10.85232055315286 -82.43155847422251 0
      vertex 0.5232250338411448 -7.982871385908828 0
      vertex 1.0442095377604126 -7.931558890990483 0
    endloop
  endfacet
  facet normal 0 0 -1
    outer loop
      vertex 10.85232055315286 -82.43155847422251 0
      vertex 1.0442095377604126 -7.931558890990483 0
      vertex 1.560722576129026 -7.8462822432258434 0
    endloop
  endfacet
  facet normal 0 0 -1
    outer loop
      vertex 10.85232055315286 -82.43155847422251 0
      vertex 1.560722576129026 -7.8462822432258434 0
      vertex 2.070552360820166 -7.7274066103125465 0
    endloop
  endfacet
  facet normal 0 0 -1
    outer loop
      vertex 10.85232055315286 -82.43155847422251 0
      vertex 2.070552360820166 -7.7274066103125465 0
      vertex 2.5715157224252927 -7.5754410359608455 0
    endloop
  endfacet
  facet normal 0 0 -1
    outer loop
      vertex 10.85232055315286 -82.43155847422251 0
      vertex 2.5715157224252927 -7.5754410359608455 0
      vertex 3.0614674589207183 -7.391036260090294 0
    endloop
  endfacet
  facet normal 0 0 -1
    outer loop
      vertex 10.85232055315286 -82.43155847422251 0
      vertex 3.0614674589207183 -7.391036260090294 0
      vertex 3.5383095217520104 -7.174981932261506 0
    endloop
  endfacet
  facet normal 0 0 -1
    outer loop
      vertex 10.85232055315286 -82.43155847422251 0
      vertex 3.5383095217520104 -7.174981932261506 0
      vertex 4 -6.928203230275509 0
    endloop
  endfacet
  facet normal 0 0 -1
    outer loop
      vertex 10.85232055315286 -82.43155847422251 0
      vertex 4 -6.928203230275509 0
      vertex 4.444561864156817 -6.651756898420362 0
    endloop
  endfacet
  facet normal 0 0 -1
    outer loop
      vertex 10.85232055315286 -82.43155847422251 0
      vertex 4.444561864156817 -6.651756898420362 0
      vertex 4.870091432069765 -6.346826722329881 0
    endloop
  endfacet
  facet normal 0 0 -1
    outer loop
      vertex 10.85232055315286 -82.43155847422251 0
      vertex 4.870091432069765 -6.346826722329881 0
      vertex 5.274766520800551 -6.01471845983182 0
    endloop
  endfacet
  facet normal 0 0 -1
    outer loop
      vertex 10.85232055315286 -82.43155847422251 0
      vertex 5.274766520800551 -6.01471845983182 0
      vertex 5.656854249492381 -5.656854249492381 0
    endloop
  endfacet
  facet normal 0 0 -1
    outer loop
      vertex 10.85232055315286 -82.43155847422251 0
      vertex 5.656854249492381 -5.656854249492381 0
      vertex 6.01471845983182 -5.274766520800551 0
    endloop
  endfacet
  facet normal 0 0 -1
    outer loop
      vertex 10.85232055315286 -82.43155847422251 0
      vertex 6.01471845983182 -5.274766520800551 0
      vertex 6.346826722329881 -4.870091432069765 0
    endloop
  endfacet
  facet normal 0 0 -1
    outer loop
      vertex 10.85232055315286 -82.43155847422251 0
      vertex 6.346826722329881 -4.870091432069765 0
      vertex 6.651756898420362 -4.444561864156817 0
    endloop
  endfacet
  facet normal 0 0 -1
    outer loop
      vertex 10.85232055315286 -82.43155847422251 0
      vertex 6.651756898420362 -4.444561864156817 0
      vertex 6.928203230275509 -4 0
    endloop
  endfacet
  facet normal 0 0 -1
    outer loop
      vertex 10.85232055315286 -82.43155847422251 0
      vertex 6.928203230275509 -4 0
      vertex 7.174981932261506 -3.5383095217520104 0
    endloop
  endfacet
  facet normal 0 0 -1
    outer loop
      vertex 10.85232055315286 -82.43155847422251 0
      vertex 7.174981932261506 -3.5383095217520104 0
      vertex 7.391036260090294 -3.0614674589207183 0
    endloop
  endfacet
  facet normal 0 0 -1
    outer loop
      vertex 10.85232055315286 -82.43155847422251 0
      vertex 7.391036260090294 -3.0614674589207183 0
      vertex 7.5754410359608455 -2.5715157224252927 0
    endloop
  endfacet
  facet normal 0 0 -1
    outer loop
      vertex 10.85232055315286 -82.43155847422251 0
      vertex 7.5754410359608455 -2.5715157224252927 0
      vertex 7.7274066103125465 -2.070552360820166 0
    endloop
  endfacet
  facet normal 0 0 -1
    outer loop
      vertex 10.85232055315286 -82.43155847422251 0
      vertex 7.7274066103125465 -2.070552360820166 0
      vertex 7.8462822432258434 -1.560722576129026 0
    endloop
  endfacet
  facet normal 0 0 -1
    outer loop
      vertex 10.85232055315286 -82.43155847422251 0
      vertex 7.8462822432258434 -1.560722576129026 0
      vertex 7.931558890990483 -1.0442095377604126 0
    endloop
  endfacet
  facet normal 0 0 -1
    outer loop
      vertex 10.85232055315286 -82.43155847422251 0
      vertex 7.931558890990483 -1.0442095377604126 0
      vertex 7.982871385908828 -0.5232250338411445 0
    endloop
  endfacet
  facet normal 0 0 -1
    outer loop
      vertex 10.85232055315286 -82.43155847422251 0
      vertex 7.982871385908828 -0.5232250338411445 0
      vertex 8 0 0
    endloop
  endfacet
  facet normal 0 0 -1
    outer loop
      vertex 10.85232055315286 -82.43155847422251 0
      vertex 8 0 0
      vertex 7.982871385908828 0.5232250338411445 0
    endloop
  endfacet
  facet normal 0 0 -1
    outer loop
      vertex 10.85232055315286 -82.43155847422251 0
      vertex 16.22036677334095 81.54529045638287 0
      vertex 16.22036677334095 -81.54529045638287 0
    endloop
  endfacet
  facet normal 0 0 -1
    outer loop
      vertex 16.22036677334095 -81.54529045638287 0
      vertex 21.51895489280958 80.30983298574824 0
      vertex 21.51895489280958 -80.30983298574824 0
    endloop
  endfacet
  facet normal 0 0 -1
    outer loop
      vertex 21.51895489280958 -80.30983298574824 0
      vertex 26.725395543777147 78.73047648087878 0
      vertex 26.725395543777147 -78.73047648087878 0
    endloop
  endfacet
  facet normal 0 0 -1
    outer loop
      vertex 26.725395543777147 -78.73047648087878 0
      vertex 31.81739394806889 76.81398398879556 0
      vertex 31.81739394806889 -76.81398398879556 0
    endloop
  endfacet
  facet normal 0 0 -1
    outer loop
      vertex 31.81739394806889 -76.81398398879556 0
      vertex 36.773145386779824 74.56856222457493 0
      vertex 36.773145386779824 -74.56856222457493 0
    endloop
  endfacet
  facet normal 0 0 -1
    outer loop
      vertex 36.773145386779824 -74.56856222457493 0
      vertex 41.57142857142857 72.00382642893474 0
      vertex 41.57142857142857 -72.00382642893474 0
    endloop
  endfacet
  facet normal 0.5280678506503674 -0.8492021815265792 -2.468451473041476e-18
    outer loop
      vertex 41.57142857142857 -72.00382642893474 0
      vertex 46.19169651677264 -69.13075919429733 0
      vertex 46.19169651677264 -69.13075919429733 25
    endloop
  endfacet
  facet normal 0.5824776968678015 -0.8128466845916158 5.8095801018578734e-18
    outer loop
      vertex 46.19169651677264 -69.13075919429733 0
      vertex 50.61416452615363 -65.96166343564269 0
      vertex 50.61416452615363 -65.96166343564269 25
    endloop
  endfacet
  facet normal 0.6343932841636448 -0.7730104533627377 -2.7201980166961966e-18
    outer loop
      vertex 50.61416452615363 -65.96166343564269 0
      vertex 54.81989491260572 -62.51010970753784 0
      vertex 54.81989491260572 -62.51010970753784 25
    endloop
  endfacet
  facet normal 0.6835923020228707 -0.7298640726978362 2.523453544962999e-18
    outer loop
      vertex 54.81989491260572 -62.51010970753784 0
      vertex 58.79087809293867 -58.79087809293867 0
      vertex 58.79087809293867 -58.79087809293867 25
    endloop
  endfacet
  facet normal 0.7298640726978362 -0.6835923020228707 0
    outer loop
      vertex 58.79087809293867 -58.79087809293867 0
      vertex 62.51010970753784 -54.81989491260572 0
      vertex 58.79087809293867 -58.79087809293867 25
    endloop
  endfacet
  facet normal 0.7730104533627377 -0.6343932841636448 0
    outer loop
      vertex 62.51010970753784 -54.81989491260572 0
      vertex 65.96166343564269 -50.61416452615363 0
      vertex 62.51010970753784 -54.81989491260572 25
    endloop
  endfacet
  facet normal 0.8128466845916158 -0.5824776968678015 0
    outer loop
      vertex 65.96166343564269 -50.61416452615363 0
      vertex 69.13075919429733 -46.19169651677264 0
      vertex 65.96166343564269 -50.61416452615363 25
    endloop
  endfacet
  facet normal 0.8492021815265792 -0.5280678506503674 0
    outer loop
      vertex 69.13075919429733 -46.19169651677264 0
      vertex 72.00382642893474 -41.57142857142857 0
      vertex 69.13075919429733 -46.19169651677264 25
    endloop
  endfacet
  facet normal 0 0 -1
    outer loop
      vertex 41.57142857142857 -72.00382642893474 0
      vertex 46.19169651677264 69.13075919429733 0
      vertex 46.19169651677264 -69.13075919429733 0
    endloop
  endfacet
  facet normal 0 0 -1
    outer loop
      vertex 46.19169651677264 -69.13075919429733 0
      vertex 50.61416452615363 65.96166343564269 0
      vertex 50.61416452615363 -65.96166343564269 0
    endloop
  endfacet
  facet normal 0 0 -1
    outer loop
      vertex 50.61416452615363 -65.96166343564269 0
      vertex 54.81989491260572 62.51010970753784 0
      vertex 54.81989491260572 -62.51010970753784 0
    endloop
  endfacet
  facet normal 0 0 -1
    outer loop
      vertex 54.81989491260572 -62.51010970753784 0
      vertex 58.79087809293867 58.79087809293867 0
      vertex 58.79087809293867 -58.79087809293867 0
    endloop
  endfacet
  facet normal 0 0 -1
    outer loop
      vertex 58.79087809293867 -58.79087809293867 0
      vertex 62.51010970753784 54.81989491260572 0
      vertex 62.51010970753784 -54.81989491260572 0
    endloop
  endfacet
  facet normal 0 0 -1
    outer loop
      vertex 62.51010970753784 -54.81989491260572 0
      vertex 65.96166343564269 50.61416452615363 0
      vertex 65.96166343564269 -50.61416452615363 0
    endloop
  endfacet
  facet normal 0 0 -1
    outer loop
      vertex 65.96166343564269 -50.61416452615363 0
      vertex 69.13075919429733 46.19169651677264 0
      vertex 69.13075919429733 -46.19169651677264 0
    endloop
  endfacet
  facet normal 0 0 -1
    outer loop
      vertex 69.13075919429733 -46.19169651677264 0
      vertex 72.00382642893474 41.57142857142857 0
      vertex 72.00382642893474 -41.57142857142857 0
    endloop
  endfacet
  facet normal 0 0 -1
    outer loop
      vertex 72.00382642893474 -41.57142857142857 0
      vertex 74.56856222457493 36.773145386779824 0
      vertex 74.56856222457493 -36.773145386779824 0
    endloop
  endfacet
  facet normal 0 0 -1
    outer loop
      vertex 74.56856222457493 -36.773145386779824 0
      vertex 76.81398398879556 31.81739394806889 0
      vertex 76.81398398879556 -31.81739394806889 0
    endloop
  endfacet
  facet normal 0 0 -1
    outer loop
      vertex 76.81398398879556 -31.81739394806889 0
      vertex 78.73047648087878 26.725395543777147 0
      vertex 78.73047648087878 -26.725395543777147 0
    endloop
  endfacet
  facet normal 0 0 -1
    outer loop
      vertex 78.73047648087878 -26.725395543777147 0
      vertex 80.30983298574824 21.51895489280958 0
      vertex 80.30983298574824 -21.51895489280958 0
    endloop
  endfacet
  facet normal 0 0 -1
    outer loop
      vertex 80.30983298574824 -21.51895489280958 0
      vertex 81.54529045638287 16.22036677334095 0
      vertex 81.54529045638287 -16.22036677334095 0
    endloop
  endfacet
  facet normal 0 0 -1
    outer loop
      vertex 81.54529045638287 -16.22036677334095 0
      vertex 82.43155847422251 10.85232055315286 0
      vertex 82.43155847422251 -10.85232055315286 0
    endloop
  endfacet
  facet normal 0 0 -1
    outer loop
      vertex 82.43155847422251 -10.85232055315286 0
      vertex 82.96484190355245 5.437803030277609 0
      vertex 82.96484190355245 -5.437803030277609 0
    endloop
  endfacet
  facet normal 0.8819212643483546 -0.47139673682599853 0
    outer loop
      vertex 72.00382642893474 -41.57142857142857 0
      vertex 74.56856222457493 -36.773145386779824 0
      vertex 72.00382642893474 -41.57142857142857 25
    endloop
  endfacet
  facet normal 0.9108638249211753 -0.4127070298043958 0
    outer loop
      vertex 74.56856222457493 -36.773145386779824 0
      vertex 76.81398398879556 -31.81739394806889 0
      vertex 74.56856222457493 -36.773145386779824 25
    endloop
  endfacet
  facet normal 0.9359059267573262 -0.3522500479212324 0
    outer loop
      vertex 76.81398398879556 -31.81739394806889 0
      vertex 78.73047648087878 -26.725395543777147 0
      vertex 76.81398398879556 -31.81739394806889 25
    endloop
  endfacet
  facet normal 0.9569403357322087 -0.2902846772544627 0
    outer loop
      vertex 78.73047648087878 -26.725395543777147 0
      vertex 80.30983298574824 -21.51895489280958 0
      vertex 78.73047648087878 -26.725395543777147 25
    endloop
  endfacet
  facet normal 0.9738769792773335 -0.22707626303437373 0
    outer loop
      vertex 80.30983298574824 -21.51895489280958 0
      vertex 81.54529045638287 -16.22036677334095 0
      vertex 80.30983298574824 -21.51895489280958 25
    endloop
  endfacet
  facet normal 0.9866433320848791 -0.1628954733945873 0
    outer loop
      vertex 81.54529045638287 -16.22036677334095 0
      vertex 82.43155847422251 -10.85232055315286 0
      vertex 81.54529045638287 -16.22036677334095 25
    endloop
  endfacet
  facet normal 0.9951847266721967 -0.0980171403295608 0
    outer loop
      vertex 82.43155847422251 -10.85232055315286 0
      vertex 82.96484190355245 -5.437803030277609 0
      vertex 82.43155847422251 -10.85232055315286 25
    endloop
  endfacet
  facet normal 0.9994645874763657 -0.032719082821777046 0
    outer loop
      vertex 82.96484190355245 -5.437803030277609 0
      vertex 83.14285714285714 0 0
      vertex 82.96484190355245 -5.437803030277609 25
    endloop
  endfacet
  facet normal 0.032719082821777046 -0.9994645874763657 0
    outer loop
      vertex 0 -83.14285714285714 0
      vertex 5.437803030277609 -82.96484190355245 25
      vertex 0 -83.14285714285714 25
    endloop
  endfacet
  facet normal 0.0980171403295608 -0.9951847266721967 0
    outer loop
      vertex 5.437803030277609 -82.96484190355245 0
      vertex 10.85232055315286 -82.43155847422251 25
      vertex 5.437803030277609 -82.96484190355245 25
    endloop
  endfacet
  facet normal 0.1628954733945873 -0.9866433320848791 0
    outer loop
      vertex 10.85232055315286 -82.43155847422251 0
      vertex 16.22036677334095 -81.54529045638287 25
      vertex 10.85232055315286 -82.43155847422251 25
    endloop
  endfacet
  facet normal 0.22707626303437373 -0.9738769792773335 0
    outer loop
      vertex 16.22036677334095 -81.54529045638287 0
      vertex 21.51895489280958 -80.30983298574824 25
      vertex 16.22036677334095 -81.54529045638287 25
    endloop
  endfacet
  facet normal 0.2902846772544627 -0.9569403357322087 0
    outer loop
      vertex 21.51895489280958 -80.30983298574824 0
      vertex 26.725395543777147 -78.73047648087878 25
      vertex 21.51895489280958 -80.30983298574824 25
    endloop
  endfacet
  facet normal 0.3522500479212324 -0.9359059267573262 0
    outer loop
      vertex 26.725395543777147 -78.73047648087878 0
      vertex 31.81739394806889 -76.81398398879556 25
      vertex 26.725395543777147 -78.73047648087878 25
    endloop
  endfacet
  facet normal 0.4127070298043958 -0.9108638249211753 0
    outer loop
      vertex 31.81739394806889 -76.81398398879556 0
      vertex 36.773145386779824 -74.56856222457493 25
      vertex 31.81739394806889 -76.81398398879556 25
    endloop
  endfacet
  facet normal 0.47139673682599853 -0.8819212643483546 0
    outer loop
      vertex 36.773145386779824 -74.56856222457493 0
      vertex 41.57142857142857 -72.00382642893474 25
      vertex 36.773145386779824 -74.56856222457493 25
    endloop
  endfacet
  facet normal 0 0 1
    outer loop
      vertex 0 -83.14285714285714 25
      vertex 5.437803030277609 -82.96484190355245 25
      vertex 0 -80.74285714285713 25
    endloop
  endfacet
  facet normal 0 0 1
    outer loop
      vertex 0 -80.74285714285713 25
      vertex 5.437803030277609 -82.96484190355245 25
      vertex 5.280835520125265 -80.5699804877798 25
    endloop
  endfacet
  facet normal 0 0 1
    outer loop
      vertex 5.437803030277609 -82.96484190355245 25
      vertex 10.85232055315286 -82.43155847422251 25
      vertex 5.280835520125265 -80.5699804877798 25
    endloop
  endfacet
  facet normal 0 0 1
    outer loop
      vertex 5.280835520125265 -80.5699804877798 25
      vertex 10.85232055315286 -82.43155847422251 25
      vertex 10.539057691824734 -80.05209080692536 25
    endloop
  endfacet
  facet normal 0 0 1
    outer loop
      vertex 10.85232055315286 -82.43155847422251 25
      vertex 16.22036677334095 -81.54529045638287 25
      vertex 10.539057691824734 -80.05209080692536 25
    endloop
  endfacet
  facet normal 0 0 1
    outer loop
      vertex 10.539057691824734 -80.05209080692536 25
      vertex 16.22036677334095 -81.54529045638287 25
      vertex 15.752150000502239 -79.1914057834151 25
    endloop
  endfacet
  facet normal 0 0 1
    outer loop
      vertex 16.22036677334095 -81.54529045638287 25
      vertex 21.51895489280958 -80.30983298574824 25
      vertex 15.752150000502239 -79.1914057834151 25
    endloop
  endfacet
  facet normal 0 0 1
    outer loop
      vertex 15.752150000502239 -79.1914057834151 25
      vertex 21.51895489280958 -80.30983298574824 25
      vertex 20.89778918456353 -77.99161100265448 25
    endloop
  endfacet
  facet normal 0 0 1
    outer loop
      vertex 21.51895489280958 -80.30983298574824 25
      vertex 26.725395543777147 -78.73047648087878 25
      vertex 20.89778918456353 -77.99161100265448 25
    endloop
  endfacet
  facet normal 0 0 1
    outer loop
      vertex 20.89778918456353 -77.99161100265448 25
      vertex 26.725395543777147 -78.73047648087878 25
      vertex 25.953940827049557 -76.45784417009052 25
    endloop
  endfacet
  facet normal 0 0 1
    outer loop
      vertex 25.953940827049557 -76.45784417009052 25
      vertex 26.725395543777147 -78.73047648087878 25
      vertex 31.81739394806889 -76.81398398879556 25
    endloop
  endfacet
  facet normal 0 0 1
    outer loop
      vertex 25.953940827049557 -76.45784417009052 25
      vertex 31.81739394806889 -76.81398398879556 25
      vertex 30.898953710392675 -74.59667311076846 25
    endloop
  endfacet
  facet normal 0 0 1
    outer loop
      vertex 30.898953710392675 -74.59667311076846 25
      vertex 31.81739394806889 -76.81398398879556 25
      vertex 36.773145386779824 -74.56856222457493 25
    endloop
  endfacet
  facet normal 0 0 1
    outer loop
      vertex 30.898953710392675 -74.59667311076846 25
      vertex 36.773145386779824 -74.56856222457493 25
      vertex 35.71165253025421 -72.41606764489647 25
    endloop
  endfacet
  facet normal 0 0 1
    outer loop
      vertex 36.773145386779824 -74.56856222457493 25
      vertex 41.57142857142857 -72.00382642893474 25
      vertex 35.71165253025421 -72.41606764489647 25
    endloop
  endfacet
  facet normal 0 0 1
    outer loop
      vertex 35.71165253025421 -72.41606764489647 25
      vertex 41.57142857142857 -72.00382642893474 25
      vertex 40.37142857142857 -69.92536545985209 25
    endloop
  endfacet
  facet normal 0.5280678506503674 -0.8492021815265792 0
    outer loop
      vertex 41.57142857142857 -72.00382642893474 0
      vertex 46.19169651677264 -69.13075919429733 25
      vertex 41.57142857142857 -72.00382642893474 25
    endloop
  endfacet
  facet normal 0.5824776968678015 -0.8128466845916158 0
    outer loop
      vertex 46.19169651677264 -69.13075919429733 0
      vertex 50.61416452615363 -65.96166343564269 25
      vertex 46.19169651677264 -69.13075919429733 25
    endloop
  endfacet
  facet normal 0.6343932841636448 -0.7730104533627377 0
    outer loop
      vertex 50.61416452615363 -65.96166343564269 0
      vertex 54.81989491260572 -62.51010970753784 25
      vertex 50.61416452615363 -65.96166343564269 25
    endloop
  endfacet
  facet normal 0.6835923020228707 -0.7298640726978362 0
    outer loop
      vertex 54.81989491260572 -62.51010970753784 0
      vertex 58.79087809293867 -58.79087809293867 25
      vertex 54.81989491260572 -62.51010970753784 25
    endloop
  endfacet
  facet normal 0.7298640726978362 -0.6835923020228707 0
    outer loop
      vertex 62.51010970753784 -54.81989491260572 0
      vertex 62.51010970753784 -54.81989491260572 25
      vertex 58.79087809293867 -58.79087809293867 25
    endloop
  endfacet
  facet normal 0.7730104533627377 -0.6343932841636448 0
    outer loop
      vertex 65.96166343564269 -50.61416452615363 0
      vertex 65.96166343564269 -50.61416452615363 25
      vertex 62.51010970753784 -54.81989491260572 25
    endloop
  endfacet
  facet normal 0.8128466845916158 -0.5824776968678015 0
    outer loop
      vertex 69.13075919429733 -46.19169651677264 0
      vertex 69.13075919429733 -46.19169651677264 25
      vertex 65.96166343564269 -50.61416452615363 25
    endloop
  endfacet
  facet normal 0.8492021815265792 -0.5280678506503674 0
    outer loop
      vertex 72.00382642893474 -41.57142857142857 0
      vertex 72.00382642893474 -41.57142857142857 25
      vertex 69.13075919429733 -46.19169651677264 25
    endloop
  endfacet
  facet normal 0 0 1
    outer loop
      vertex 40.37142857142857 -69.92536545985209 25
      vertex 41.57142857142857 -72.00382642893474 25
      vertex 46.19169651677264 -69.13075919429733 25
    endloop
  endfacet
  facet normal 0 0 1
    outer loop
      vertex 40.37142857142857 -69.92536545985209 25
      vertex 46.19169651677264 -69.13075919429733 25
      vertex 44.85832795752559 -67.13523212477122 25
    endloop
  endfacet
  facet normal 0 0 1
    outer loop
      vertex 46.19169651677264 -69.13075919429733 25
      vertex 50.61416452615363 -65.96166343564269 25
      vertex 44.85832795752559 -67.13523212477122 25
    endloop
  endfacet
  facet normal 0 0 1
    outer loop
      vertex 44.85832795752559 -67.13523212477122 25
      vertex 50.61416452615363 -65.96166343564269 25
      vertex 49.153137096532696 -64.05761541894373 25
    endloop
  endfacet
  facet normal 0 0 1
    outer loop
      vertex 49.153137096532696 -64.05761541894373 25
      vertex 50.61416452615363 -65.96166343564269 25
      vertex 54.81989491260572 -62.51010970753784 25
    endloop
  endfacet
  facet normal 0 0 1
    outer loop
      vertex 49.153137096532696 -64.05761541894373 25
      vertex 54.81989491260572 -62.51010970753784 25
      vertex 53.23746495636555 -60.70569416958829 25
    endloop
  endfacet
  facet normal 0 0 1
    outer loop
      vertex 54.81989491260572 -62.51010970753784 25
      vertex 58.79087809293867 -58.79087809293867 25
      vertex 53.23746495636555 -60.70569416958829 25
    endloop
  endfacet
  facet normal 0 0 1
    outer loop
      vertex 53.23746495636555 -60.70569416958829 25
      vertex 58.79087809293867 -58.79087809293867 25
      vertex 57.09382181809095 -57.09382181809095 25
    endloop
  endfacet
  facet normal 0 0 1
    outer loop
      vertex 57.09382181809095 -57.09382181809095 25
      vertex 58.79087809293867 -58.79087809293867 25
      vertex 62.51010970753784 -54.81989491260572 25
    endloop
  endfacet
  facet normal 0 0 1
    outer loop
      vertex 57.09382181809095 -57.09382181809095 25
      vertex 62.51010970753784 -54.81989491260572 25
      vertex 60.70569416958829 -53.23746495636555 25
    endloop
  endfacet
  facet normal 0 0 1
    outer loop
      vertex 60.70569416958829 -53.23746495636555 25
      vertex 62.51010970753784 -54.81989491260572 25
      vertex 65.96166343564269 -50.61416452615363 25
    endloop
  endfacet
  facet normal 0 0 1
    outer loop
      vertex 60.70569416958829 -53.23746495636555 25
      vertex 65.96166343564269 -50.61416452615363 25
      vertex 64.05761541894373 -49.153137096532696 25
    endloop
  endfacet
  facet normal 0 0 1
    outer loop
      vertex 64.05761541894373 -49.153137096532696 25
      vertex 65.96166343564269 -50.61416452615363 25
      vertex 69.13075919429733 -46.19169651677264 25
    endloop
  endfacet
  facet normal 0 0 1
    outer loop
      vertex 64.05761541894373 -49.153137096532696 25
      vertex 69.13075919429733 -46.19169651677264 25
      vertex 67.13523212477122 -44.85832795752559 25
    endloop
  endfacet
  facet normal 0 0 1
    outer loop
      vertex 67.13523212477122 -44.85832795752559 25
      vertex 69.13075919429733 -46.19169651677264 25
      vertex 72.00382642893474 -41.57142857142857 25
    endloop
  endfacet
  facet normal 0 0 1
    outer loop
      vertex 67.13523212477122 -44.85832795752559 25
      vertex 72.00382642893474 -41.57142857142857 25
      vertex 69.92536545985209 -40.37142857142857 25
    endloop
  endfacet
  facet normal 0.8819212643483546 -0.47139673682599853 0
    outer loop
      vertex 74.56856222457493 -36.773145386779824 0
      vertex 74.56856222457493 -36.773145386779824 25
      vertex 72.00382642893474 -41.57142857142857 25
    endloop
  endfacet
  facet normal 0.9108638249211753 -0.4127070298043958 0
    outer loop
      vertex 76.81398398879556 -31.81739394806889 0
      vertex 76.81398398879556 -31.81739394806889 25
      vertex 74.56856222457493 -36.773145386779824 25
    endloop
  endfacet
  facet normal 0.9359059267573262 -0.3522500479212324 0
    outer loop
      vertex 78.73047648087878 -26.725395543777147 0
      vertex 78.73047648087878 -26.725395543777147 25
      vertex 76.81398398879556 -31.81739394806889 25
    endloop
  endfacet
  facet normal 0.9569403357322087 -0.2902846772544627 0
    outer loop
      vertex 80.30983298574824 -21.51895489280958 0
      vertex 80.30983298574824 -21.51895489280958 25
      vertex 78.73047648087878 -26.725395543777147 25
    endloop
  endfacet
  facet normal 0.9738769792773335 -0.22707626303437373 0
    outer loop
      vertex 81.54529045638287 -16.22036677334095 0
      vertex 81.54529045638287 -16.22036677334095 25
      vertex 80.30983298574824 -21.51895489280958 25
    endloop
  endfacet
  facet normal 0.9866433320848791 -0.1628954733945873 0
    outer loop
      vertex 82.43155847422251 -10.85232055315286 0
      vertex 82.43155847422251 -10.85232055315286 25
      vertex 81.54529045638287 -16.22036677334095 25
    endloop
  endfacet
  facet normal 0.9951847266721967 -0.0980171403295608 0
    outer loop
      vertex 82.96484190355245 -5.437803030277609 0
      vertex 82.96484190355245 -5.437803030277609 25
      vertex 82.43155847422251 -10.85232055315286 25
    endloop
  endfacet
  facet normal 0.9994645874763657 -0.032719082821777046 3.512679979518829e-19
    outer loop
      vertex 82.96484190355245 -5.437803030277609 25
      vertex 83.14285714285714 0 0
      vertex 83.14285714285714 0 25
    endloop
  endfacet
  facet normal 0 0 1
    outer loop
      vertex 69.92536545985209 -40.37142857142857 25
      vertex 72.00382642893474 -41.57142857142857 25
      vertex 74.56856222457493 -36.773145386779824 25
    endloop
  endfacet
  facet normal 0 0 1
    outer loop
      vertex 69.92536545985209 -40.37142857142857 25
      vertex 74.56856222457493 -36.773145386779824 25
      vertex 72.41606764489647 -35.71165253025421 25
    endloop
  endfacet
  facet normal 0 0 1
    outer loop
      vertex 72.41606764489647 -35.71165253025421 25
      vertex 74.56856222457493 -36.773145386779824 25
      vertex 76.81398398879556 -31.81739394806889 25
    endloop
  endfacet
  facet normal 0 0 1
    outer loop
      vertex 72.41606764489647 -35.71165253025421 25
      vertex 76.81398398879556 -31.81739394806889 25
      vertex 74.59667311076846 -30.898953710392675 25
    endloop
  endfacet
  facet normal 0 0 1
    outer loop
      vertex 76.81398398879556 -31.81739394806889 25
      vertex 76.45784417009052 -25.953940827049557 25
      vertex 74.59667311076846 -30.898953710392675 25
    endloop
  endfacet
  facet normal 0 0 1
    outer loop
      vertex 76.81398398879556 -31.81739394806889 25
      vertex 78.73047648087878 -26.725395543777147 25
      vertex 76.45784417009052 -25.953940827049557 25
    endloop
  endfacet
  facet normal 0 0 1
    outer loop
      vertex 76.45784417009052 -25.953940827049557 25
      vertex 78.73047648087878 -26.725395543777147 25
      vertex 77.99161100265448 -20.89778918456353 25
    endloop
  endfacet
  facet normal 0 0 1
    outer loop
      vertex 78.73047648087878 -26.725395543777147 25
      vertex 80.30983298574824 -21.51895489280958 25
      vertex 77.99161100265448 -20.89778918456353 25
    endloop
  endfacet
  facet normal 0 0 1
    outer loop
      vertex 77.99161100265448 -20.89778918456353 25
      vertex 80.30983298574824 -21.51895489280958 25
      vertex 79.1914057834151 -15.752150000502239 25
    endloop
  endfacet
  facet normal 0 0 1
    outer loop
      vertex 80.30983298574824 -21.51895489280958 25
      vertex 80.05209080692536 -10.539057691824734 25
      vertex 79.1914057834151 -15.752150000502239 25
    endloop
  endfacet
  facet normal 0 0 1
    outer loop
      vertex 80.30983298574824 -21.51895489280958 25
      vertex 81.54529045638287 -16.22036677334095 25
      vertex 80.05209080692536 -10.539057691824734 25
    endloop
  endfacet
  facet normal 0 0 1
    outer loop
      vertex 81.54529045638287 -16.22036677334095 25
      vertex 80.5699804877798 -5.280835520125265 25
      vertex 80.05209080692536 -10.539057691824734 25
    endloop
  endfacet
  facet normal 0 0 1
    outer loop
      vertex 81.54529045638287 -16.22036677334095 25
      vertex 80.74285714285713 0 25
      vertex 80.5699804877798 -5.280835520125265 25
    endloop
  endfacet
  facet normal 0 0 1
    outer loop
      vertex 81.54529045638287 -16.22036677334095 25
      vertex 82.43155847422251 -10.85232055315286 25
      vertex 81.54529045638287 16.22036677334095 25
    endloop
  endfacet
  facet normal 0 0 1
    outer loop
      vertex 82.43155847422251 -10.85232055315286 25
      vertex 82.96484190355245 -5.437803030277609 25
      vertex 82.43155847422251 10.85232055315286 25
    endloop
  endfacet
  facet normal 0 0 -1
    outer loop
      vertex 10.85232055315286 -82.43155847422251 0
      vertex 7.982871385908828 0.5232250338411445 0
      vertex 10.85232055315286 82.43155847422251 0
    endloop
  endfacet
  facet normal 0 0 -1
    outer loop
      vertex 10.85232055315286 82.43155847422251 0
      vertex 6.01471845983182 5.274766520800551 0
      vertex 5.656854249492381 5.656854249492381 0
    endloop
  endfacet
  facet normal 0 0 -1
    outer loop
      vertex 10.85232055315286 82.43155847422251 0
      vertex 6.346826722329881 4.870091432069765 0
      vertex 6.01471845983182 5.274766520800551 0
    endloop
  endfacet
  facet normal 0 0 -1
    outer loop
      vertex 10.85232055315286 82.43155847422251 0
      vertex 7.982871385908828 0.5232250338411445 0
      vertex 7.931558890990483 1.0442095377604126 0
    endloop
  endfacet
  facet normal 0 0 -1
    outer loop
      vertex 10.85232055315286 82.43155847422251 0
      vertex 7.931558890990483 1.0442095377604126 0
      vertex 7.8462822432258434 1.560722576129026 0
    endloop
  endfacet
  facet normal 0 0 -1
    outer loop
      vertex 10.85232055315286 82.43155847422251 0
      vertex 7.7274066103125465 2.070552360820166 0
      vertex 7.5754410359608455 2.5715157224252927 0
    endloop
  endfacet
  facet normal 0 0 -1
    outer loop
      vertex 10.85232055315286 82.43155847422251 0
      vertex 7.8462822432258434 1.560722576129026 0
      vertex 7.7274066103125465 2.070552360820166 0
    endloop
  endfacet
  facet normal 0 0 -1
    outer loop
      vertex 10.85232055315286 82.43155847422251 0
      vertex 7.5754410359608455 2.5715157224252927 0
      vertex 7.391036260090294 3.0614674589207183 0
    endloop
  endfacet
  facet normal 0 0 -1
    outer loop
      vertex 10.85232055315286 82.43155847422251 0
      vertex 7.391036260090294 3.0614674589207183 0
      vertex 7.174981932261506 3.5383095217520104 0
    endloop
  endfacet
  facet normal 0 0 -1
    outer loop
      vertex 10.85232055315286 82.43155847422251 0
      vertex 7.174981932261506 3.5383095217520104 0
      vertex 6.928203230275509 4 0
    endloop
  endfacet
  facet normal 0 0 -1
    outer loop
      vertex 10.85232055315286 82.43155847422251 0
      vertex 6.928203230275509 4 0
      vertex 6.651756898420362 4.444561864156817 0
    endloop
  endfacet
  facet normal 0 0 -1
    outer loop
      vertex 10.85232055315286 82.43155847422251 0
      vertex 6.651756898420362 4.444561864156817 0
      vertex 6.346826722329881 4.870091432069765 0
    endloop
  endfacet
  facet normal 0 0 -1
    outer loop
      vertex 10.85232055315286 82.43155847422251 0
      vertex 2.070552360820166 7.7274066103125465 0
      vertex 1.560722576129026 7.8462822432258434 0
    endloop
  endfacet
  facet normal 0 0 -1
    outer loop
      vertex 10.85232055315286 82.43155847422251 0
      vertex 2.5715157224252927 7.5754410359608455 0
      vertex 2.070552360820166 7.7274066103125465 0
    endloop
  endfacet
  facet normal 0 0 -1
    outer loop
      vertex 10.85232055315286 82.43155847422251 0
      vertex 3.0614674589207183 7.391036260090294 0
      vertex 2.5715157224252927 7.5754410359608455 0
    endloop
  endfacet
  facet normal 0 0 -1
    outer loop
      vertex 10.85232055315286 82.43155847422251 0
      vertex 3.5383095217520104 7.174981932261506 0
      vertex 3.0614674589207183 7.391036260090294 0
    endloop
  endfacet
  facet normal 0 0 -1
    outer loop
      vertex 10.85232055315286 82.43155847422251 0
      vertex 4 6.928203230275509 0
      vertex 3.5383095217520104 7.174981932261506 0
    endloop
  endfacet
  facet normal 0 0 -1
    outer loop
      vertex 10.85232055315286 82.43155847422251 0
      vertex 4.444561864156817 6.651756898420362 0
      vertex 4 6.928203230275509 0
    endloop
  endfacet
  facet normal 0 0 -1
    outer loop
      vertex 10.85232055315286 82.43155847422251 0
      vertex 4.870091432069765 6.346826722329881 0
      vertex 4.444561864156817 6.651756898420362 0
    endloop
  endfacet
  facet normal 0 0 -1
    outer loop
      vertex 10.85232055315286 82.43155847422251 0
      vertex 5.274766520800551 6.01471845983182 0
      vertex 4.870091432069765 6.346826722329881 0
    endloop
  endfacet
  facet normal 0 0 -1
    outer loop
      vertex 10.85232055315286 82.43155847422251 0
      vertex 5.656854249492381 5.656854249492381 0
      vertex 5.274766520800551 6.01471845983182 0
    endloop
  endfacet
  facet normal 0 0 -1
    outer loop
      vertex 10.85232055315286 -82.43155847422251 0
      vertex 10.85232055315286 82.43155847422251 0
      vertex 16.22036677334095 81.54529045638287 0
    endloop
  endfacet
  facet normal 0 0 -1
    outer loop
      vertex 16.22036677334095 -81.54529045638287 0
      vertex 16.22036677334095 81.54529045638287 0
      vertex 21.51895489280958 80.30983298574824 0
    endloop
  endfacet
  facet normal 0 0 -1
    outer loop
      vertex 21.51895489280958 -80.30983298574824 0
      vertex 21.51895489280958 80.30983298574824 0
      vertex 26.725395543777147 78.73047648087878 0
    endloop
  endfacet
  facet normal 0 0 -1
    outer loop
      vertex 26.725395543777147 -78.73047648087878 0
      vertex 26.725395543777147 78.73047648087878 0
      vertex 31.81739394806889 76.81398398879556 0
    endloop
  endfacet
  facet normal 0 0 -1
    outer loop
      vertex 31.81739394806889 -76.81398398879556 0
      vertex 31.81739394806889 76.81398398879556 0
      vertex 36.773145386779824 74.56856222457493 0
    endloop
  endfacet
  facet normal 0 0 -1
    outer loop
      vertex 36.773145386779824 -74.56856222457493 0
      vertex 36.773145386779824 74.56856222457493 0
      vertex 41.57142857142857 72.00382642893474 0
    endloop
  endfacet
  facet normal 0 0 -1
    outer loop
      vertex -5.437803030277609 82.96484190355245 0
      vertex 10.85232055315286 82.43155847422251 0
      vertex 1.560722576129026 7.8462822432258434 0
    endloop
  endfacet
  facet normal 0 0 -1
    outer loop
      vertex -5.437803030277609 82.96484190355245 0
      vertex 0 83.14285714285714 0
      vertex 5.437803030277609 82.96484190355245 0
    endloop
  endfacet
  facet normal 0 0 -1
    outer loop
      vertex -5.437803030277609 82.96484190355245 0
      vertex 5.437803030277609 82.96484190355245 0
      vertex 10.85232055315286 82.43155847422251 0
    endloop
  endfacet
  facet normal 0.032719082821777046 0.9994645874763657 0
    outer loop
      vertex 0 83.14285714285714 0
      vertex 0 83.14285714285714 25
      vertex 5.437803030277609 82.96484190355245 0
    endloop
  endfacet
  facet normal 0.0980171403295608 0.9951847266721967 0
    outer loop
      vertex 5.437803030277609 82.96484190355245 0
      vertex 5.437803030277609 82.96484190355245 25
      vertex 10.85232055315286 82.43155847422251 0
    endloop
  endfacet
  facet normal 0.1628954733945873 0.9866433320848791 0
    outer loop
      vertex 10.85232055315286 82.43155847422251 0
      vertex 10.85232055315286 82.43155847422251 25
      vertex 16.22036677334095 81.54529045638287 0
    endloop
  endfacet
  facet normal 0.22707626303437373 0.9738769792773335 0
    outer loop
      vertex 16.22036677334095 81.54529045638287 0
      vertex 16.22036677334095 81.54529045638287 25
      vertex 21.51895489280958 80.30983298574824 0
    endloop
  endfacet
  facet normal 0.2902846772544627 0.9569403357322087 0
    outer loop
      vertex 21.51895489280958 80.30983298574824 0
      vertex 21.51895489280958 80.30983298574824 25
      vertex 26.725395543777147 78.73047648087878 0
    endloop
  endfacet
  facet normal 0.3522500479212324 0.9359059267573262 0
    outer loop
      vertex 26.725395543777147 78.73047648087878 0
      vertex 26.725395543777147 78.73047648087878 25
      vertex 31.81739394806889 76.81398398879556 0
    endloop
  endfacet
  facet normal 0.4127070298043958 0.9108638249211753 0
    outer loop
      vertex 31.81739394806889 76.81398398879556 0
      vertex 31.81739394806889 76.81398398879556 25
      vertex 36.773145386779824 74.56856222457493 0
    endloop
  endfacet
  facet normal 0.47139673682599853 0.8819212643483546 0
    outer loop
      vertex 36.773145386779824 74.56856222457493 0
      vertex 36.773145386779824 74.56856222457493 25
      vertex 41.57142857142857 72.00382642893474 0
    endloop
  endfacet
  facet normal 0 0 -1
    outer loop
      vertex 54.81989491260572 -62.51010970753784 0
      vertex 54.81989491260572 62.51010970753784 0
      vertex 58.79087809293867 58.79087809293867 0
    endloop
  endfacet
  facet normal 0 0 -1
    outer loop
      vertex 58.79087809293867 -58.79087809293867 0
      vertex 58.79087809293867 58.79087809293867 0
      vertex 62.51010970753784 54.81989491260572 0
    endloop
  endfacet
  facet normal 0 0 -1
    outer loop
      vertex 41.57142857142857 -72.00382642893474 0
      vertex 41.57142857142857 72.00382642893474 0
      vertex 46.19169651677264 69.13075919429733 0
    endloop
  endfacet
  facet normal 0 0 -1
    outer loop
      vertex 46.19169651677264 -69.13075919429733 0
      vertex 46.19169651677264 69.13075919429733 0
      vertex 50.61416452615363 65.96166343564269 0
    endloop
  endfacet
  facet normal 0 0 -1
    outer loop
      vertex 50.61416452615363 -65.96166343564269 0
      vertex 50.61416452615363 65.96166343564269 0
      vertex 54.81989491260572 62.51010970753784 0
    endloop
  endfacet
  facet normal 0 0 -1
    outer loop
      vertex 65.96166343564269 -50.61416452615363 0
      vertex 65.96166343564269 50.61416452615363 0
      vertex 69.13075919429733 46.19169651677264 0
    endloop
  endfacet
  facet normal 0 0 -1
    outer loop
      vertex 62.51010970753784 -54.81989491260572 0
      vertex 62.51010970753784 54.81989491260572 0
      vertex 65.96166343564269 50.61416452615363 0
    endloop
  endfacet
  facet normal 0 0 -1
    outer loop
      vertex 69.13075919429733 -46.19169651677264 0
      vertex 69.13075919429733 46.19169651677264 0
      vertex 72.00382642893474 41.57142857142857 0
    endloop
  endfacet
  facet normal 0 0 -1
    outer loop
      vertex 76.81398398879556 -31.81739394806889 0
      vertex 76.81398398879556 31.81739394806889 0
      vertex 78.73047648087878 26.725395543777147 0
    endloop
  endfacet
  facet normal 0 0 -1
    outer loop
      vertex 82.96484190355245 -5.437803030277609 0
      vertex 82.96484190355245 5.437803030277609 0
      vertex 83.14285714285714 0 0
    endloop
  endfacet
  facet normal 0 0 -1
    outer loop
      vertex 82.43155847422251 -10.85232055315286 0
      vertex 82.43155847422251 10.85232055315286 0
      vertex 82.96484190355245 5.437803030277609 0
    endloop
  endfacet
  facet normal 0 0 -1
    outer loop
      vertex 81.54529045638287 -16.22036677334095 0
      vertex 81.54529045638287 16.22036677334095 0
      vertex 82.43155847422251 10.85232055315286 0
    endloop
  endfacet
  facet normal 0 0 -1
    outer loop
      vertex 78.73047648087878 -26.725395543777147 0
      vertex 78.73047648087878 26.725395543777147 0
      vertex 80.30983298574824 21.51895489280958 0
    endloop
  endfacet
  facet normal 0 0 -1
    outer loop
      vertex 80.30983298574824 -21.51895489280958 0
      vertex 80.30983298574824 21.51895489280958 0
      vertex 81.54529045638287 16.22036677334095 0
    endloop
  endfacet
  facet normal 0 0 -1
    outer loop
      vertex 72.00382642893474 -41.57142857142857 0
      vertex 72.00382642893474 41.57142857142857 0
      vertex 74.56856222457493 36.773145386779824 0
    endloop
  endfacet
  facet normal 0 0 -1
    outer loop
      vertex 74.56856222457493 -36.773145386779824 0
      vertex 74.56856222457493 36.773145386779824 0
      vertex 76.81398398879556 31.81739394806889 0
    endloop
  endfacet
  facet normal 0.9994645874763657 0.032719082821777046 0
    outer loop
      vertex 83.14285714285714 0 0
      vertex 82.96484190355245 5.437803030277609 0
      vertex 83.14285714285714 0 25
    endloop
  endfacet
  facet normal 0.9951847266721967 0.0980171403295608 0
    outer loop
      vertex 82.96484190355245 5.437803030277609 0
      vertex 82.43155847422251 10.85232055315286 0
      vertex 82.96484190355245 5.437803030277609 25
    endloop
  endfacet
  facet normal 0.9866433320848791 0.1628954733945873 0
    outer loop
      vertex 82.43155847422251 10.85232055315286 0
      vertex 81.54529045638287 16.22036677334095 0
      vertex 82.43155847422251 10.85232055315286 25
    endloop
  endfacet
  facet normal 0.9738769792773335 0.22707626303437373 0
    outer loop
      vertex 81.54529045638287 16.22036677334095 0
      vertex 80.30983298574824 21.51895489280958 0
      vertex 81.54529045638287 16.22036677334095 25
    endloop
  endfacet
  facet normal 0.9569403357322087 0.2902846772544627 0
    outer loop
      vertex 80.30983298574824 21.51895489280958 0
      vertex 78.73047648087878 26.725395543777147 0
      vertex 80.30983298574824 21.51895489280958 25
    endloop
  endfacet
  facet normal 0.9359059267573262 0.3522500479212324 0
    outer loop
      vertex 78.73047648087878 26.725395543777147 0
      vertex 76.81398398879556 31.81739394806889 0
      vertex 78.73047648087878 26.725395543777147 25
    endloop
  endfacet
  facet normal 0.9108638249211753 0.4127070298043958 0
    outer loop
      vertex 76.81398398879556 31.81739394806889 0
      vertex 74.56856222457493 36.773145386779824 0
      vertex 76.81398398879556 31.81739394806889 25
    endloop
  endfacet
  facet normal 0.8819212643483546 0.47139673682599853 0
    outer loop
      vertex 74.56856222457493 36.773145386779824 0
      vertex 72.00382642893474 41.57142857142857 0
      vertex 74.56856222457493 36.773145386779824 25
    endloop
  endfacet
  facet normal 0.6835923020228707 0.7298640726978362 -2.523453544962999e-18
    outer loop
      vertex 58.79087809293867 58.79087809293867 0
      vertex 54.81989491260572 62.51010970753784 0
      vertex 54.81989491260572 62.51010970753784 25
    endloop
  endfacet
  facet normal 0.7298640726978362 0.6835923020228707 -2.523453544962999e-18
    outer loop
      vertex 58.79087809293867 58.79087809293867 0
      vertex 62.51010970753784 54.81989491260572 25
      vertex 62.51010970753784 54.81989491260572 0
    endloop
  endfacet
  facet normal 0.5280678506503674 0.8492021815265792 0
    outer loop
      vertex 41.57142857142857 72.00382642893474 0
      vertex 41.57142857142857 72.00382642893474 25
      vertex 46.19169651677264 69.13075919429733 0
    endloop
  endfacet
  facet normal 0.5824776968678015 0.8128466845916158 0
    outer loop
      vertex 46.19169651677264 69.13075919429733 0
      vertex 46.19169651677264 69.13075919429733 25
      vertex 50.61416452615363 65.96166343564269 0
    endloop
  endfacet
  facet normal 0.6343932841636448 0.7730104533627377 0
    outer loop
      vertex 50.61416452615363 65.96166343564269 0
      vertex 50.61416452615363 65.96166343564269 25
      vertex 54.81989491260572 62.51010970753784 0
    endloop
  endfacet
  facet normal 0.8492021815265792 0.5280678506503674 2.468451473041476e-18
    outer loop
      vertex 69.13075919429733 46.19169651677264 0
      vertex 72.00382642893474 41.57142857142857 25
      vertex 72.00382642893474 41.57142857142857 0
    endloop
  endfacet
  facet normal 0.8128466845916158 0.5824776968678015 -5.8095801018578734e-18
    outer loop
      vertex 65.96166343564269 50.61416452615363 0
      vertex 69.13075919429733 46.19169651677264 25
      vertex 69.13075919429733 46.19169651677264 0
    endloop
  endfacet
  facet normal 0.7730104533627377 0.6343932841636448 0
    outer loop
      vertex 65.96166343564269 50.61416452615363 0
      vertex 62.51010970753784 54.81989491260572 0
      vertex 65.96166343564269 50.61416452615363 25
    endloop
  endfacet
  facet normal 0.032719082821777046 0.9994645874763657 0
    outer loop
      vertex 5.437803030277609 82.96484190355245 0
      vertex 0 83.14285714285714 25
      vertex 5.437803030277609 82.96484190355245 25
    endloop
  endfacet
  facet normal 0.0980171403295608 0.9951847266721967 0
    outer loop
      vertex 10.85232055315286 82.43155847422251 0
      vertex 5.437803030277609 82.96484190355245 25
      vertex 10.85232055315286 82.43155847422251 25
    endloop
  endfacet
  facet normal 0.1628954733945873 0.9866433320848791 0
    outer loop
      vertex 16.22036677334095 81.54529045638287 0
      vertex 10.85232055315286 82.43155847422251 25
      vertex 16.22036677334095 81.54529045638287 25
    endloop
  endfacet
  facet normal 0.22707626303437373 0.9738769792773335 0
    outer loop
      vertex 21.51895489280958 80.30983298574824 0
      vertex 16.22036677334095 81.54529045638287 25
      vertex 21.51895489280958 80.30983298574824 25
    endloop
  endfacet
  facet normal 0.2902846772544627 0.9569403357322087 0
    outer loop
      vertex 26.725395543777147 78.73047648087878 0
      vertex 21.51895489280958 80.30983298574824 25
      vertex 26.725395543777147 78.73047648087878 25
    endloop
  endfacet
  facet normal 0.3522500479212324 0.9359059267573262 0
    outer loop
      vertex 31.81739394806889 76.81398398879556 0
      vertex 26.725395543777147 78.73047648087878 25
      vertex 31.81739394806889 76.81398398879556 25
    endloop
  endfacet
  facet normal 0.4127070298043958 0.9108638249211753 0
    outer loop
      vertex 36.773145386779824 74.56856222457493 0
      vertex 31.81739394806889 76.81398398879556 25
      vertex 36.773145386779824 74.56856222457493 25
    endloop
  endfacet
  facet normal 0.47139673682599853 0.8819212643483546 0
    outer loop
      vertex 41.57142857142857 72.00382642893474 0
      vertex 36.773145386779824 74.56856222457493 25
      vertex 41.57142857142857 72.00382642893474 25
    endloop
  endfacet
  facet normal 0 0 1
    outer loop
      vertex 0 80.74285714285713 25
      vertex 5.280835520125265 80.5699804877798 25
      vertex 0 83.14285714285714 25
    endloop
  endfacet
  facet normal 0 0 1
    outer loop
      vertex 0 83.14285714285714 25
      vertex 5.280835520125265 80.5699804877798 25
      vertex 5.437803030277609 82.96484190355245 25
    endloop
  endfacet
  facet normal 0 0 1
    outer loop
      vertex 5.280835520125265 80.5699804877798 25
      vertex 10.539057691824734 80.05209080692536 25
      vertex 5.437803030277609 82.96484190355245 25
    endloop
  endfacet
  facet normal 0 0 1
    outer loop
      vertex 5.437803030277609 82.96484190355245 25
      vertex 10.539057691824734 80.05209080692536 25
      vertex 10.85232055315286 82.43155847422251 25
    endloop
  endfacet
  facet normal 0 0 1
    outer loop
      vertex 10.539057691824734 80.05209080692536 25
      vertex 15.752150000502239 79.1914057834151 25
      vertex 10.85232055315286 82.43155847422251 25
    endloop
  endfacet
  facet normal 0 0 1
    outer loop
      vertex 10.85232055315286 82.43155847422251 25
      vertex 15.752150000502239 79.1914057834151 25
      vertex 16.22036677334095 81.54529045638287 25
    endloop
  endfacet
  facet normal 0 0 1
    outer loop
      vertex 15.752150000502239 79.1914057834151 25
      vertex 20.89778918456353 77.99161100265448 25
      vertex 16.22036677334095 81.54529045638287 25
    endloop
  endfacet
  facet normal 0 0 1
    outer loop
      vertex 16.22036677334095 81.54529045638287 25
      vertex 20.89778918456353 77.99161100265448 25
      vertex 21.51895489280958 80.30983298574824 25
    endloop
  endfacet
  facet normal 0 0 1
    outer loop
      vertex 25.953940827049557 76.45784417009052 25
      vertex 21.51895489280958 80.30983298574824 25
      vertex 20.89778918456353 77.99161100265448 25
    endloop
  endfacet
  facet normal 0 0 1
    outer loop
      vertex 25.953940827049557 76.45784417009052 25
      vertex 26.725395543777147 78.73047648087878 25
      vertex 21.51895489280958 80.30983298574824 25
    endloop
  endfacet
  facet normal 0 0 1
    outer loop
      vertex 25.953940827049557 76.45784417009052 25
      vertex 30.898953710392675 74.59667311076846 25
      vertex 26.725395543777147 78.73047648087878 25
    endloop
  endfacet
  facet normal 0 0 1
    outer loop
      vertex 30.898953710392675 74.59667311076846 25
      vertex 31.81739394806889 76.81398398879556 25
      vertex 26.725395543777147 78.73047648087878 25
    endloop
  endfacet
  facet normal 0 0 1
    outer loop
      vertex 35.71165253025421 72.41606764489647 25
      vertex 40.37142857142857 69.92536545985209 25
      vertex 36.773145386779824 74.56856222457493 25
    endloop
  endfacet
  facet normal 0 0 1
    outer loop
      vertex 40.37142857142857 69.92536545985209 25
      vertex 41.57142857142857 72.00382642893474 25
      vertex 36.773145386779824 74.56856222457493 25
    endloop
  endfacet
  facet normal 0 0 1
    outer loop
      vertex 30.898953710392675 74.59667311076846 25
      vertex 35.71165253025421 72.41606764489647 25
      vertex 31.81739394806889 76.81398398879556 25
    endloop
  endfacet
  facet normal 0 0 1
    outer loop
      vertex 35.71165253025421 72.41606764489647 25
      vertex 36.773145386779824 74.56856222457493 25
      vertex 31.81739394806889 76.81398398879556 25
    endloop
  endfacet
  facet normal 0.9994645874763657 0.032719082821777046 0
    outer loop
      vertex 82.96484190355245 5.437803030277609 0
      vertex 82.96484190355245 5.437803030277609 25
      vertex 83.14285714285714 0 25
    endloop
  endfacet
  facet normal 0.9951847266721967 0.0980171403295608 0
    outer loop
      vertex 82.43155847422251 10.85232055315286 0
      vertex 82.43155847422251 10.85232055315286 25
      vertex 82.96484190355245 5.437803030277609 25
    endloop
  endfacet
  facet normal 0.9866433320848791 0.1628954733945873 0
    outer loop
      vertex 81.54529045638287 16.22036677334095 0
      vertex 81.54529045638287 16.22036677334095 25
      vertex 82.43155847422251 10.85232055315286 25
    endloop
  endfacet
  facet normal 0.9738769792773335 0.22707626303437373 0
    outer loop
      vertex 80.30983298574824 21.51895489280958 0
      vertex 80.30983298574824 21.51895489280958 25
      vertex 81.54529045638287 16.22036677334095 25
    endloop
  endfacet
  facet normal 0.9359059267573262 0.3522500479212324 0
    outer loop
      vertex 76.81398398879556 31.81739394806889 0
      vertex 76.81398398879556 31.81739394806889 25
      vertex 78.73047648087878 26.725395543777147 25
    endloop
  endfacet
  facet normal 0.9569403357322087 0.2902846772544627 0
    outer loop
      vertex 78.73047648087878 26.725395543777147 0
      vertex 78.73047648087878 26.725395543777147 25
      vertex 80.30983298574824 21.51895489280958 25
    endloop
  endfacet
  facet normal 0.9108638249211753 0.4127070298043958 0
    outer loop
      vertex 74.56856222457493 36.773145386779824 0
      vertex 74.56856222457493 36.773145386779824 25
      vertex 76.81398398879556 31.81739394806889 25
    endloop
  endfacet
  facet normal 0.8819212643483546 0.47139673682599853 0
    outer loop
      vertex 72.00382642893474 41.57142857142857 0
      vertex 72.00382642893474 41.57142857142857 25
      vertex 74.56856222457493 36.773145386779824 25
    endloop
  endfacet
  facet normal 0 0 1
    outer loop
      vertex 81.54529045638287 -16.22036677334095 25
      vertex 80.30983298574824 21.51895489280958 25
      vertex 80.74285714285713 0 25
    endloop
  endfacet
  facet normal 0 0 1
    outer loop
      vertex 82.96484190355245 -5.437803030277609 25
      vertex 83.14285714285714 0 25
      vertex 82.96484190355245 5.437803030277609 25
    endloop
  endfacet
  facet normal 0 0 1
    outer loop
      vertex 82.96484190355245 -5.437803030277609 25
      vertex 82.96484190355245 5.437803030277609 25
      vertex 82.43155847422251 10.85232055315286 25
    endloop
  endfacet
  facet normal 0 0 1
    outer loop
      vertex 80.74285714285713 0 25
      vertex 80.30983298574824 21.51895489280958 25
      vertex 80.5699804877798 5.280835520125265 25
    endloop
  endfacet
  facet normal 0 0 1
    outer loop
      vertex 81.54529045638287 -16.22036677334095 25
      vertex 81.54529045638287 16.22036677334095 25
      vertex 80.30983298574824 21.51895489280958 25
    endloop
  endfacet
  facet normal 0 0 1
    outer loop
      vertex 82.43155847422251 -10.85232055315286 25
      vertex 82.43155847422251 10.85232055315286 25
      vertex 81.54529045638287 16.22036677334095 25
    endloop
  endfacet
  facet normal 0 0 1
    outer loop
      vertex 80.5699804877798 5.280835520125265 25
      vertex 80.30983298574824 21.51895489280958 25
      vertex 80.05209080692536 10.539057691824734 25
    endloop
  endfacet
  facet normal 0 0 1
    outer loop
      vertex 80.05209080692536 10.539057691824734 25
      vertex 80.30983298574824 21.51895489280958 25
      vertex 79.1914057834151 15.752150000502239 25
    endloop
  endfacet
  facet normal 0 0 1
    outer loop
      vertex 72.41606764489647 35.71165253025421 25
      vertex 72.00382642893474 41.57142857142857 25
      vertex 69.92536545985209 40.37142857142857 25
    endloop
  endfacet
  facet normal 0 0 1
    outer loop
      vertex 76.45784417009052 25.953940827049557 25
      vertex 77.99161100265448 20.89778918456353 25
      vertex 76.81398398879556 31.81739394806889 25
    endloop
  endfacet
  facet normal 0 0 1
    outer loop
      vertex 77.99161100265448 20.89778918456353 25
      vertex 78.73047648087878 26.725395543777147 25
      vertex 76.81398398879556 31.81739394806889 25
    endloop
  endfacet
  facet normal 0 0 1
    outer loop
      vertex 79.1914057834151 15.752150000502239 25
      vertex 78.73047648087878 26.725395543777147 25
      vertex 77.99161100265448 20.89778918456353 25
    endloop
  endfacet
  facet normal 0 0 1
    outer loop
      vertex 79.1914057834151 15.752150000502239 25
      vertex 80.30983298574824 21.51895489280958 25
      vertex 78.73047648087878 26.725395543777147 25
    endloop
  endfacet
  facet normal 0 0 1
    outer loop
      vertex 76.45784417009052 25.953940827049557 25
      vertex 74.56856222457493 36.773145386779824 25
      vertex 74.59667311076846 30.898953710392675 25
    endloop
  endfacet
  facet normal 0 0 1
    outer loop
      vertex 72.41606764489647 35.71165253025421 25
      vertex 74.59667311076846 30.898953710392675 25
      vertex 74.56856222457493 36.773145386779824 25
    endloop
  endfacet
  facet normal 0 0 1
    outer loop
      vertex 76.45784417009052 25.953940827049557 25
      vertex 76.81398398879556 31.81739394806889 25
      vertex 74.56856222457493 36.773145386779824 25
    endloop
  endfacet
  facet normal 0 0 1
    outer loop
      vertex 72.41606764489647 35.71165253025421 25
      vertex 74.56856222457493 36.773145386779824 25
      vertex 72.00382642893474 41.57142857142857 25
    endloop
  endfacet
  facet normal 0.6835923020228707 0.7298640726978362 0
    outer loop
      vertex 58.79087809293867 58.79087809293867 0
      vertex 54.81989491260572 62.51010970753784 25
      vertex 58.79087809293867 58.79087809293867 25
    endloop
  endfacet
  facet normal 0.7298640726978362 0.6835923020228707 0
    outer loop
      vertex 58.79087809293867 58.79087809293867 0
      vertex 58.79087809293867 58.79087809293867 25
      vertex 62.51010970753784 54.81989491260572 25
    endloop
  endfacet
  facet normal 0.5280678506503674 0.8492021815265792 0
    outer loop
      vertex 46.19169651677264 69.13075919429733 0
      vertex 41.57142857142857 72.00382642893474 25
      vertex 46.19169651677264 69.13075919429733 25
    endloop
  endfacet
  facet normal 0.5824776968678015 0.8128466845916158 0
    outer loop
      vertex 50.61416452615363 65.96166343564269 0
      vertex 46.19169651677264 69.13075919429733 25
      vertex 50.61416452615363 65.96166343564269 25
    endloop
  endfacet
  facet normal 0.6343932841636448 0.7730104533627377 0
    outer loop
      vertex 54.81989491260572 62.51010970753784 0
      vertex 50.61416452615363 65.96166343564269 25
      vertex 54.81989491260572 62.51010970753784 25
    endloop
  endfacet
  facet normal 0.8128466845916158 0.5824776968678015 0
    outer loop
      vertex 65.96166343564269 50.61416452615363 0
      vertex 65.96166343564269 50.61416452615363 25
      vertex 69.13075919429733 46.19169651677264 25
    endloop
  endfacet
  facet normal 0.8492021815265792 0.5280678506503674 0
    outer loop
      vertex 69.13075919429733 46.19169651677264 0
      vertex 69.13075919429733 46.19169651677264 25
      vertex 72.00382642893474 41.57142857142857 25
    endloop
  endfacet
  facet normal 0.7730104533627377 0.6343932841636448 0
    outer loop
      vertex 62.51010970753784 54.81989491260572 0
      vertex 62.51010970753784 54.81989491260572 25
      vertex 65.96166343564269 50.61416452615363 25
    endloop
  endfacet
  facet normal 0 0 1
    outer loop
      vertex 57.09382181809095 57.09382181809095 25
      vertex 58.79087809293867 58.79087809293867 25
      vertex 54.81989491260572 62.51010970753784 25
    endloop
  endfacet
  facet normal 0 0 1
    outer loop
      vertex 57.09382181809095 57.09382181809095 25
      vertex 54.81989491260572 62.51010970753784 25
      vertex 53.23746495636555 60.70569416958829 25
    endloop
  endfacet
  facet normal 0 0 1
    outer loop
      vertex 57.09382181809095 57.09382181809095 25
      vertex 60.70569416958829 53.23746495636555 25
      vertex 58.79087809293867 58.79087809293867 25
    endloop
  endfacet
  facet normal 0 0 1
    outer loop
      vertex 60.70569416958829 53.23746495636555 25
      vertex 62.51010970753784 54.81989491260572 25
      vertex 58.79087809293867 58.79087809293867 25
    endloop
  endfacet
  facet normal 0 0 1
    outer loop
      vertex 44.85832795752559 67.13523212477122 25
      vertex 49.153137096532696 64.05761541894373 25
      vertex 46.19169651677264 69.13075919429733 25
    endloop
  endfacet
  facet normal 0 0 1
    outer loop
      vertex 40.37142857142857 69.92536545985209 25
      vertex 44.85832795752559 67.13523212477122 25
      vertex 41.57142857142857 72.00382642893474 25
    endloop
  endfacet
  facet normal 0 0 1
    outer loop
      vertex 44.85832795752559 67.13523212477122 25
      vertex 46.19169651677264 69.13075919429733 25
      vertex 41.57142857142857 72.00382642893474 25
    endloop
  endfacet
  facet normal 0 0 1
    outer loop
      vertex 46.19169651677264 69.13075919429733 25
      vertex 49.153137096532696 64.05761541894373 25
      vertex 50.61416452615363 65.96166343564269 25
    endloop
  endfacet
  facet normal 0 0 1
    outer loop
      vertex 53.23746495636555 60.70569416958829 25
      vertex 50.61416452615363 65.96166343564269 25
      vertex 49.153137096532696 64.05761541894373 25
    endloop
  endfacet
  facet normal 0 0 1
    outer loop
      vertex 53.23746495636555 60.70569416958829 25
      vertex 54.81989491260572 62.51010970753784 25
      vertex 50.61416452615363 65.96166343564269 25
    endloop
  endfacet
  facet normal 0 0 1
    outer loop
      vertex 64.05761541894373 49.153137096532696 25
      vertex 65.96166343564269 50.61416452615363 25
      vertex 62.51010970753784 54.81989491260572 25
    endloop
  endfacet
  facet normal 0 0 1
    outer loop
      vertex 67.13523212477122 44.85832795752559 25
      vertex 65.96166343564269 50.61416452615363 25
      vertex 64.05761541894373 49.153137096532696 25
    endloop
  endfacet
  facet normal 0 0 1
    outer loop
      vertex 67.13523212477122 44.85832795752559 25
      vertex 69.13075919429733 46.19169651677264 25
      vertex 65.96166343564269 50.61416452615363 25
    endloop
  endfacet
  facet normal 0 0 1
    outer loop
      vertex 69.92536545985209 40.37142857142857 25
      vertex 69.13075919429733 46.19169651677264 25
      vertex 67.13523212477122 44.85832795752559 25
    endloop
  endfacet
  facet normal 0 0 1
    outer loop
      vertex 69.92536545985209 40.37142857142857 25
      vertex 72.00382642893474 41.57142857142857 25
      vertex 69.13075919429733 46.19169651677264 25
    endloop
  endfacet
  facet normal 0 0 1
    outer loop
      vertex 60.70569416958829 53.23746495636555 25
      vertex 64.05761541894373 49.153137096532696 25
      vertex 62.51010970753784 54.81989491260572 25
    endloop
  endfacet
  facet normal 0.8492021815265798 0.5280678506503665 1.8301721973689948e-18
    outer loop
      vertex -67.13523212477122 -44.85832795752559 3
      vertex -69.92536545985209 -40.37142857142857 3
      vertex -69.92536545985209 -40.37142857142857 25
    endloop
  endfacet
  facet normal 0.7730104533627371 0.6343932841636453 0
    outer loop
      vertex -64.05761541894373 -49.153137096532696 3
      vertex -64.05761541894373 -49.153137096532696 25
      vertex -60.70569416958829 -53.23746495636555 3
    endloop
  endfacet
  facet normal 0.8128466845916154 0.5824776968678022 -2.113721741380019e-18
    outer loop
      vertex -64.05761541894373 -49.153137096532696 3
      vertex -67.13523212477122 -44.85832795752559 3
      vertex -67.13523212477122 -44.85832795752559 25
    endloop
  endfacet
  facet normal 0.5824776968678022 0.8128466845916154 0
    outer loop
      vertex -49.153137096532696 -64.05761541894373 3
      vertex -49.153137096532696 -64.05761541894373 25
      vertex -44.85832795752559 -67.13523212477122 3
    endloop
  endfacet
  facet normal 0.5280678506503665 0.8492021815265798 0
    outer loop
      vertex -44.85832795752559 -67.13523212477122 3
      vertex -44.85832795752559 -67.13523212477122 25
      vertex -40.37142857142857 -69.92536545985209 3
    endloop
  endfacet
  facet normal 0.7298640726978365 0.6835923020228705 0
    outer loop
      vertex -60.70569416958829 -53.23746495636555 3
      vertex -60.70569416958829 -53.23746495636555 25
      vertex -57.09382181809095 -57.09382181809095 3
    endloop
  endfacet
  facet normal 0.6835923020228705 0.7298640726978365 3.181355333650498e-18
    outer loop
      vertex -53.23746495636555 -60.70569416958829 3
      vertex -57.09382181809095 -57.09382181809095 3
      vertex -57.09382181809095 -57.09382181809095 25
    endloop
  endfacet
  facet normal 0.6343932841636453 0.7730104533627371 -2.637531316930528e-18
    outer loop
      vertex -49.153137096532696 -64.05761541894373 3
      vertex -53.23746495636555 -60.70569416958829 3
      vertex -53.23746495636555 -60.70569416958829 25
    endloop
  endfacet
  facet normal 0 0 1
    outer loop
      vertex -77.99161100265448 -20.89778918456353 3
      vertex -77.99161100265448 20.89778918456353 3
      vertex -79.1914057834151 -15.752150000502239 3
    endloop
  endfacet
  facet normal 0 0 1
    outer loop
      vertex -79.1914057834151 -15.752150000502239 3
      vertex -79.1914057834151 15.752150000502239 3
      vertex -80.05209080692536 -10.539057691824734 3
    endloop
  endfacet
  facet normal 0 0 1
    outer loop
      vertex -80.05209080692536 -10.539057691824734 3
      vertex -80.05209080692536 10.539057691824734 3
      vertex -80.5699804877798 -5.280835520125265 3
    endloop
  endfacet
  facet normal 0 0 1
    outer loop
      vertex -77.99161100265448 -20.89778918456353 3
      vertex -76.45784417009052 -25.953940827049557 3
      vertex -76.45784417009052 25.953940827049557 3
    endloop
  endfacet
  facet normal 0 0 1
    outer loop
      vertex -74.59667311076846 -30.898953710392675 3
      vertex -74.59667311076846 30.898953710392675 3
      vertex -76.45784417009052 -25.953940827049557 3
    endloop
  endfacet
  facet normal 0 0 1
    outer loop
      vertex -74.59667311076846 -30.898953710392675 3
      vertex -72.41606764489647 -35.71165253025421 3
      vertex -72.41606764489647 35.71165253025421 3
    endloop
  endfacet
  facet normal 0 0 1
    outer loop
      vertex -69.92536545985209 -40.37142857142857 3
      vertex -69.92536545985209 40.37142857142857 3
      vertex -72.41606764489647 -35.71165253025421 3
    endloop
  endfacet
  facet normal 0 0 1
    outer loop
      vertex -67.13523212477122 -44.85832795752559 3
      vertex -67.13523212477122 44.85832795752559 3
      vertex -69.92536545985209 -40.37142857142857 3
    endloop
  endfacet
  facet normal 0 0 1
    outer loop
      vertex -64.05761541894373 -49.153137096532696 3
      vertex -64.05761541894373 49.153137096532696 3
      vertex -67.13523212477122 -44.85832795752559 3
    endloop
  endfacet
  facet normal 0 0 1
    outer loop
      vertex -49.153137096532696 -64.05761541894373 3
      vertex -44.85832795752559 -67.13523212477122 3
      vertex -44.85832795752559 67.13523212477122 3
    endloop
  endfacet
  facet normal 0 0 1
    outer loop
      vertex -44.85832795752559 -67.13523212477122 3
      vertex -40.37142857142857 -69.92536545985209 3
      vertex -40.37142857142857 69.92536545985209 3
    endloop
  endfacet
  facet normal 0 0 1
    outer loop
      vertex -64.05761541894373 -49.153137096532696 3
      vertex -60.70569416958829 -53.23746495636555 3
      vertex -60.70569416958829 53.23746495636555 3
    endloop
  endfacet
  facet normal 0 0 1
    outer loop
      vertex -60.70569416958829 -53.23746495636555 3
      vertex -57.09382181809095 -57.09382181809095 3
      vertex -57.09382181809095 57.09382181809095 3
    endloop
  endfacet
  facet normal 0 0 1
    outer loop
      vertex -53.23746495636555 -60.70569416958829 3
      vertex -53.23746495636555 60.70569416958829 3
      vertex -57.09382181809095 -57.09382181809095 3
    endloop
  endfacet
  facet normal 0 0 1
    outer loop
      vertex -49.153137096532696 -64.05761541894373 3
      vertex -49.153137096532696 64.05761541894373 3
      vertex -53.23746495636555 -60.70569416958829 3
    endloop
  endfacet
  facet normal 0.9108638249211748 0.4127070298043971 0
    outer loop
      vertex -74.59667311076846 -30.898953710392675 3
      vertex -74.59667311076846 -30.898953710392675 25
      vertex -72.41606764489647 -35.71165253025421 3
    endloop
  endfacet
  facet normal 0.935905926757326 0.3522500479212329 -4.0229144497643906e-19
    outer loop
      vertex -74.59667311076846 -30.898953710392675 3
      vertex -76.45784417009052 -25.953940827049557 3
      vertex -76.45784417009052 -25.953940827049557 25
    endloop
  endfacet
  facet normal 0.9569403357322088 0.29028467725446266 0
    outer loop
      vertex -77.99161100265448 -20.89778918456353 3
      vertex -77.99161100265448 -20.89778918456353 25
      vertex -76.45784417009052 -25.953940827049557 3
    endloop
  endfacet
  facet normal 0.8819212643483552 0.47139673682599725 4.303973061904382e-18
    outer loop
      vertex -69.92536545985209 -40.37142857142857 3
      vertex -72.41606764489647 -35.71165253025421 3
      vertex -72.41606764489647 -35.71165253025421 25
    endloop
  endfacet
  facet normal 0.9738769792773341 0.2270762630343715 -2.6464678601620058e-18
    outer loop
      vertex -77.99161100265448 -20.89778918456353 3
      vertex -79.1914057834151 -15.752150000502239 3
      vertex -79.1914057834151 -15.752150000502239 25
    endloop
  endfacet
  facet normal 0.986643332084879 0.16289547339458887 2.9371750511909355e-18
    outer loop
      vertex -79.1914057834151 -15.752150000502239 3
      vertex -80.05209080692536 -10.539057691824734 3
      vertex -80.05209080692536 -10.539057691824734 25
    endloop
  endfacet
  facet normal 0.9951847266721968 0.09801714032956087 1.6166512550558962e-18
    outer loop
      vertex -80.05209080692536 -10.539057691824734 3
      vertex -80.5699804877798 -5.280835520125265 3
      vertex -80.5699804877798 -5.280835520125265 25
    endloop
  endfacet
  facet normal 0.9994645874763657 0.03271908282177676 -3.026515941999095e-19
    outer loop
      vertex -80.5699804877798 -5.280835520125265 3
      vertex -80.74285714285713 0 3
      vertex -80.74285714285713 0 25
    endloop
  endfacet
  facet normal 0 0 1
    outer loop
      vertex -10.539057691824734 -80.05209080692536 3
      vertex -5.280835520125265 -80.5699804877798 3
      vertex -5.555702330196022 -8.314696123025453 3
    endloop
  endfacet
  facet normal 0 0 1
    outer loop
      vertex -5.280835520125265 -80.5699804877798 3
      vertex 0 -80.74285714285713 3
      vertex 0 -10 3
    endloop
  endfacet
  facet normal 0.4127070298043971 0.9108638249211748 0
    outer loop
      vertex -35.71165253025421 -72.41606764489647 3
      vertex -35.71165253025421 -72.41606764489647 25
      vertex -30.898953710392675 -74.59667311076846 3
    endloop
  endfacet
  facet normal 0.47139673682599725 0.8819212643483552 0
    outer loop
      vertex -40.37142857142857 -69.92536545985209 3
      vertex -40.37142857142857 -69.92536545985209 25
      vertex -35.71165253025421 -72.41606764489647 3
    endloop
  endfacet
  facet normal 0.3522500479212329 0.935905926757326 0
    outer loop
      vertex -30.898953710392675 -74.59667311076846 3
      vertex -30.898953710392675 -74.59667311076846 25
      vertex -25.953940827049557 -76.45784417009052 3
    endloop
  endfacet
  facet normal 0.29028467725446266 0.9569403357322088 2.4869442188122637e-18
    outer loop
      vertex -20.89778918456353 -77.99161100265448 3
      vertex -25.953940827049557 -76.45784417009052 3
      vertex -25.953940827049557 -76.45784417009052 25
    endloop
  endfacet
  facet normal 0.2270762630343715 0.9738769792773341 0
    outer loop
      vertex -20.89778918456353 -77.99161100265448 3
      vertex -20.89778918456353 -77.99161100265448 25
      vertex -15.752150000502239 -79.1914057834151 3
    endloop
  endfacet
  facet normal 0.16289547339458887 0.986643332084879 0
    outer loop
      vertex -15.752150000502239 -79.1914057834151 3
      vertex -15.752150000502239 -79.1914057834151 25
      vertex -10.539057691824734 -80.05209080692536 3
    endloop
  endfacet
  facet normal 0.09801714032956087 0.9951847266721968 0
    outer loop
      vertex -10.539057691824734 -80.05209080692536 3
      vertex -10.539057691824734 -80.05209080692536 25
      vertex -5.280835520125265 -80.5699804877798 3
    endloop
  endfacet
  facet normal 0.03271908282177676 0.9994645874763657 0
    outer loop
      vertex -5.280835520125265 -80.5699804877798 3
      vertex -5.280835520125265 -80.5699804877798 25
      vertex 0 -80.74285714285713 3
    endloop
  endfacet
  facet normal 0 0 1
    outer loop
      vertex -40.37142857142857 -69.92536545985209 3
      vertex -35.71165253025421 -72.41606764489647 3
      vertex -35.71165253025421 72.41606764489647 3
    endloop
  endfacet
  facet normal 0 0 1
    outer loop
      vertex -35.71165253025421 -72.41606764489647 3
      vertex -30.898953710392675 -74.59667311076846 3
      vertex -30.898953710392675 74.59667311076846 3
    endloop
  endfacet
  facet normal 0 0 1
    outer loop
      vertex -30.898953710392675 -74.59667311076846 3
      vertex -25.953940827049557 -76.45784417009052 3
      vertex -25.953940827049557 76.45784417009052 3
    endloop
  endfacet
  facet normal 0 0 1
    outer loop
      vertex -20.89778918456353 -77.99161100265448 3
      vertex -20.89778918456353 77.99161100265448 3
      vertex -25.953940827049557 -76.45784417009052 3
    endloop
  endfacet
  facet normal 0 0 1
    outer loop
      vertex -20.89778918456353 -77.99161100265448 3
      vertex -15.752150000502239 -79.1914057834151 3
      vertex -15.752150000502239 79.1914057834151 3
    endloop
  endfacet
  facet normal 0 0 1
    outer loop
      vertex -15.752150000502239 -79.1914057834151 3
      vertex -10.539057691824734 -80.05209080692536 3
      vertex -10.539057691824734 80.05209080692536 3
    endloop
  endfacet
  facet normal 0 0 1
    outer loop
      vertex -10.539057691824734 -80.05209080692536 3
      vertex -7.0710678118654755 -7.0710678118654755 3
      vertex -7.518398074789775 -6.593458151000688 3
    endloop
  endfacet
  facet normal 0 0 1
    outer loop
      vertex -10.539057691824734 -80.05209080692536 3
      vertex -6.593458151000688 -7.518398074789775 3
      vertex -7.0710678118654755 -7.0710678118654755 3
    endloop
  endfacet
  facet normal 0 0 1
    outer loop
      vertex -10.539057691824734 -80.05209080692536 3
      vertex -6.087614290087206 -7.933533402912351 3
      vertex -6.593458151000688 -7.518398074789775 3
    endloop
  endfacet
  facet normal 0 0 1
    outer loop
      vertex -10.539057691824734 -80.05209080692536 3
      vertex -5.555702330196022 -8.314696123025453 3
      vertex -6.087614290087206 -7.933533402912351 3
    endloop
  endfacet
  facet normal 0 0 1
    outer loop
      vertex -5.280835520125265 -80.5699804877798 3
      vertex -5 -8.660254037844386 3
      vertex -5.555702330196022 -8.314696123025453 3
    endloop
  endfacet
  facet normal 0 0 1
    outer loop
      vertex -5.280835520125265 -80.5699804877798 3
      vertex -4.4228869021900135 -8.968727415326882 3
      vertex -5 -8.660254037844386 3
    endloop
  endfacet
  facet normal 0 0 1
    outer loop
      vertex -5.280835520125265 -80.5699804877798 3
      vertex -3.826834323650898 -9.238795325112868 3
      vertex -4.4228869021900135 -8.968727415326882 3
    endloop
  endfacet
  facet normal 0 0 1
    outer loop
      vertex -5.280835520125265 -80.5699804877798 3
      vertex -3.214394653031616 -9.469301294951057 3
      vertex -3.826834323650898 -9.238795325112868 3
    endloop
  endfacet
  facet normal 0 0 1
    outer loop
      vertex -5.280835520125265 -80.5699804877798 3
      vertex -2.5881904510252074 -9.659258262890683 3
      vertex -3.214394653031616 -9.469301294951057 3
    endloop
  endfacet
  facet normal 0 0 1
    outer loop
      vertex -5.280835520125265 -80.5699804877798 3
      vertex -1.9509032201612824 -9.807852804032304 3
      vertex -2.5881904510252074 -9.659258262890683 3
    endloop
  endfacet
  facet normal 0 0 1
    outer loop
      vertex -5.280835520125265 -80.5699804877798 3
      vertex -1.3052619222005157 -9.914448613738104 3
      vertex -1.9509032201612824 -9.807852804032304 3
    endloop
  endfacet
  facet normal 0 0 1
    outer loop
      vertex -5.280835520125265 -80.5699804877798 3
      vertex -0.6540312923014306 -9.978589232386035 3
      vertex -1.3052619222005157 -9.914448613738104 3
    endloop
  endfacet
  facet normal 0 0 1
    outer loop
      vertex -5.280835520125265 -80.5699804877798 3
      vertex 0 -10 3
      vertex -0.6540312923014306 -9.978589232386035 3
    endloop
  endfacet
  facet normal 0 0 1
    outer loop
      vertex -10.539057691824734 -80.05209080692536 3
      vertex -8.314696123025453 -5.555702330196022 3
      vertex -8.660254037844386 -5 3
    endloop
  endfacet
  facet normal 0 0 1
    outer loop
      vertex -10.539057691824734 -80.05209080692536 3
      vertex -9.238795325112868 -3.826834323650898 3
      vertex -9.469301294951057 -3.214394653031616 3
    endloop
  endfacet
  facet normal 0 0 1
    outer loop
      vertex -10.539057691824734 -80.05209080692536 3
      vertex -9.469301294951057 -3.214394653031616 3
      vertex -9.659258262890683 -2.5881904510252074 3
    endloop
  endfacet
  facet normal 0 0 1
    outer loop
      vertex -10.539057691824734 -80.05209080692536 3
      vertex -8.968727415326882 -4.4228869021900135 3
      vertex -9.238795325112868 -3.826834323650898 3
    endloop
  endfacet
  facet normal 0 0 1
    outer loop
      vertex -10.539057691824734 -80.05209080692536 3
      vertex -8.660254037844386 -5 3
      vertex -8.968727415326882 -4.4228869021900135 3
    endloop
  endfacet
  facet normal 0 0 1
    outer loop
      vertex -10.539057691824734 -80.05209080692536 3
      vertex -7.933533402912351 -6.087614290087206 3
      vertex -8.314696123025453 -5.555702330196022 3
    endloop
  endfacet
  facet normal 0 0 1
    outer loop
      vertex -10.539057691824734 -80.05209080692536 3
      vertex -7.518398074789775 -6.593458151000688 3
      vertex -7.933533402912351 -6.087614290087206 3
    endloop
  endfacet
  facet normal 0 0 1
    outer loop
      vertex -10.539057691824734 -80.05209080692536 3
      vertex -9.659258262890683 -2.5881904510252074 3
      vertex -9.807852804032304 -1.9509032201612824 3
    endloop
  endfacet
  facet normal 0 0 1
    outer loop
      vertex -10.539057691824734 -80.05209080692536 3
      vertex -9.807852804032304 -1.9509032201612824 3
      vertex -9.914448613738104 -1.3052619222005157 3
    endloop
  endfacet
  facet normal 0 0 1
    outer loop
      vertex -10.539057691824734 -80.05209080692536 3
      vertex -9.914448613738104 -1.3052619222005157 3
      vertex -9.978589232386035 -0.6540312923014306 3
    endloop
  endfacet
  facet normal 0 0 1
    outer loop
      vertex -10.539057691824734 -80.05209080692536 3
      vertex -9.978589232386035 -0.6540312923014306 3
      vertex -10 0 3
    endloop
  endfacet
  facet normal 0.8492021815265798 0.5280678506503665 0
    outer loop
      vertex -67.13523212477122 -44.85832795752559 3
      vertex -69.92536545985209 -40.37142857142857 25
      vertex -67.13523212477122 -44.85832795752559 25
    endloop
  endfacet
  facet normal 0.8128466845916154 0.5824776968678022 0
    outer loop
      vertex -64.05761541894373 -49.153137096532696 3
      vertex -67.13523212477122 -44.85832795752559 25
      vertex -64.05761541894373 -49.153137096532696 25
    endloop
  endfacet
  facet normal 0.6343932841636453 0.7730104533627371 0
    outer loop
      vertex -49.153137096532696 -64.05761541894373 3
      vertex -53.23746495636555 -60.70569416958829 25
      vertex -49.153137096532696 -64.05761541894373 25
    endloop
  endfacet
  facet normal 0.5280678506503665 0.8492021815265798 0
    outer loop
      vertex -40.37142857142857 -69.92536545985209 3
      vertex -44.85832795752559 -67.13523212477122 25
      vertex -40.37142857142857 -69.92536545985209 25
    endloop
  endfacet
  facet normal 0.5824776968678022 0.8128466845916154 0
    outer loop
      vertex -44.85832795752559 -67.13523212477122 3
      vertex -49.153137096532696 -64.05761541894373 25
      vertex -44.85832795752559 -67.13523212477122 25
    endloop
  endfacet
  facet normal 0.7298640726978365 0.6835923020228705 0
    outer loop
      vertex -57.09382181809095 -57.09382181809095 3
      vertex -60.70569416958829 -53.23746495636555 25
      vertex -57.09382181809095 -57.09382181809095 25
    endloop
  endfacet
  facet normal 0.6835923020228705 0.7298640726978365 0
    outer loop
      vertex -53.23746495636555 -60.70569416958829 3
      vertex -57.09382181809095 -57.09382181809095 25
      vertex -53.23746495636555 -60.70569416958829 25
    endloop
  endfacet
  facet normal 0.7730104533627371 0.6343932841636453 0
    outer loop
      vertex -60.70569416958829 -53.23746495636555 3
      vertex -64.05761541894373 -49.153137096532696 25
      vertex -60.70569416958829 -53.23746495636555 25
    endloop
  endfacet
  facet normal 0.9108638249211748 0.4127070298043971 0
    outer loop
      vertex -72.41606764489647 -35.71165253025421 3
      vertex -74.59667311076846 -30.898953710392675 25
      vertex -72.41606764489647 -35.71165253025421 25
    endloop
  endfacet
  facet normal 0.935905926757326 0.3522500479212329 0
    outer loop
      vertex -74.59667311076846 -30.898953710392675 3
      vertex -76.45784417009052 -25.953940827049557 25
      vertex -74.59667311076846 -30.898953710392675 25
    endloop
  endfacet
  facet normal 0.9569403357322088 0.29028467725446266 0
    outer loop
      vertex -76.45784417009052 -25.953940827049557 3
      vertex -77.99161100265448 -20.89778918456353 25
      vertex -76.45784417009052 -25.953940827049557 25
    endloop
  endfacet
  facet normal 0.8819212643483552 0.47139673682599725 0
    outer loop
      vertex -69.92536545985209 -40.37142857142857 3
      vertex -72.41606764489647 -35.71165253025421 25
      vertex -69.92536545985209 -40.37142857142857 25
    endloop
  endfacet
  facet normal 0.9738769792773341 0.2270762630343715 0
    outer loop
      vertex -77.99161100265448 -20.89778918456353 3
      vertex -79.1914057834151 -15.752150000502239 25
      vertex -77.99161100265448 -20.89778918456353 25
    endloop
  endfacet
  facet normal 0.986643332084879 0.16289547339458887 0
    outer loop
      vertex -79.1914057834151 -15.752150000502239 3
      vertex -80.05209080692536 -10.539057691824734 25
      vertex -79.1914057834151 -15.752150000502239 25
    endloop
  endfacet
  facet normal 0.9951847266721968 0.09801714032956087 0
    outer loop
      vertex -80.05209080692536 -10.539057691824734 3
      vertex -80.5699804877798 -5.280835520125265 25
      vertex -80.05209080692536 -10.539057691824734 25
    endloop
  endfacet
  facet normal 0.9994645874763657 0.03271908282177676 0
    outer loop
      vertex -80.5699804877798 -5.280835520125265 3
      vertex -80.74285714285713 0 25
      vertex -80.5699804877798 -5.280835520125265 25
    endloop
  endfacet
  facet normal 0.4127070298043971 0.9108638249211748 0
    outer loop
      vertex -30.898953710392675 -74.59667311076846 3
      vertex -35.71165253025421 -72.41606764489647 25
      vertex -30.898953710392675 -74.59667311076846 25
    endloop
  endfacet
  facet normal 0.47139673682599725 0.8819212643483552 0
    outer loop
      vertex -35.71165253025421 -72.41606764489647 3
      vertex -40.37142857142857 -69.92536545985209 25
      vertex -35.71165253025421 -72.41606764489647 25
    endloop
  endfacet
  facet normal 0.3522500479212329 0.935905926757326 0
    outer loop
      vertex -25.953940827049557 -76.45784417009052 3
      vertex -30.898953710392675 -74.59667311076846 25
      vertex -25.953940827049557 -76.45784417009052 25
    endloop
  endfacet
  facet normal 0.29028467725446266 0.9569403357322088 0
    outer loop
      vertex -20.89778918456353 -77.99161100265448 3
      vertex -25.953940827049557 -76.45784417009052 25
      vertex -20.89778918456353 -77.99161100265448 25
    endloop
  endfacet
  facet normal 0.2270762630343715 0.9738769792773341 0
    outer loop
      vertex -15.752150000502239 -79.1914057834151 3
      vertex -20.89778918456353 -77.99161100265448 25
      vertex -15.752150000502239 -79.1914057834151 25
    endloop
  endfacet
  facet normal 0.16289547339458887 0.986643332084879 0
    outer loop
      vertex -10.539057691824734 -80.05209080692536 3
      vertex -15.752150000502239 -79.1914057834151 25
      vertex -10.539057691824734 -80.05209080692536 25
    endloop
  endfacet
  facet normal 0.09801714032956087 0.9951847266721968 0
    outer loop
      vertex -5.280835520125265 -80.5699804877798 3
      vertex -10.539057691824734 -80.05209080692536 25
      vertex -5.280835520125265 -80.5699804877798 25
    endloop
  endfacet
  facet normal 0.03271908282177676 0.9994645874763657 -3.026515941999095e-19
    outer loop
      vertex -5.280835520125265 -80.5699804877798 25
      vertex 0 -80.74285714285713 25
      vertex 0 -80.74285714285713 3
    endloop
  endfacet
  facet normal 0 0 1
    outer loop
      vertex -80.5699804877798 -5.280835520125265 3
      vertex -80.5699804877798 5.280835520125265 3
      vertex -80.74285714285713 0 3
    endloop
  endfacet
  facet normal 0 0 1
    outer loop
      vertex -80.5699804877798 -5.280835520125265 3
      vertex -80.05209080692536 10.539057691824734 3
      vertex -80.5699804877798 5.280835520125265 3
    endloop
  endfacet
  facet normal 0 0 1
    outer loop
      vertex -80.05209080692536 -10.539057691824734 3
      vertex -79.1914057834151 15.752150000502239 3
      vertex -80.05209080692536 10.539057691824734 3
    endloop
  endfacet
  facet normal 0 0 1
    outer loop
      vertex -79.1914057834151 -15.752150000502239 3
      vertex -77.99161100265448 20.89778918456353 3
      vertex -79.1914057834151 15.752150000502239 3
    endloop
  endfacet
  facet normal 0 0 1
    outer loop
      vertex -77.99161100265448 -20.89778918456353 3
      vertex -76.45784417009052 25.953940827049557 3
      vertex -77.99161100265448 20.89778918456353 3
    endloop
  endfacet
  facet normal 0 0 1
    outer loop
      vertex -76.45784417009052 -25.953940827049557 3
      vertex -74.59667311076846 30.898953710392675 3
      vertex -76.45784417009052 25.953940827049557 3
    endloop
  endfacet
  facet normal 0 0 1
    outer loop
      vertex -74.59667311076846 -30.898953710392675 3
      vertex -72.41606764489647 35.71165253025421 3
      vertex -74.59667311076846 30.898953710392675 3
    endloop
  endfacet
  facet normal 0 0 1
    outer loop
      vertex -72.41606764489647 -35.71165253025421 3
      vertex -69.92536545985209 40.37142857142857 3
      vertex -72.41606764489647 35.71165253025421 3
    endloop
  endfacet
  facet normal 0 0 1
    outer loop
      vertex -69.92536545985209 -40.37142857142857 3
      vertex -67.13523212477122 44.85832795752559 3
      vertex -69.92536545985209 40.37142857142857 3
    endloop
  endfacet
  facet normal 0 0 1
    outer loop
      vertex -67.13523212477122 -44.85832795752559 3
      vertex -64.05761541894373 49.153137096532696 3
      vertex -67.13523212477122 44.85832795752559 3
    endloop
  endfacet
  facet normal 0 0 1
    outer loop
      vertex -64.05761541894373 -49.153137096532696 3
      vertex -60.70569416958829 53.23746495636555 3
      vertex -64.05761541894373 49.153137096532696 3
    endloop
  endfacet
  facet normal 0 0 1
    outer loop
      vertex -60.70569416958829 -53.23746495636555 3
      vertex -57.09382181809095 57.09382181809095 3
      vertex -60.70569416958829 53.23746495636555 3
    endloop
  endfacet
  facet normal 0 0 1
    outer loop
      vertex -57.09382181809095 -57.09382181809095 3
      vertex -53.23746495636555 60.70569416958829 3
      vertex -57.09382181809095 57.09382181809095 3
    endloop
  endfacet
  facet normal 0 0 1
    outer loop
      vertex -53.23746495636555 -60.70569416958829 3
      vertex -49.153137096532696 64.05761541894373 3
      vertex -53.23746495636555 60.70569416958829 3
    endloop
  endfacet
  facet normal 0 0 1
    outer loop
      vertex -49.153137096532696 -64.05761541894373 3
      vertex -44.85832795752559 67.13523212477122 3
      vertex -49.153137096532696 64.05761541894373 3
    endloop
  endfacet
  facet normal 0 0 1
    outer loop
      vertex -44.85832795752559 -67.13523212477122 3
      vertex -40.37142857142857 69.92536545985209 3
      vertex -44.85832795752559 67.13523212477122 3
    endloop
  endfacet
  facet normal 0.9994645874763657 -0.03271908282177676 3.026515941999095e-19
    outer loop
      vertex -80.74285714285713 0 3
      vertex -80.5699804877798 5.280835520125265 3
      vertex -80.5699804877798 5.280835520125265 25
    endloop
  endfacet
  facet normal 0.9951847266721968 -0.09801714032956087 -1.6166512550558962e-18
    outer loop
      vertex -80.5699804877798 5.280835520125265 3
      vertex -80.05209080692536 10.539057691824734 3
      vertex -80.05209080692536 10.539057691824734 25
    endloop
  endfacet
  facet normal 0.986643332084879 -0.16289547339458887 -2.9371750511909355e-18
    outer loop
      vertex -80.05209080692536 10.539057691824734 3
      vertex -79.1914057834151 15.752150000502239 3
      vertex -79.1914057834151 15.752150000502239 25
    endloop
  endfacet
  facet normal 0.9738769792773341 -0.2270762630343715 2.6464678601620058e-18
    outer loop
      vertex -79.1914057834151 15.752150000502239 3
      vertex -77.99161100265448 20.89778918456353 3
      vertex -77.99161100265448 20.89778918456353 25
    endloop
  endfacet
  facet normal 0.9569403357322088 -0.29028467725446266 -2.4869442188122637e-18
    outer loop
      vertex -77.99161100265448 20.89778918456353 3
      vertex -76.45784417009052 25.953940827049557 3
      vertex -76.45784417009052 25.953940827049557 25
    endloop
  endfacet
  facet normal 0.935905926757326 -0.3522500479212329 4.0229144497643906e-19
    outer loop
      vertex -76.45784417009052 25.953940827049557 3
      vertex -74.59667311076846 30.898953710392675 3
      vertex -74.59667311076846 30.898953710392675 25
    endloop
  endfacet
  facet normal 0.9108638249211748 -0.4127070298043971 -2.8859684908166532e-18
    outer loop
      vertex -74.59667311076846 30.898953710392675 3
      vertex -72.41606764489647 35.71165253025421 3
      vertex -72.41606764489647 35.71165253025421 25
    endloop
  endfacet
  facet normal 0.8819212643483552 -0.47139673682599725 -4.303973061904382e-18
    outer loop
      vertex -72.41606764489647 35.71165253025421 3
      vertex -69.92536545985209 40.37142857142857 3
      vertex -69.92536545985209 40.37142857142857 25
    endloop
  endfacet
  facet normal 0.8492021815265798 -0.5280678506503665 -1.8301721973689948e-18
    outer loop
      vertex -69.92536545985209 40.37142857142857 3
      vertex -67.13523212477122 44.85832795752559 3
      vertex -67.13523212477122 44.85832795752559 25
    endloop
  endfacet
  facet normal 0.8128466845916154 -0.5824776968678022 2.113721741380019e-18
    outer loop
      vertex -67.13523212477122 44.85832795752559 3
      vertex -64.05761541894373 49.153137096532696 3
      vertex -64.05761541894373 49.153137096532696 25
    endloop
  endfacet
  facet normal 0.7730104533627371 -0.6343932841636453 2.637531316930528e-18
    outer loop
      vertex -64.05761541894373 49.153137096532696 3
      vertex -60.70569416958829 53.23746495636555 3
      vertex -60.70569416958829 53.23746495636555 25
    endloop
  endfacet
  facet normal 0.7298640726978365 -0.6835923020228705 -3.181355333650498e-18
    outer loop
      vertex -60.70569416958829 53.23746495636555 3
      vertex -57.09382181809095 57.09382181809095 3
      vertex -57.09382181809095 57.09382181809095 25
    endloop
  endfacet
  facet normal 0.6835923020228705 -0.7298640726978365 -3.181355333650498e-18
    outer loop
      vertex -57.09382181809095 57.09382181809095 3
      vertex -53.23746495636555 60.70569416958829 3
      vertex -53.23746495636555 60.70569416958829 25
    endloop
  endfacet
  facet normal 0.6343932841636453 -0.7730104533627371 2.637531316930528e-18
    outer loop
      vertex -53.23746495636555 60.70569416958829 3
      vertex -49.153137096532696 64.05761541894373 3
      vertex -49.153137096532696 64.05761541894373 25
    endloop
  endfacet
  facet normal 0.5824776968678022 -0.8128466845916154 2.113721741380019e-18
    outer loop
      vertex -49.153137096532696 64.05761541894373 3
      vertex -44.85832795752559 67.13523212477122 3
      vertex -44.85832795752559 67.13523212477122 25
    endloop
  endfacet
  facet normal 0.5280678506503665 -0.8492021815265798 -1.8301721973689948e-18
    outer loop
      vertex -44.85832795752559 67.13523212477122 3
      vertex -40.37142857142857 69.92536545985209 3
      vertex -40.37142857142857 69.92536545985209 25
    endloop
  endfacet
  facet normal 0 0 1
    outer loop
      vertex -40.37142857142857 -69.92536545985209 3
      vertex -35.71165253025421 72.41606764489647 3
      vertex -40.37142857142857 69.92536545985209 3
    endloop
  endfacet
  facet normal 0 0 1
    outer loop
      vertex -35.71165253025421 -72.41606764489647 3
      vertex -30.898953710392675 74.59667311076846 3
      vertex -35.71165253025421 72.41606764489647 3
    endloop
  endfacet
  facet normal 0 0 1
    outer loop
      vertex -30.898953710392675 -74.59667311076846 3
      vertex -25.953940827049557 76.45784417009052 3
      vertex -30.898953710392675 74.59667311076846 3
    endloop
  endfacet
  facet normal 0 0 1
    outer loop
      vertex -25.953940827049557 -76.45784417009052 3
      vertex -20.89778918456353 77.99161100265448 3
      vertex -25.953940827049557 76.45784417009052 3
    endloop
  endfacet
  facet normal 0 0 1
    outer loop
      vertex -10.539057691824734 -80.05209080692536 3
      vertex -10 0 3
      vertex -10.539057691824734 80.05209080692536 3
    endloop
  endfacet
  facet normal 0 0 1
    outer loop
      vertex -20.89778918456353 -77.99161100265448 3
      vertex -15.752150000502239 79.1914057834151 3
      vertex -20.89778918456353 77.99161100265448 3
    endloop
  endfacet
  facet normal 0 0 1
    outer loop
      vertex -15.752150000502239 -79.1914057834151 3
      vertex -10.539057691824734 80.05209080692536 3
      vertex -15.752150000502239 79.1914057834151 3
    endloop
  endfacet
  facet normal 0 0 1
    outer loop
      vertex -10 0 3
      vertex -9.978589232386035 0.6540312923014306 3
      vertex -10.539057691824734 80.05209080692536 3
    endloop
  endfacet
  facet normal 0 0 1
    outer loop
      vertex -9.978589232386035 0.6540312923014306 3
      vertex -9.914448613738104 1.3052619222005157 3
      vertex -10.539057691824734 80.05209080692536 3
    endloop
  endfacet
  facet normal 0 0 1
    outer loop
      vertex -9.914448613738104 1.3052619222005157 3
      vertex -9.807852804032304 1.9509032201612824 3
      vertex -10.539057691824734 80.05209080692536 3
    endloop
  endfacet
  facet normal 0 0 1
    outer loop
      vertex -9.807852804032304 1.9509032201612824 3
      vertex -9.659258262890683 2.5881904510252074 3
      vertex -10.539057691824734 80.05209080692536 3
    endloop
  endfacet
  facet normal 0 0 1
    outer loop
      vertex -9.659258262890683 2.5881904510252074 3
      vertex -9.469301294951057 3.214394653031616 3
      vertex -10.539057691824734 80.05209080692536 3
    endloop
  endfacet
  facet normal 0 0 1
    outer loop
      vertex -9.469301294951057 3.214394653031616 3
      vertex -9.238795325112868 3.826834323650898 3
      vertex -10.539057691824734 80.05209080692536 3
    endloop
  endfacet
  facet normal 0 0 1
    outer loop
      vertex -9.238795325112868 3.826834323650898 3
      vertex -8.968727415326882 4.4228869021900135 3
      vertex -10.539057691824734 80.05209080692536 3
    endloop
  endfacet
  facet normal 0 0 1
    outer loop
      vertex -8.968727415326882 4.4228869021900135 3
      vertex -8.660254037844386 5 3
      vertex -10.539057691824734 80.05209080692536 3
    endloop
  endfacet
  facet normal 0 0 1
    outer loop
      vertex -8.660254037844386 5 3
      vertex -8.314696123025453 5.555702330196022 3
      vertex -10.539057691824734 80.05209080692536 3
    endloop
  endfacet
  facet normal 0 0 1
    outer loop
      vertex -8.314696123025453 5.555702330196022 3
      vertex -7.933533402912351 6.087614290087206 3
      vertex -10.539057691824734 80.05209080692536 3
    endloop
  endfacet
  facet normal 0 0 1
    outer loop
      vertex -7.933533402912351 6.087614290087206 3
      vertex -7.518398074789775 6.593458151000688 3
      vertex -10.539057691824734 80.05209080692536 3
    endloop
  endfacet
  facet normal 0 0 1
    outer loop
      vertex -7.518398074789775 6.593458151000688 3
      vertex -7.0710678118654755 7.0710678118654755 3
      vertex -5.280835520125265 80.5699804877798 3
    endloop
  endfacet
  facet normal 0 0 1
    outer loop
      vertex -7.0710678118654755 7.0710678118654755 3
      vertex -6.593458151000688 7.518398074789775 3
      vertex -5.280835520125265 80.5699804877798 3
    endloop
  endfacet
  facet normal 0 0 1
    outer loop
      vertex -6.593458151000688 7.518398074789775 3
      vertex -6.087614290087206 7.933533402912351 3
      vertex -5.280835520125265 80.5699804877798 3
    endloop
  endfacet
  facet normal 0 0 1
    outer loop
      vertex -6.087614290087206 7.933533402912351 3
      vertex -5.555702330196022 8.314696123025453 3
      vertex -5.280835520125265 80.5699804877798 3
    endloop
  endfacet
  facet normal 0 0 1
    outer loop
      vertex -5.555702330196022 8.314696123025453 3
      vertex -5 8.660254037844386 3
      vertex -5.280835520125265 80.5699804877798 3
    endloop
  endfacet
  facet normal 0 0 1
    outer loop
      vertex -5 8.660254037844386 3
      vertex -4.4228869021900135 8.968727415326882 3
      vertex -5.280835520125265 80.5699804877798 3
    endloop
  endfacet
  facet normal 0 0 1
    outer loop
      vertex -4.4228869021900135 8.968727415326882 3
      vertex -3.826834323650898 9.238795325112868 3
      vertex -5.280835520125265 80.5699804877798 3
    endloop
  endfacet
  facet normal 0 0 1
    outer loop
      vertex -3.826834323650898 9.238795325112868 3
      vertex -3.214394653031616 9.469301294951057 3
      vertex -5.280835520125265 80.5699804877798 3
    endloop
  endfacet
  facet normal 0 0 1
    outer loop
      vertex -3.214394653031616 9.469301294951057 3
      vertex -2.5881904510252074 9.659258262890683 3
      vertex -5.280835520125265 80.5699804877798 3
    endloop
  endfacet
  facet normal 0 0 1
    outer loop
      vertex -2.5881904510252074 9.659258262890683 3
      vertex -1.9509032201612824 9.807852804032304 3
      vertex -5.280835520125265 80.5699804877798 3
    endloop
  endfacet
  facet normal 0 0 1
    outer loop
      vertex -1.9509032201612824 9.807852804032304 3
      vertex -1.3052619222005157 9.914448613738104 3
      vertex 0 80.74285714285713 3
    endloop
  endfacet
  facet normal 0 0 1
    outer loop
      vertex -1.3052619222005157 9.914448613738104 3
      vertex -0.6540312923014306 9.978589232386035 3
      vertex 0 80.74285714285713 3
    endloop
  endfacet
  facet normal 0 0 1
    outer loop
      vertex -0.6540312923014306 9.978589232386035 3
      vertex 0 10 3
      vertex 0 80.74285714285713 3
    endloop
  endfacet
  facet normal 0 0 1
    outer loop
      vertex -7.518398074789775 6.593458151000688 3
      vertex -5.280835520125265 80.5699804877798 3
      vertex -10.539057691824734 80.05209080692536 3
    endloop
  endfacet
  facet normal 0 0 1
    outer loop
      vertex -1.9509032201612824 9.807852804032304 3
      vertex 0 80.74285714285713 3
      vertex -5.280835520125265 80.5699804877798 3
    endloop
  endfacet
  facet normal 0.47139673682599725 -0.8819212643483552 -4.303973061904382e-18
    outer loop
      vertex -40.37142857142857 69.92536545985209 3
      vertex -35.71165253025421 72.41606764489647 3
      vertex -35.71165253025421 72.41606764489647 25
    endloop
  endfacet
  facet normal 0.4127070298043971 -0.9108638249211748 -2.8859684908166532e-18
    outer loop
      vertex -35.71165253025421 72.41606764489647 3
      vertex -30.898953710392675 74.59667311076846 3
      vertex -30.898953710392675 74.59667311076846 25
    endloop
  endfacet
  facet normal 0.3522500479212329 -0.935905926757326 4.0229144497643906e-19
    outer loop
      vertex -30.898953710392675 74.59667311076846 3
      vertex -25.953940827049557 76.45784417009052 3
      vertex -25.953940827049557 76.45784417009052 25
    endloop
  endfacet
  facet normal 0.29028467725446266 -0.9569403357322088 -2.4869442188122637e-18
    outer loop
      vertex -25.953940827049557 76.45784417009052 3
      vertex -20.89778918456353 77.99161100265448 3
      vertex -20.89778918456353 77.99161100265448 25
    endloop
  endfacet
  facet normal 0.2270762630343715 -0.9738769792773341 2.6464678601620058e-18
    outer loop
      vertex -20.89778918456353 77.99161100265448 3
      vertex -15.752150000502239 79.1914057834151 3
      vertex -15.752150000502239 79.1914057834151 25
    endloop
  endfacet
  facet normal 0.16289547339458887 -0.986643332084879 -2.9371750511909355e-18
    outer loop
      vertex -15.752150000502239 79.1914057834151 3
      vertex -10.539057691824734 80.05209080692536 3
      vertex -10.539057691824734 80.05209080692536 25
    endloop
  endfacet
  facet normal 0.09801714032956087 -0.9951847266721968 -1.6166512550558962e-18
    outer loop
      vertex -10.539057691824734 80.05209080692536 3
      vertex -5.280835520125265 80.5699804877798 3
      vertex -5.280835520125265 80.5699804877798 25
    endloop
  endfacet
  facet normal 0.03271908282177676 -0.9994645874763657 3.026515941999095e-19
    outer loop
      vertex -5.280835520125265 80.5699804877798 3
      vertex 0 80.74285714285713 3
      vertex 0 80.74285714285713 25
    endloop
  endfacet
  facet normal 0.9994645874763657 -0.03271908282177676 0
    outer loop
      vertex -80.74285714285713 0 3
      vertex -80.5699804877798 5.280835520125265 25
      vertex -80.74285714285713 0 25
    endloop
  endfacet
  facet normal 0.9951847266721968 -0.09801714032956087 0
    outer loop
      vertex -80.5699804877798 5.280835520125265 3
      vertex -80.05209080692536 10.539057691824734 25
      vertex -80.5699804877798 5.280835520125265 25
    endloop
  endfacet
  facet normal 0.986643332084879 -0.16289547339458887 0
    outer loop
      vertex -80.05209080692536 10.539057691824734 3
      vertex -79.1914057834151 15.752150000502239 25
      vertex -80.05209080692536 10.539057691824734 25
    endloop
  endfacet
  facet normal 0.9738769792773341 -0.2270762630343715 0
    outer loop
      vertex -79.1914057834151 15.752150000502239 3
      vertex -77.99161100265448 20.89778918456353 25
      vertex -79.1914057834151 15.752150000502239 25
    endloop
  endfacet
  facet normal 0.9569403357322088 -0.29028467725446266 0
    outer loop
      vertex -77.99161100265448 20.89778918456353 3
      vertex -76.45784417009052 25.953940827049557 25
      vertex -77.99161100265448 20.89778918456353 25
    endloop
  endfacet
  facet normal 0.935905926757326 -0.3522500479212329 0
    outer loop
      vertex -76.45784417009052 25.953940827049557 3
      vertex -74.59667311076846 30.898953710392675 25
      vertex -76.45784417009052 25.953940827049557 25
    endloop
  endfacet
  facet normal 0.9108638249211748 -0.4127070298043971 0
    outer loop
      vertex -74.59667311076846 30.898953710392675 3
      vertex -72.41606764489647 35.71165253025421 25
      vertex -74.59667311076846 30.898953710392675 25
    endloop
  endfacet
  facet normal 0.8819212643483552 -0.47139673682599725 0
    outer loop
      vertex -72.41606764489647 35.71165253025421 3
      vertex -69.92536545985209 40.37142857142857 25
      vertex -72.41606764489647 35.71165253025421 25
    endloop
  endfacet
  facet normal 0.8492021815265798 -0.5280678506503665 0
    outer loop
      vertex -69.92536545985209 40.37142857142857 3
      vertex -67.13523212477122 44.85832795752559 25
      vertex -69.92536545985209 40.37142857142857 25
    endloop
  endfacet
  facet normal 0.8128466845916154 -0.5824776968678022 0
    outer loop
      vertex -67.13523212477122 44.85832795752559 3
      vertex -64.05761541894373 49.153137096532696 25
      vertex -67.13523212477122 44.85832795752559 25
    endloop
  endfacet
  facet normal 0.7730104533627371 -0.6343932841636453 0
    outer loop
      vertex -64.05761541894373 49.153137096532696 3
      vertex -60.70569416958829 53.23746495636555 25
      vertex -64.05761541894373 49.153137096532696 25
    endloop
  endfacet
  facet normal 0.7298640726978365 -0.6835923020228705 0
    outer loop
      vertex -60.70569416958829 53.23746495636555 3
      vertex -57.09382181809095 57.09382181809095 25
      vertex -60.70569416958829 53.23746495636555 25
    endloop
  endfacet
  facet normal 0.6835923020228705 -0.7298640726978365 0
    outer loop
      vertex -57.09382181809095 57.09382181809095 3
      vertex -53.23746495636555 60.70569416958829 25
      vertex -57.09382181809095 57.09382181809095 25
    endloop
  endfacet
  facet normal 0.6343932841636453 -0.7730104533627371 0
    outer loop
      vertex -53.23746495636555 60.70569416958829 3
      vertex -49.153137096532696 64.05761541894373 25
      vertex -53.23746495636555 60.70569416958829 25
    endloop
  endfacet
  facet normal 0.5824776968678022 -0.8128466845916154 0
    outer loop
      vertex -49.153137096532696 64.05761541894373 3
      vertex -44.85832795752559 67.13523212477122 25
      vertex -49.153137096532696 64.05761541894373 25
    endloop
  endfacet
  facet normal 0.5280678506503665 -0.8492021815265798 0
    outer loop
      vertex -44.85832795752559 67.13523212477122 3
      vertex -40.37142857142857 69.92536545985209 25
      vertex -44.85832795752559 67.13523212477122 25
    endloop
  endfacet
  facet normal 0.47139673682599725 -0.8819212643483552 0
    outer loop
      vertex -40.37142857142857 69.92536545985209 3
      vertex -35.71165253025421 72.41606764489647 25
      vertex -40.37142857142857 69.92536545985209 25
    endloop
  endfacet
  facet normal 0.4127070298043971 -0.9108638249211748 0
    outer loop
      vertex -35.71165253025421 72.41606764489647 3
      vertex -30.898953710392675 74.59667311076846 25
      vertex -35.71165253025421 72.41606764489647 25
    endloop
  endfacet
  facet normal 0.3522500479212329 -0.935905926757326 0
    outer loop
      vertex -30.898953710392675 74.59667311076846 3
      vertex -25.953940827049557 76.45784417009052 25
      vertex -30.898953710392675 74.59667311076846 25
    endloop
  endfacet
  facet normal 0.29028467725446266 -0.9569403357322088 0
    outer loop
      vertex -25.953940827049557 76.45784417009052 3
      vertex -20.89778918456353 77.99161100265448 25
      vertex -25.953940827049557 76.45784417009052 25
    endloop
  endfacet
  facet normal 0.2270762630343715 -0.9738769792773341 0
    outer loop
      vertex -20.89778918456353 77.99161100265448 3
      vertex -15.752150000502239 79.1914057834151 25
      vertex -20.89778918456353 77.99161100265448 25
    endloop
  endfacet
  facet normal 0.16289547339458887 -0.986643332084879 0
    outer loop
      vertex -15.752150000502239 79.1914057834151 3
      vertex -10.539057691824734 80.05209080692536 25
      vertex -15.752150000502239 79.1914057834151 25
    endloop
  endfacet
  facet normal 0.09801714032956087 -0.9951847266721968 0
    outer loop
      vertex -10.539057691824734 80.05209080692536 3
      vertex -5.280835520125265 80.5699804877798 25
      vertex -10.539057691824734 80.05209080692536 25
    endloop
  endfacet
  facet normal 0.03271908282177676 -0.9994645874763657 0
    outer loop
      vertex -5.280835520125265 80.5699804877798 3
      vertex 0 80.74285714285713 25
      vertex -5.280835520125265 80.5699804877798 25
    endloop
  endfacet
  facet normal 0 0 1
    outer loop
      vertex 0 -80.74285714285713 3
      vertex 5.280835520125265 -80.5699804877798 3
      vertex 1.9509032201612824 -9.807852804032304 3
    endloop
  endfacet
  facet normal 0 0 1
    outer loop
      vertex 5.280835520125265 -80.5699804877798 3
      vertex 10.539057691824734 -80.05209080692536 3
      vertex 7.518398074789775 -6.593458151000688 3
    endloop
  endfacet
  facet normal -0.03271908282177676 0.9994645874763657 0
    outer loop
      vertex 0 -80.74285714285713 3
      vertex 0 -80.74285714285713 25
      vertex 5.280835520125265 -80.5699804877798 3
    endloop
  endfacet
  facet normal -0.09801714032956087 0.9951847266721968 0
    outer loop
      vertex 5.280835520125265 -80.5699804877798 3
      vertex 5.280835520125265 -80.5699804877798 25
      vertex 10.539057691824734 -80.05209080692536 3
    endloop
  endfacet
  facet normal -0.16289547339458887 0.986643332084879 0
    outer loop
      vertex 10.539057691824734 -80.05209080692536 3
      vertex 10.539057691824734 -80.05209080692536 25
      vertex 15.752150000502239 -79.1914057834151 3
    endloop
  endfacet
  facet normal -0.2270762630343715 0.9738769792773341 0
    outer loop
      vertex 15.752150000502239 -79.1914057834151 3
      vertex 15.752150000502239 -79.1914057834151 25
      vertex 20.89778918456353 -77.99161100265448 3
    endloop
  endfacet
  facet normal -0.29028467725446266 0.9569403357322088 0
    outer loop
      vertex 20.89778918456353 -77.99161100265448 3
      vertex 20.89778918456353 -77.99161100265448 25
      vertex 25.953940827049557 -76.45784417009052 3
    endloop
  endfacet
  facet normal -0.3522500479212329 0.935905926757326 0
    outer loop
      vertex 25.953940827049557 -76.45784417009052 3
      vertex 25.953940827049557 -76.45784417009052 25
      vertex 30.898953710392675 -74.59667311076846 3
    endloop
  endfacet
  facet normal -0.4127070298043971 0.9108638249211748 0
    outer loop
      vertex 30.898953710392675 -74.59667311076846 3
      vertex 30.898953710392675 -74.59667311076846 25
      vertex 35.71165253025421 -72.41606764489647 3
    endloop
  endfacet
  facet normal -0.47139673682599725 0.8819212643483552 0
    outer loop
      vertex 35.71165253025421 -72.41606764489647 3
      vertex 35.71165253025421 -72.41606764489647 25
      vertex 40.37142857142857 -69.92536545985209 3
    endloop
  endfacet
  facet normal 0 0 1
    outer loop
      vertex 0 -80.74285714285713 3
      vertex 0.6540312923014306 -9.978589232386035 3
      vertex 0 -10 3
    endloop
  endfacet
  facet normal 0 0 1
    outer loop
      vertex 0 -80.74285714285713 3
      vertex 1.3052619222005157 -9.914448613738104 3
      vertex 0.6540312923014306 -9.978589232386035 3
    endloop
  endfacet
  facet normal 0 0 1
    outer loop
      vertex 0 -80.74285714285713 3
      vertex 1.9509032201612824 -9.807852804032304 3
      vertex 1.3052619222005157 -9.914448613738104 3
    endloop
  endfacet
  facet normal 0 0 1
    outer loop
      vertex 5.280835520125265 -80.5699804877798 3
      vertex 2.5881904510252074 -9.659258262890683 3
      vertex 1.9509032201612824 -9.807852804032304 3
    endloop
  endfacet
  facet normal 0 0 1
    outer loop
      vertex 5.280835520125265 -80.5699804877798 3
      vertex 3.214394653031616 -9.469301294951057 3
      vertex 2.5881904510252074 -9.659258262890683 3
    endloop
  endfacet
  facet normal 0 0 1
    outer loop
      vertex 5.280835520125265 -80.5699804877798 3
      vertex 3.826834323650898 -9.238795325112868 3
      vertex 3.214394653031616 -9.469301294951057 3
    endloop
  endfacet
  facet normal 0 0 1
    outer loop
      vertex 5.280835520125265 -80.5699804877798 3
      vertex 4.4228869021900135 -8.968727415326882 3
      vertex 3.826834323650898 -9.238795325112868 3
    endloop
  endfacet
  facet normal 0 0 1
    outer loop
      vertex 5.280835520125265 -80.5699804877798 3
      vertex 5 -8.660254037844386 3
      vertex 4.4228869021900135 -8.968727415326882 3
    endloop
  endfacet
  facet normal 0 0 1
    outer loop
      vertex 5.280835520125265 -80.5699804877798 3
      vertex 5.555702330196022 -8.314696123025453 3
      vertex 5 -8.660254037844386 3
    endloop
  endfacet
  facet normal 0 0 1
    outer loop
      vertex 5.280835520125265 -80.5699804877798 3
      vertex 6.087614290087206 -7.933533402912351 3
      vertex 5.555702330196022 -8.314696123025453 3
    endloop
  endfacet
  facet normal 0 0 1
    outer loop
      vertex 5.280835520125265 -80.5699804877798 3
      vertex 6.593458151000688 -7.518398074789775 3
      vertex 6.087614290087206 -7.933533402912351 3
    endloop
  endfacet
  facet normal 0 0 1
    outer loop
      vertex 5.280835520125265 -80.5699804877798 3
      vertex 7.0710678118654755 -7.0710678118654755 3
      vertex 6.593458151000688 -7.518398074789775 3
    endloop
  endfacet
  facet normal 0 0 1
    outer loop
      vertex 5.280835520125265 -80.5699804877798 3
      vertex 7.518398074789775 -6.593458151000688 3
      vertex 7.0710678118654755 -7.0710678118654755 3
    endloop
  endfacet
  facet normal 0 0 1
    outer loop
      vertex 10.539057691824734 -80.05209080692536 3
      vertex 7.933533402912351 -6.087614290087206 3
      vertex 7.518398074789775 -6.593458151000688 3
    endloop
  endfacet
  facet normal 0 0 1
    outer loop
      vertex 10.539057691824734 -80.05209080692536 3
      vertex 8.314696123025453 -5.555702330196022 3
      vertex 7.933533402912351 -6.087614290087206 3
    endloop
  endfacet
  facet normal 0 0 1
    outer loop
      vertex 10.539057691824734 -80.05209080692536 3
      vertex 8.660254037844386 -5 3
      vertex 8.314696123025453 -5.555702330196022 3
    endloop
  endfacet
  facet normal 0 0 1
    outer loop
      vertex 10.539057691824734 -80.05209080692536 3
      vertex 8.968727415326882 -4.4228869021900135 3
      vertex 8.660254037844386 -5 3
    endloop
  endfacet
  facet normal 0 0 1
    outer loop
      vertex 10.539057691824734 -80.05209080692536 3
      vertex 9.238795325112868 -3.826834323650898 3
      vertex 8.968727415326882 -4.4228869021900135 3
    endloop
  endfacet
  facet normal 0 0 1
    outer loop
      vertex 10.539057691824734 -80.05209080692536 3
      vertex 9.469301294951057 -3.214394653031616 3
      vertex 9.238795325112868 -3.826834323650898 3
    endloop
  endfacet
  facet normal 0 0 1
    outer loop
      vertex 10.539057691824734 -80.05209080692536 3
      vertex 9.659258262890683 -2.5881904510252074 3
      vertex 9.469301294951057 -3.214394653031616 3
    endloop
  endfacet
  facet normal 0 0 1
    outer loop
      vertex 10.539057691824734 -80.05209080692536 3
      vertex 9.807852804032304 -1.9509032201612824 3
      vertex 9.659258262890683 -2.5881904510252074 3
    endloop
  endfacet
  facet normal 0 0 1
    outer loop
      vertex 10.539057691824734 -80.05209080692536 3
      vertex 9.914448613738104 -1.3052619222005157 3
      vertex 9.807852804032304 -1.9509032201612824 3
    endloop
  endfacet
  facet normal 0 0 1
    outer loop
      vertex 10.539057691824734 -80.05209080692536 3
      vertex 9.978589232386035 -0.6540312923014306 3
      vertex 9.914448613738104 -1.3052619222005157 3
    endloop
  endfacet
  facet normal 0 0 1
    outer loop
      vertex 10.539057691824734 -80.05209080692536 3
      vertex 10 0 3
      vertex 9.978589232386035 -0.6540312923014306 3
    endloop
  endfacet
  facet normal 0 0 1
    outer loop
      vertex 10.539057691824734 -80.05209080692536 3
      vertex 15.752150000502239 -79.1914057834151 3
      vertex 15.752150000502239 79.1914057834151 3
    endloop
  endfacet
  facet normal 0 0 1
    outer loop
      vertex 15.752150000502239 -79.1914057834151 3
      vertex 20.89778918456353 -77.99161100265448 3
      vertex 20.89778918456353 77.99161100265448 3
    endloop
  endfacet
  facet normal 0 0 1
    outer loop
      vertex 20.89778918456353 -77.99161100265448 3
      vertex 25.953940827049557 -76.45784417009052 3
      vertex 25.953940827049557 76.45784417009052 3
    endloop
  endfacet
  facet normal 0 0 1
    outer loop
      vertex 25.953940827049557 -76.45784417009052 3
      vertex 30.898953710392675 -74.59667311076846 3
      vertex 30.898953710392675 74.59667311076846 3
    endloop
  endfacet
  facet normal 0 0 1
    outer loop
      vertex 30.898953710392675 -74.59667311076846 3
      vertex 35.71165253025421 -72.41606764489647 3
      vertex 35.71165253025421 72.41606764489647 3
    endloop
  endfacet
  facet normal 0 0 1
    outer loop
      vertex 35.71165253025421 -72.41606764489647 3
      vertex 40.37142857142857 -69.92536545985209 3
      vertex 40.37142857142857 69.92536545985209 3
    endloop
  endfacet
  facet normal -0.5280678506503665 0.8492021815265798 0
    outer loop
      vertex 40.37142857142857 -69.92536545985209 3
      vertex 40.37142857142857 -69.92536545985209 25
      vertex 44.85832795752559 -67.13523212477122 3
    endloop
  endfacet
  facet normal -0.5824776968678022 0.8128466845916154 0
    outer loop
      vertex 44.85832795752559 -67.13523212477122 3
      vertex 44.85832795752559 -67.13523212477122 25
      vertex 49.153137096532696 -64.05761541894373 3
    endloop
  endfacet
  facet normal -0.6343932841636453 0.7730104533627371 0
    outer loop
      vertex 49.153137096532696 -64.05761541894373 3
      vertex 49.153137096532696 -64.05761541894373 25
      vertex 53.23746495636555 -60.70569416958829 3
    endloop
  endfacet
  facet normal -0.6835923020228705 0.7298640726978365 0
    outer loop
      vertex 53.23746495636555 -60.70569416958829 3
      vertex 53.23746495636555 -60.70569416958829 25
      vertex 57.09382181809095 -57.09382181809095 3
    endloop
  endfacet
  facet normal -0.7298640726978365 0.6835923020228705 0
    outer loop
      vertex 57.09382181809095 -57.09382181809095 3
      vertex 57.09382181809095 -57.09382181809095 25
      vertex 60.70569416958829 -53.23746495636555 3
    endloop
  endfacet
  facet normal -0.7730104533627371 0.6343932841636453 0
    outer loop
      vertex 60.70569416958829 -53.23746495636555 3
      vertex 60.70569416958829 -53.23746495636555 25
      vertex 64.05761541894373 -49.153137096532696 3
    endloop
  endfacet
  facet normal -0.8128466845916154 0.5824776968678022 0
    outer loop
      vertex 64.05761541894373 -49.153137096532696 3
      vertex 64.05761541894373 -49.153137096532696 25
      vertex 67.13523212477122 -44.85832795752559 3
    endloop
  endfacet
  facet normal -0.8492021815265798 0.5280678506503665 0
    outer loop
      vertex 67.13523212477122 -44.85832795752559 3
      vertex 67.13523212477122 -44.85832795752559 25
      vertex 69.92536545985209 -40.37142857142857 3
    endloop
  endfacet
  facet normal 0 0 1
    outer loop
      vertex 40.37142857142857 -69.92536545985209 3
      vertex 44.85832795752559 -67.13523212477122 3
      vertex 44.85832795752559 67.13523212477122 3
    endloop
  endfacet
  facet normal 0 0 1
    outer loop
      vertex 44.85832795752559 -67.13523212477122 3
      vertex 49.153137096532696 -64.05761541894373 3
      vertex 49.153137096532696 64.05761541894373 3
    endloop
  endfacet
  facet normal 0 0 1
    outer loop
      vertex 49.153137096532696 -64.05761541894373 3
      vertex 53.23746495636555 -60.70569416958829 3
      vertex 53.23746495636555 60.70569416958829 3
    endloop
  endfacet
  facet normal 0 0 1
    outer loop
      vertex 53.23746495636555 -60.70569416958829 3
      vertex 57.09382181809095 -57.09382181809095 3
      vertex 57.09382181809095 57.09382181809095 3
    endloop
  endfacet
  facet normal 0 0 1
    outer loop
      vertex 57.09382181809095 -57.09382181809095 3
      vertex 60.70569416958829 -53.23746495636555 3
      vertex 60.70569416958829 53.23746495636555 3
    endloop
  endfacet
  facet normal 0 0 1
    outer loop
      vertex 60.70569416958829 -53.23746495636555 3
      vertex 64.05761541894373 -49.153137096532696 3
      vertex 64.05761541894373 49.153137096532696 3
    endloop
  endfacet
  facet normal 0 0 1
    outer loop
      vertex 64.05761541894373 -49.153137096532696 3
      vertex 67.13523212477122 -44.85832795752559 3
      vertex 67.13523212477122 44.85832795752559 3
    endloop
  endfacet
  facet normal 0 0 1
    outer loop
      vertex 67.13523212477122 -44.85832795752559 3
      vertex 69.92536545985209 -40.37142857142857 3
      vertex 69.92536545985209 40.37142857142857 3
    endloop
  endfacet
  facet normal 0 0 1
    outer loop
      vertex 69.92536545985209 -40.37142857142857 3
      vertex 72.41606764489647 -35.71165253025421 3
      vertex 72.41606764489647 35.71165253025421 3
    endloop
  endfacet
  facet normal 0 0 1
    outer loop
      vertex 72.41606764489647 -35.71165253025421 3
      vertex 74.59667311076846 -30.898953710392675 3
      vertex 74.59667311076846 30.898953710392675 3
    endloop
  endfacet
  facet normal 0 0 1
    outer loop
      vertex 74.59667311076846 -30.898953710392675 3
      vertex 76.45784417009052 -25.953940827049557 3
      vertex 76.45784417009052 25.953940827049557 3
    endloop
  endfacet
  facet normal 0 0 1
    outer loop
      vertex 76.45784417009052 -25.953940827049557 3
      vertex 77.99161100265448 -20.89778918456353 3
      vertex 77.99161100265448 20.89778918456353 3
    endloop
  endfacet
  facet normal 0 0 1
    outer loop
      vertex 77.99161100265448 -20.89778918456353 3
      vertex 79.1914057834151 -15.752150000502239 3
      vertex 79.1914057834151 15.752150000502239 3
    endloop
  endfacet
  facet normal 0 0 1
    outer loop
      vertex 79.1914057834151 -15.752150000502239 3
      vertex 80.05209080692536 -10.539057691824734 3
      vertex 80.05209080692536 10.539057691824734 3
    endloop
  endfacet
  facet normal 0 0 1
    outer loop
      vertex 80.05209080692536 -10.539057691824734 3
      vertex 80.5699804877798 -5.280835520125265 3
      vertex 80.5699804877798 5.280835520125265 3
    endloop
  endfacet
  facet normal -0.8819212643483552 0.47139673682599725 0
    outer loop
      vertex 69.92536545985209 -40.37142857142857 3
      vertex 69.92536545985209 -40.37142857142857 25
      vertex 72.41606764489647 -35.71165253025421 3
    endloop
  endfacet
  facet normal -0.9108638249211748 0.4127070298043971 0
    outer loop
      vertex 72.41606764489647 -35.71165253025421 3
      vertex 72.41606764489647 -35.71165253025421 25
      vertex 74.59667311076846 -30.898953710392675 3
    endloop
  endfacet
  facet normal -0.935905926757326 0.3522500479212329 0
    outer loop
      vertex 74.59667311076846 -30.898953710392675 3
      vertex 74.59667311076846 -30.898953710392675 25
      vertex 76.45784417009052 -25.953940827049557 3
    endloop
  endfacet
  facet normal -0.9569403357322088 0.29028467725446266 0
    outer loop
      vertex 76.45784417009052 -25.953940827049557 3
      vertex 76.45784417009052 -25.953940827049557 25
      vertex 77.99161100265448 -20.89778918456353 3
    endloop
  endfacet
  facet normal -0.9738769792773341 0.2270762630343715 0
    outer loop
      vertex 77.99161100265448 -20.89778918456353 3
      vertex 77.99161100265448 -20.89778918456353 25
      vertex 79.1914057834151 -15.752150000502239 3
    endloop
  endfacet
  facet normal -0.986643332084879 0.16289547339458887 0
    outer loop
      vertex 79.1914057834151 -15.752150000502239 3
      vertex 79.1914057834151 -15.752150000502239 25
      vertex 80.05209080692536 -10.539057691824734 3
    endloop
  endfacet
  facet normal -0.9951847266721968 0.09801714032956087 0
    outer loop
      vertex 80.05209080692536 -10.539057691824734 3
      vertex 80.05209080692536 -10.539057691824734 25
      vertex 80.5699804877798 -5.280835520125265 3
    endloop
  endfacet
  facet normal -0.9994645874763657 0.03271908282177676 0
    outer loop
      vertex 80.5699804877798 -5.280835520125265 3
      vertex 80.5699804877798 -5.280835520125265 25
      vertex 80.74285714285713 0 3
    endloop
  endfacet
  facet normal -0.03271908282177676 0.9994645874763657 0
    outer loop
      vertex 5.280835520125265 -80.5699804877798 3
      vertex 0 -80.74285714285713 25
      vertex 5.280835520125265 -80.5699804877798 25
    endloop
  endfacet
  facet normal -0.09801714032956087 0.9951847266721968 0
    outer loop
      vertex 10.539057691824734 -80.05209080692536 3
      vertex 5.280835520125265 -80.5699804877798 25
      vertex 10.539057691824734 -80.05209080692536 25
    endloop
  endfacet
  facet normal -0.16289547339458887 0.986643332084879 0
    outer loop
      vertex 15.752150000502239 -79.1914057834151 3
      vertex 10.539057691824734 -80.05209080692536 25
      vertex 15.752150000502239 -79.1914057834151 25
    endloop
  endfacet
  facet normal -0.2270762630343715 0.9738769792773341 0
    outer loop
      vertex 20.89778918456353 -77.99161100265448 3
      vertex 15.752150000502239 -79.1914057834151 25
      vertex 20.89778918456353 -77.99161100265448 25
    endloop
  endfacet
  facet normal -0.29028467725446266 0.9569403357322088 0
    outer loop
      vertex 25.953940827049557 -76.45784417009052 3
      vertex 20.89778918456353 -77.99161100265448 25
      vertex 25.953940827049557 -76.45784417009052 25
    endloop
  endfacet
  facet normal -0.3522500479212329 0.935905926757326 0
    outer loop
      vertex 30.898953710392675 -74.59667311076846 3
      vertex 25.953940827049557 -76.45784417009052 25
      vertex 30.898953710392675 -74.59667311076846 25
    endloop
  endfacet
  facet normal -0.4127070298043971 0.9108638249211748 0
    outer loop
      vertex 35.71165253025421 -72.41606764489647 3
      vertex 30.898953710392675 -74.59667311076846 25
      vertex 35.71165253025421 -72.41606764489647 25
    endloop
  endfacet
  facet normal -0.47139673682599725 0.8819212643483552 0
    outer loop
      vertex 40.37142857142857 -69.92536545985209 3
      vertex 35.71165253025421 -72.41606764489647 25
      vertex 40.37142857142857 -69.92536545985209 25
    endloop
  endfacet
  facet normal -0.5280678506503665 0.8492021815265798 0
    outer loop
      vertex 44.85832795752559 -67.13523212477122 3
      vertex 40.37142857142857 -69.92536545985209 25
      vertex 44.85832795752559 -67.13523212477122 25
    endloop
  endfacet
  facet normal -0.5824776968678022 0.8128466845916154 0
    outer loop
      vertex 49.153137096532696 -64.05761541894373 3
      vertex 44.85832795752559 -67.13523212477122 25
      vertex 49.153137096532696 -64.05761541894373 25
    endloop
  endfacet
  facet normal -0.6343932841636453 0.7730104533627371 0
    outer loop
      vertex 53.23746495636555 -60.70569416958829 3
      vertex 49.153137096532696 -64.05761541894373 25
      vertex 53.23746495636555 -60.70569416958829 25
    endloop
  endfacet
  facet normal -0.6835923020228705 0.7298640726978365 0
    outer loop
      vertex 57.09382181809095 -57.09382181809095 3
      vertex 53.23746495636555 -60.70569416958829 25
      vertex 57.09382181809095 -57.09382181809095 25
    endloop
  endfacet
  facet normal -0.7298640726978365 0.6835923020228705 0
    outer loop
      vertex 60.70569416958829 -53.23746495636555 3
      vertex 57.09382181809095 -57.09382181809095 25
      vertex 60.70569416958829 -53.23746495636555 25
    endloop
  endfacet
  facet normal -0.7730104533627371 0.6343932841636453 0
    outer loop
      vertex 64.05761541894373 -49.153137096532696 3
      vertex 60.70569416958829 -53.23746495636555 25
      vertex 64.05761541894373 -49.153137096532696 25
    endloop
  endfacet
  facet normal -0.8128466845916154 0.5824776968678022 0
    outer loop
      vertex 67.13523212477122 -44.85832795752559 3
      vertex 64.05761541894373 -49.153137096532696 25
      vertex 67.13523212477122 -44.85832795752559 25
    endloop
  endfacet
  facet normal -0.8492021815265798 0.5280678506503665 0
    outer loop
      vertex 69.92536545985209 -40.37142857142857 3
      vertex 67.13523212477122 -44.85832795752559 25
      vertex 69.92536545985209 -40.37142857142857 25
    endloop
  endfacet
  facet normal -0.8819212643483552 0.47139673682599725 0
    outer loop
      vertex 72.41606764489647 -35.71165253025421 3
      vertex 69.92536545985209 -40.37142857142857 25
      vertex 72.41606764489647 -35.71165253025421 25
    endloop
  endfacet
  facet normal -0.9108638249211748 0.4127070298043971 0
    outer loop
      vertex 74.59667311076846 -30.898953710392675 3
      vertex 72.41606764489647 -35.71165253025421 25
      vertex 74.59667311076846 -30.898953710392675 25
    endloop
  endfacet
  facet normal -0.935905926757326 0.3522500479212329 0
    outer loop
      vertex 76.45784417009052 -25.953940827049557 3
      vertex 74.59667311076846 -30.898953710392675 25
      vertex 76.45784417009052 -25.953940827049557 25
    endloop
  endfacet
  facet normal -0.9569403357322088 0.29028467725446266 0
    outer loop
      vertex 77.99161100265448 -20.89778918456353 3
      vertex 76.45784417009052 -25.953940827049557 25
      vertex 77.99161100265448 -20.89778918456353 25
    endloop
  endfacet
  facet normal -0.9738769792773341 0.2270762630343715 0
    outer loop
      vertex 79.1914057834151 -15.752150000502239 3
      vertex 77.99161100265448 -20.89778918456353 25
      vertex 79.1914057834151 -15.752150000502239 25
    endloop
  endfacet
  facet normal -0.986643332084879 0.16289547339458887 0
    outer loop
      vertex 80.05209080692536 -10.539057691824734 3
      vertex 79.1914057834151 -15.752150000502239 25
      vertex 80.05209080692536 -10.539057691824734 25
    endloop
  endfacet
  facet normal -0.9951847266721968 0.09801714032956087 0
    outer loop
      vertex 80.5699804877798 -5.280835520125265 3
      vertex 80.05209080692536 -10.539057691824734 25
      vertex 80.5699804877798 -5.280835520125265 25
    endloop
  endfacet
  facet normal -0.9994645874763657 0.03271908282177676 3.026515941999095e-19
    outer loop
      vertex 80.5699804877798 -5.280835520125265 25
      vertex 80.74285714285713 0 25
      vertex 80.74285714285713 0 3
    endloop
  endfacet
  facet normal 0 0 1
    outer loop
      vertex 10.539057691824734 -80.05209080692536 3
      vertex 10.539057691824734 80.05209080692536 3
      vertex 10 0 3
    endloop
  endfacet
  facet normal 0 0 1
    outer loop
      vertex 10 0 3
      vertex 10.539057691824734 80.05209080692536 3
      vertex 9.978589232386035 0.6540312923014306 3
    endloop
  endfacet
  facet normal 0 0 1
    outer loop
      vertex 9.978589232386035 0.6540312923014306 3
      vertex 10.539057691824734 80.05209080692536 3
      vertex 9.914448613738104 1.3052619222005157 3
    endloop
  endfacet
  facet normal 0 0 1
    outer loop
      vertex 9.914448613738104 1.3052619222005157 3
      vertex 10.539057691824734 80.05209080692536 3
      vertex 9.807852804032304 1.9509032201612824 3
    endloop
  endfacet
  facet normal 0 0 1
    outer loop
      vertex 9.659258262890683 2.5881904510252074 3
      vertex 9.807852804032304 1.9509032201612824 3
      vertex 10.539057691824734 80.05209080692536 3
    endloop
  endfacet
  facet normal 0 0 1
    outer loop
      vertex 7.518398074789775 6.593458151000688 3
      vertex 7.933533402912351 6.087614290087206 3
      vertex 10.539057691824734 80.05209080692536 3
    endloop
  endfacet
  facet normal 0 0 1
    outer loop
      vertex 8.314696123025453 5.555702330196022 3
      vertex 10.539057691824734 80.05209080692536 3
      vertex 7.933533402912351 6.087614290087206 3
    endloop
  endfacet
  facet normal 0 0 1
    outer loop
      vertex 8.968727415326882 4.4228869021900135 3
      vertex 10.539057691824734 80.05209080692536 3
      vertex 8.660254037844386 5 3
    endloop
  endfacet
  facet normal 0 0 1
    outer loop
      vertex 8.968727415326882 4.4228869021900135 3
      vertex 9.238795325112868 3.826834323650898 3
      vertex 10.539057691824734 80.05209080692536 3
    endloop
  endfacet
  facet normal 0 0 1
    outer loop
      vertex 9.659258262890683 2.5881904510252074 3
      vertex 10.539057691824734 80.05209080692536 3
      vertex 9.469301294951057 3.214394653031616 3
    endloop
  endfacet
  facet normal 0 0 1
    outer loop
      vertex 9.469301294951057 3.214394653031616 3
      vertex 10.539057691824734 80.05209080692536 3
      vertex 9.238795325112868 3.826834323650898 3
    endloop
  endfacet
  facet normal 0 0 1
    outer loop
      vertex 8.660254037844386 5 3
      vertex 10.539057691824734 80.05209080692536 3
      vertex 8.314696123025453 5.555702330196022 3
    endloop
  endfacet
  facet normal 0 0 1
    outer loop
      vertex 0 10 3
      vertex 0.6540312923014306 9.978589232386035 3
      vertex 5.280835520125265 80.5699804877798 3
    endloop
  endfacet
  facet normal 0 0 1
    outer loop
      vertex 0.6540312923014306 9.978589232386035 3
      vertex 1.3052619222005157 9.914448613738104 3
      vertex 5.280835520125265 80.5699804877798 3
    endloop
  endfacet
  facet normal 0 0 1
    outer loop
      vertex 1.3052619222005157 9.914448613738104 3
      vertex 1.9509032201612824 9.807852804032304 3
      vertex 5.280835520125265 80.5699804877798 3
    endloop
  endfacet
  facet normal 0 0 1
    outer loop
      vertex 2.5881904510252074 9.659258262890683 3
      vertex 5.280835520125265 80.5699804877798 3
      vertex 1.9509032201612824 9.807852804032304 3
    endloop
  endfacet
  facet normal 0 0 1
    outer loop
      vertex 2.5881904510252074 9.659258262890683 3
      vertex 3.214394653031616 9.469301294951057 3
      vertex 5.280835520125265 80.5699804877798 3
    endloop
  endfacet
  facet normal 0 0 1
    outer loop
      vertex 3.214394653031616 9.469301294951057 3
      vertex 3.826834323650898 9.238795325112868 3
      vertex 5.280835520125265 80.5699804877798 3
    endloop
  endfacet
  facet normal 0 0 1
    outer loop
      vertex 3.826834323650898 9.238795325112868 3
      vertex 4.4228869021900135 8.968727415326882 3
      vertex 5.280835520125265 80.5699804877798 3
    endloop
  endfacet
  facet normal 0 0 1
    outer loop
      vertex 4.4228869021900135 8.968727415326882 3
      vertex 5 8.660254037844386 3
      vertex 5.280835520125265 80.5699804877798 3
    endloop
  endfacet
  facet normal 0 0 1
    outer loop
      vertex 5 8.660254037844386 3
      vertex 5.555702330196022 8.314696123025453 3
      vertex 5.280835520125265 80.5699804877798 3
    endloop
  endfacet
  facet normal 0 0 1
    outer loop
      vertex 5.555702330196022 8.314696123025453 3
      vertex 6.087614290087206 7.933533402912351 3
      vertex 10.539057691824734 80.05209080692536 3
    endloop
  endfacet
  facet normal 0 0 1
    outer loop
      vertex 6.593458151000688 7.518398074789775 3
      vertex 10.539057691824734 80.05209080692536 3
      vertex 6.087614290087206 7.933533402912351 3
    endloop
  endfacet
  facet normal 0 0 1
    outer loop
      vertex 7.0710678118654755 7.0710678118654755 3
      vertex 10.539057691824734 80.05209080692536 3
      vertex 6.593458151000688 7.518398074789775 3
    endloop
  endfacet
  facet normal 0 0 1
    outer loop
      vertex 7.0710678118654755 7.0710678118654755 3
      vertex 7.518398074789775 6.593458151000688 3
      vertex 10.539057691824734 80.05209080692536 3
    endloop
  endfacet
  facet normal 0 0 1
    outer loop
      vertex 10.539057691824734 -80.05209080692536 3
      vertex 15.752150000502239 79.1914057834151 3
      vertex 10.539057691824734 80.05209080692536 3
    endloop
  endfacet
  facet normal 0 0 1
    outer loop
      vertex 15.752150000502239 -79.1914057834151 3
      vertex 20.89778918456353 77.99161100265448 3
      vertex 15.752150000502239 79.1914057834151 3
    endloop
  endfacet
  facet normal 0 0 1
    outer loop
      vertex 20.89778918456353 -77.99161100265448 3
      vertex 25.953940827049557 76.45784417009052 3
      vertex 20.89778918456353 77.99161100265448 3
    endloop
  endfacet
  facet normal 0 0 1
    outer loop
      vertex 25.953940827049557 -76.45784417009052 3
      vertex 30.898953710392675 74.59667311076846 3
      vertex 25.953940827049557 76.45784417009052 3
    endloop
  endfacet
  facet normal 0 0 1
    outer loop
      vertex 30.898953710392675 -74.59667311076846 3
      vertex 35.71165253025421 72.41606764489647 3
      vertex 30.898953710392675 74.59667311076846 3
    endloop
  endfacet
  facet normal 0 0 1
    outer loop
      vertex 35.71165253025421 -72.41606764489647 3
      vertex 40.37142857142857 69.92536545985209 3
      vertex 35.71165253025421 72.41606764489647 3
    endloop
  endfacet
  facet normal 0 0 1
    outer loop
      vertex 0 10 3
      vertex 5.280835520125265 80.5699804877798 3
      vertex 0 80.74285714285713 3
    endloop
  endfacet
  facet normal 0 0 1
    outer loop
      vertex 5.555702330196022 8.314696123025453 3
      vertex 10.539057691824734 80.05209080692536 3
      vertex 5.280835520125265 80.5699804877798 3
    endloop
  endfacet
  facet normal -0.03271908282177676 -0.9994645874763657 -3.026515941999095e-19
    outer loop
      vertex 0 80.74285714285713 3
      vertex 5.280835520125265 80.5699804877798 3
      vertex 5.280835520125265 80.5699804877798 25
    endloop
  endfacet
  facet normal -0.09801714032956087 -0.9951847266721968 1.6166512550558962e-18
    outer loop
      vertex 5.280835520125265 80.5699804877798 3
      vertex 10.539057691824734 80.05209080692536 3
      vertex 10.539057691824734 80.05209080692536 25
    endloop
  endfacet
  facet normal -0.16289547339458887 -0.986643332084879 2.9371750511909355e-18
    outer loop
      vertex 10.539057691824734 80.05209080692536 3
      vertex 15.752150000502239 79.1914057834151 3
      vertex 15.752150000502239 79.1914057834151 25
    endloop
  endfacet
  facet normal -0.2270762630343715 -0.9738769792773341 -2.6464678601620058e-18
    outer loop
      vertex 15.752150000502239 79.1914057834151 3
      vertex 20.89778918456353 77.99161100265448 3
      vertex 20.89778918456353 77.99161100265448 25
    endloop
  endfacet
  facet normal -0.29028467725446266 -0.9569403357322088 0
    outer loop
      vertex 25.953940827049557 76.45784417009052 3
      vertex 25.953940827049557 76.45784417009052 25
      vertex 20.89778918456353 77.99161100265448 3
    endloop
  endfacet
  facet normal -0.3522500479212329 -0.935905926757326 -4.0229144497643906e-19
    outer loop
      vertex 25.953940827049557 76.45784417009052 3
      vertex 30.898953710392675 74.59667311076846 3
      vertex 30.898953710392675 74.59667311076846 25
    endloop
  endfacet
  facet normal -0.47139673682599725 -0.8819212643483552 4.303973061904382e-18
    outer loop
      vertex 35.71165253025421 72.41606764489647 3
      vertex 40.37142857142857 69.92536545985209 3
      vertex 40.37142857142857 69.92536545985209 25
    endloop
  endfacet
  facet normal -0.4127070298043971 -0.9108638249211748 2.8859684908166532e-18
    outer loop
      vertex 30.898953710392675 74.59667311076846 3
      vertex 35.71165253025421 72.41606764489647 3
      vertex 35.71165253025421 72.41606764489647 25
    endloop
  endfacet
  facet normal 0 0 1
    outer loop
      vertex 49.153137096532696 -64.05761541894373 3
      vertex 53.23746495636555 60.70569416958829 3
      vertex 49.153137096532696 64.05761541894373 3
    endloop
  endfacet
  facet normal 0 0 1
    outer loop
      vertex 53.23746495636555 -60.70569416958829 3
      vertex 57.09382181809095 57.09382181809095 3
      vertex 53.23746495636555 60.70569416958829 3
    endloop
  endfacet
  facet normal 0 0 1
    outer loop
      vertex 57.09382181809095 -57.09382181809095 3
      vertex 60.70569416958829 53.23746495636555 3
      vertex 57.09382181809095 57.09382181809095 3
    endloop
  endfacet
  facet normal 0 0 1
    outer loop
      vertex 60.70569416958829 -53.23746495636555 3
      vertex 64.05761541894373 49.153137096532696 3
      vertex 60.70569416958829 53.23746495636555 3
    endloop
  endfacet
  facet normal 0 0 1
    outer loop
      vertex 40.37142857142857 -69.92536545985209 3
      vertex 44.85832795752559 67.13523212477122 3
      vertex 40.37142857142857 69.92536545985209 3
    endloop
  endfacet
  facet normal 0 0 1
    outer loop
      vertex 44.85832795752559 -67.13523212477122 3
      vertex 49.153137096532696 64.05761541894373 3
      vertex 44.85832795752559 67.13523212477122 3
    endloop
  endfacet
  facet normal 0 0 1
    outer loop
      vertex 64.05761541894373 -49.153137096532696 3
      vertex 67.13523212477122 44.85832795752559 3
      vertex 64.05761541894373 49.153137096532696 3
    endloop
  endfacet
  facet normal 0 0 1
    outer loop
      vertex 67.13523212477122 -44.85832795752559 3
      vertex 69.92536545985209 40.37142857142857 3
      vertex 67.13523212477122 44.85832795752559 3
    endloop
  endfacet
  facet normal 0 0 1
    outer loop
      vertex 69.92536545985209 -40.37142857142857 3
      vertex 72.41606764489647 35.71165253025421 3
      vertex 69.92536545985209 40.37142857142857 3
    endloop
  endfacet
  facet normal 0 0 1
    outer loop
      vertex 72.41606764489647 -35.71165253025421 3
      vertex 74.59667311076846 30.898953710392675 3
      vertex 72.41606764489647 35.71165253025421 3
    endloop
  endfacet
  facet normal 0 0 1
    outer loop
      vertex 74.59667311076846 -30.898953710392675 3
      vertex 76.45784417009052 25.953940827049557 3
      vertex 74.59667311076846 30.898953710392675 3
    endloop
  endfacet
  facet normal 0 0 1
    outer loop
      vertex 76.45784417009052 -25.953940827049557 3
      vertex 77.99161100265448 20.89778918456353 3
      vertex 76.45784417009052 25.953940827049557 3
    endloop
  endfacet
  facet normal 0 0 1
    outer loop
      vertex 80.05209080692536 -10.539057691824734 3
      vertex 80.5699804877798 5.280835520125265 3
      vertex 80.05209080692536 10.539057691824734 3
    endloop
  endfacet
  facet normal 0 0 1
    outer loop
      vertex 79.1914057834151 -15.752150000502239 3
      vertex 80.05209080692536 10.539057691824734 3
      vertex 79.1914057834151 15.752150000502239 3
    endloop
  endfacet
  facet normal 0 0 1
    outer loop
      vertex 80.5699804877798 -5.280835520125265 3
      vertex 80.74285714285713 0 3
      vertex 80.5699804877798 5.280835520125265 3
    endloop
  endfacet
  facet normal 0 0 1
    outer loop
      vertex 77.99161100265448 -20.89778918456353 3
      vertex 79.1914057834151 15.752150000502239 3
      vertex 77.99161100265448 20.89778918456353 3
    endloop
  endfacet
  facet normal -0.9994645874763657 -0.03271908282177676 0
    outer loop
      vertex 80.74285714285713 0 3
      vertex 80.74285714285713 0 25
      vertex 80.5699804877798 5.280835520125265 3
    endloop
  endfacet
  facet normal -0.9951847266721968 -0.09801714032956087 0
    outer loop
      vertex 80.5699804877798 5.280835520125265 3
      vertex 80.5699804877798 5.280835520125265 25
      vertex 80.05209080692536 10.539057691824734 3
    endloop
  endfacet
  facet normal -0.986643332084879 -0.16289547339458887 0
    outer loop
      vertex 80.05209080692536 10.539057691824734 3
      vertex 80.05209080692536 10.539057691824734 25
      vertex 79.1914057834151 15.752150000502239 3
    endloop
  endfacet
  facet normal -0.9738769792773341 -0.2270762630343715 0
    outer loop
      vertex 79.1914057834151 15.752150000502239 3
      vertex 79.1914057834151 15.752150000502239 25
      vertex 77.99161100265448 20.89778918456353 3
    endloop
  endfacet
  facet normal -0.8819212643483552 -0.47139673682599725 0
    outer loop
      vertex 72.41606764489647 35.71165253025421 3
      vertex 72.41606764489647 35.71165253025421 25
      vertex 69.92536545985209 40.37142857142857 3
    endloop
  endfacet
  facet normal -0.9569403357322088 -0.29028467725446266 2.4869442188122637e-18
    outer loop
      vertex 76.45784417009052 25.953940827049557 3
      vertex 77.99161100265448 20.89778918456353 3
      vertex 77.99161100265448 20.89778918456353 25
    endloop
  endfacet
  facet normal -0.935905926757326 -0.3522500479212329 0
    outer loop
      vertex 76.45784417009052 25.953940827049557 3
      vertex 76.45784417009052 25.953940827049557 25
      vertex 74.59667311076846 30.898953710392675 3
    endloop
  endfacet
  facet normal -0.9108638249211748 -0.4127070298043971 2.8859684908166532e-18
    outer loop
      vertex 72.41606764489647 35.71165253025421 3
      vertex 74.59667311076846 30.898953710392675 3
      vertex 74.59667311076846 30.898953710392675 25
    endloop
  endfacet
  facet normal -0.6343932841636453 -0.7730104533627371 0
    outer loop
      vertex 53.23746495636555 60.70569416958829 3
      vertex 53.23746495636555 60.70569416958829 25
      vertex 49.153137096532696 64.05761541894373 3
    endloop
  endfacet
  facet normal -0.6835923020228705 -0.7298640726978365 0
    outer loop
      vertex 57.09382181809095 57.09382181809095 3
      vertex 57.09382181809095 57.09382181809095 25
      vertex 53.23746495636555 60.70569416958829 3
    endloop
  endfacet
  facet normal -0.7298640726978365 -0.6835923020228705 3.181355333650498e-18
    outer loop
      vertex 57.09382181809095 57.09382181809095 3
      vertex 60.70569416958829 53.23746495636555 3
      vertex 60.70569416958829 53.23746495636555 25
    endloop
  endfacet
  facet normal -0.5280678506503665 -0.8492021815265798 1.8301721973689948e-18
    outer loop
      vertex 40.37142857142857 69.92536545985209 3
      vertex 44.85832795752559 67.13523212477122 3
      vertex 44.85832795752559 67.13523212477122 25
    endloop
  endfacet
  facet normal -0.5824776968678022 -0.8128466845916154 -2.113721741380019e-18
    outer loop
      vertex 44.85832795752559 67.13523212477122 3
      vertex 49.153137096532696 64.05761541894373 3
      vertex 49.153137096532696 64.05761541894373 25
    endloop
  endfacet
  facet normal -0.8128466845916154 -0.5824776968678022 0
    outer loop
      vertex 67.13523212477122 44.85832795752559 3
      vertex 67.13523212477122 44.85832795752559 25
      vertex 64.05761541894373 49.153137096532696 3
    endloop
  endfacet
  facet normal -0.7730104533627371 -0.6343932841636453 -2.637531316930528e-18
    outer loop
      vertex 60.70569416958829 53.23746495636555 3
      vertex 64.05761541894373 49.153137096532696 3
      vertex 64.05761541894373 49.153137096532696 25
    endloop
  endfacet
  facet normal -0.8492021815265798 -0.5280678506503665 0
    outer loop
      vertex 69.92536545985209 40.37142857142857 3
      vertex 69.92536545985209 40.37142857142857 25
      vertex 67.13523212477122 44.85832795752559 3
    endloop
  endfacet
  facet normal -0.03271908282177676 -0.9994645874763657 0
    outer loop
      vertex 0 80.74285714285713 3
      vertex 5.280835520125265 80.5699804877798 25
      vertex 0 80.74285714285713 25
    endloop
  endfacet
  facet normal -0.09801714032956087 -0.9951847266721968 0
    outer loop
      vertex 5.280835520125265 80.5699804877798 3
      vertex 10.539057691824734 80.05209080692536 25
      vertex 5.280835520125265 80.5699804877798 25
    endloop
  endfacet
  facet normal -0.16289547339458887 -0.986643332084879 0
    outer loop
      vertex 10.539057691824734 80.05209080692536 3
      vertex 15.752150000502239 79.1914057834151 25
      vertex 10.539057691824734 80.05209080692536 25
    endloop
  endfacet
  facet normal -0.2270762630343715 -0.9738769792773341 0
    outer loop
      vertex 15.752150000502239 79.1914057834151 3
      vertex 20.89778918456353 77.99161100265448 25
      vertex 15.752150000502239 79.1914057834151 25
    endloop
  endfacet
  facet normal -0.29028467725446266 -0.9569403357322088 0
    outer loop
      vertex 20.89778918456353 77.99161100265448 3
      vertex 25.953940827049557 76.45784417009052 25
      vertex 20.89778918456353 77.99161100265448 25
    endloop
  endfacet
  facet normal -0.3522500479212329 -0.935905926757326 0
    outer loop
      vertex 25.953940827049557 76.45784417009052 3
      vertex 30.898953710392675 74.59667311076846 25
      vertex 25.953940827049557 76.45784417009052 25
    endloop
  endfacet
  facet normal -0.47139673682599725 -0.8819212643483552 0
    outer loop
      vertex 35.71165253025421 72.41606764489647 3
      vertex 40.37142857142857 69.92536545985209 25
      vertex 35.71165253025421 72.41606764489647 25
    endloop
  endfacet
  facet normal -0.4127070298043971 -0.9108638249211748 0
    outer loop
      vertex 30.898953710392675 74.59667311076846 3
      vertex 35.71165253025421 72.41606764489647 25
      vertex 30.898953710392675 74.59667311076846 25
    endloop
  endfacet
  facet normal -0.9994645874763657 -0.03271908282177676 0
    outer loop
      vertex 80.5699804877798 5.280835520125265 3
      vertex 80.74285714285713 0 25
      vertex 80.5699804877798 5.280835520125265 25
    endloop
  endfacet
  facet normal -0.9951847266721968 -0.09801714032956087 0
    outer loop
      vertex 80.05209080692536 10.539057691824734 3
      vertex 80.5699804877798 5.280835520125265 25
      vertex 80.05209080692536 10.539057691824734 25
    endloop
  endfacet
  facet normal -0.986643332084879 -0.16289547339458887 0
    outer loop
      vertex 79.1914057834151 15.752150000502239 3
      vertex 80.05209080692536 10.539057691824734 25
      vertex 79.1914057834151 15.752150000502239 25
    endloop
  endfacet
  facet normal -0.9738769792773341 -0.2270762630343715 0
    outer loop
      vertex 77.99161100265448 20.89778918456353 3
      vertex 79.1914057834151 15.752150000502239 25
      vertex 77.99161100265448 20.89778918456353 25
    endloop
  endfacet
  facet normal -0.8819212643483552 -0.47139673682599725 0
    outer loop
      vertex 69.92536545985209 40.37142857142857 3
      vertex 72.41606764489647 35.71165253025421 25
      vertex 69.92536545985209 40.37142857142857 25
    endloop
  endfacet
  facet normal -0.9569403357322088 -0.29028467725446266 0
    outer loop
      vertex 76.45784417009052 25.953940827049557 3
      vertex 77.99161100265448 20.89778918456353 25
      vertex 76.45784417009052 25.953940827049557 25
    endloop
  endfacet
  facet normal -0.935905926757326 -0.3522500479212329 0
    outer loop
      vertex 74.59667311076846 30.898953710392675 3
      vertex 76.45784417009052 25.953940827049557 25
      vertex 74.59667311076846 30.898953710392675 25
    endloop
  endfacet
  facet normal -0.9108638249211748 -0.4127070298043971 0
    outer loop
      vertex 72.41606764489647 35.71165253025421 3
      vertex 74.59667311076846 30.898953710392675 25
      vertex 72.41606764489647 35.71165253025421 25
    endloop
  endfacet
  facet normal -0.7730104533627371 -0.6343932841636453 0
    outer loop
      vertex 60.70569416958829 53.23746495636555 3
      vertex 64.05761541894373 49.153137096532696 25
      vertex 60.70569416958829 53.23746495636555 25
    endloop
  endfacet
  facet normal -0.6835923020228705 -0.7298640726978365 0
    outer loop
      vertex 53.23746495636555 60.70569416958829 3
      vertex 57.09382181809095 57.09382181809095 25
      vertex 53.23746495636555 60.70569416958829 25
    endloop
  endfacet
  facet normal -0.7298640726978365 -0.6835923020228705 0
    outer loop
      vertex 57.09382181809095 57.09382181809095 3
      vertex 60.70569416958829 53.23746495636555 25
      vertex 57.09382181809095 57.09382181809095 25
    endloop
  endfacet
  facet normal -0.5824776968678022 -0.8128466845916154 0
    outer loop
      vertex 44.85832795752559 67.13523212477122 3
      vertex 49.153137096532696 64.05761541894373 25
      vertex 44.85832795752559 67.13523212477122 25
    endloop
  endfacet
  facet normal -0.5280678506503665 -0.8492021815265798 0
    outer loop
      vertex 40.37142857142857 69.92536545985209 3
      vertex 44.85832795752559 67.13523212477122 25
      vertex 40.37142857142857 69.92536545985209 25
    endloop
  endfacet
  facet normal -0.6343932841636453 -0.7730104533627371 0
    outer loop
      vertex 49.153137096532696 64.05761541894373 3
      vertex 53.23746495636555 60.70569416958829 25
      vertex 49.153137096532696 64.05761541894373 25
    endloop
  endfacet
  facet normal -0.8128466845916154 -0.5824776968678022 0
    outer loop
      vertex 64.05761541894373 49.153137096532696 3
      vertex 67.13523212477122 44.85832795752559 25
      vertex 64.05761541894373 49.153137096532696 25
    endloop
  endfacet
  facet normal -0.8492021815265798 -0.5280678506503665 0
    outer loop
      vertex 67.13523212477122 44.85832795752559 3
      vertex 69.92536545985209 40.37142857142857 25
      vertex 67.13523212477122 44.85832795752559 25
    endloop
  endfacet
  facet normal -0.8128466845916148 -0.5824776968678026 0
    outer loop
      vertex -7.933533402912351 -6.087614290087206 3
      vertex -7.933533402912351 -6.087614290087206 25
      vertex -8.314696123025453 -5.555702330196022 3
    endloop
  endfacet
  facet normal -0.8492021815265794 -0.5280678506503671 0
    outer loop
      vertex -8.314696123025453 -5.555702330196022 3
      vertex -8.314696123025453 -5.555702330196022 25
      vertex -8.660254037844386 -5 3
    endloop
  endfacet
  facet normal -0.6343932841636444 -0.7730104533627379 0
    outer loop
      vertex -6.087614290087206 -7.933533402912351 3
      vertex -6.087614290087206 -7.933533402912351 25
      vertex -6.593458151000688 -7.518398074789775 3
    endloop
  endfacet
  facet normal -0.5824776968678026 -0.8128466845916148 7.401423390179596e-19
    outer loop
      vertex -6.087614290087206 -7.933533402912351 3
      vertex -5.555702330196022 -8.314696123025453 3
      vertex -5.555702330196022 -8.314696123025453 25
    endloop
  endfacet
  facet normal -0.7298640726978356 -0.6835923020228712 -6.220499871073559e-19
    outer loop
      vertex -7.518398074789775 -6.593458151000688 3
      vertex -7.0710678118654755 -7.0710678118654755 3
      vertex -7.0710678118654755 -7.0710678118654755 25
    endloop
  endfacet
  facet normal -0.6835923020228712 -0.7298640726978356 0
    outer loop
      vertex -6.593458151000688 -7.518398074789775 3
      vertex -6.593458151000688 -7.518398074789775 25
      vertex -7.0710678118654755 -7.0710678118654755 3
    endloop
  endfacet
  facet normal -0.7730104533627379 -0.6343932841636444 4.548737415198479e-20
    outer loop
      vertex -7.933533402912351 -6.087614290087206 3
      vertex -7.518398074789775 -6.593458151000688 3
      vertex -7.518398074789775 -6.593458151000688 25
    endloop
  endfacet
  facet normal -0.9359059267573256 -0.3522500479212337 0
    outer loop
      vertex -9.238795325112868 -3.826834323650898 3
      vertex -9.238795325112868 -3.826834323650898 25
      vertex -9.469301294951057 -3.214394653031616 3
    endloop
  endfacet
  facet normal -0.9569403357322092 -0.29028467725446166 0
    outer loop
      vertex -9.469301294951057 -3.214394653031616 3
      vertex -9.469301294951057 -3.214394653031616 25
      vertex -9.659258262890683 -2.5881904510252074 3
    endloop
  endfacet
  facet normal -0.8819212643483552 -0.4713967368259976 0
    outer loop
      vertex -8.660254037844386 -5 3
      vertex -8.660254037844386 -5 25
      vertex -8.968727415326882 -4.4228869021900135 3
    endloop
  endfacet
  facet normal -0.910863824921175 -0.41270702980439655 7.836396538110384e-19
    outer loop
      vertex -9.238795325112868 -3.826834323650898 3
      vertex -8.968727415326882 -4.4228869021900135 3
      vertex -8.968727415326882 -4.4228869021900135 25
    endloop
  endfacet
  facet normal -0.986643332084879 -0.16289547339458896 0
    outer loop
      vertex -9.807852804032304 -1.9509032201612824 3
      vertex -9.807852804032304 -1.9509032201612824 25
      vertex -9.914448613738104 -1.3052619222005157 3
    endloop
  endfacet
  facet normal -0.9738769792773337 -0.22707626303437287 -1.7473948323866125e-20
    outer loop
      vertex -9.807852804032304 -1.9509032201612824 3
      vertex -9.659258262890683 -2.5881904510252074 3
      vertex -9.659258262890683 -2.5881904510252074 25
    endloop
  endfacet
  facet normal -0.9951847266721967 -0.09801714032956096 0
    outer loop
      vertex -9.914448613738104 -1.3052619222005157 3
      vertex -9.914448613738104 -1.3052619222005157 25
      vertex -9.978589232386035 -0.6540312923014306 3
    endloop
  endfacet
  facet normal -0.9994645874763657 -0.03271908282177589 0
    outer loop
      vertex -9.978589232386035 -0.6540312923014306 3
      vertex -9.978589232386035 -0.6540312923014306 25
      vertex -10 0 3
    endloop
  endfacet
  facet normal -0.41270702980439655 -0.910863824921175 7.836396538110384e-19
    outer loop
      vertex -4.4228869021900135 -8.968727415326882 3
      vertex -3.826834323650898 -9.238795325112868 3
      vertex -3.826834323650898 -9.238795325112868 25
    endloop
  endfacet
  facet normal -0.5280678506503671 -0.8492021815265794 -8.458769370627114e-19
    outer loop
      vertex -5.555702330196022 -8.314696123025453 3
      vertex -5 -8.660254037844386 3
      vertex -5 -8.660254037844386 25
    endloop
  endfacet
  facet normal -0.4713967368259976 -0.8819212643483552 6.271397435132263e-19
    outer loop
      vertex -5 -8.660254037844386 3
      vertex -4.4228869021900135 -8.968727415326882 3
      vertex -4.4228869021900135 -8.968727415326882 25
    endloop
  endfacet
  facet normal -0.3522500479212337 -0.9359059267573256 5.144632029439156e-19
    outer loop
      vertex -3.826834323650898 -9.238795325112868 3
      vertex -3.214394653031616 -9.469301294951057 3
      vertex -3.214394653031616 -9.469301294951057 25
    endloop
  endfacet
  facet normal -0.29028467725446166 -0.9569403357322092 -3.7379180218332536e-19
    outer loop
      vertex -3.214394653031616 -9.469301294951057 3
      vertex -2.5881904510252074 -9.659258262890683 3
      vertex -2.5881904510252074 -9.659258262890683 25
    endloop
  endfacet
  facet normal -0.22707626303437287 -0.9738769792773337 0
    outer loop
      vertex -1.9509032201612824 -9.807852804032304 3
      vertex -1.9509032201612824 -9.807852804032304 25
      vertex -2.5881904510252074 -9.659258262890683 3
    endloop
  endfacet
  facet normal -0.16289547339458896 -0.986643332084879 5.345893898559372e-20
    outer loop
      vertex -1.9509032201612824 -9.807852804032304 3
      vertex -1.3052619222005157 -9.914448613738104 3
      vertex -1.3052619222005157 -9.914448613738104 25
    endloop
  endfacet
  facet normal -0.09801714032956096 -0.9951847266721967 5.723179548049795e-20
    outer loop
      vertex -1.3052619222005157 -9.914448613738104 3
      vertex -0.6540312923014306 -9.978589232386035 3
      vertex -0.6540312923014306 -9.978589232386035 25
    endloop
  endfacet
  facet normal -0.03271908282177589 -0.9994645874763657 4.9275337928888695e-20
    outer loop
      vertex -0.6540312923014306 -9.978589232386035 3
      vertex 0 -10 3
      vertex 0 -10 25
    endloop
  endfacet
  facet normal -0.7730104533627379 -0.6343932841636444 0
    outer loop
      vertex -7.933533402912351 -6.087614290087206 3
      vertex -7.518398074789775 -6.593458151000688 25
      vertex -7.933533402912351 -6.087614290087206 25
    endloop
  endfacet
  facet normal -0.8128466845916148 -0.5824776968678026 0
    outer loop
      vertex -8.314696123025453 -5.555702330196022 3
      vertex -7.933533402912351 -6.087614290087206 25
      vertex -8.314696123025453 -5.555702330196022 25
    endloop
  endfacet
  facet normal -0.5824776968678026 -0.8128466845916148 0
    outer loop
      vertex -6.087614290087206 -7.933533402912351 3
      vertex -5.555702330196022 -8.314696123025453 25
      vertex -6.087614290087206 -7.933533402912351 25
    endloop
  endfacet
  facet normal -0.5280678506503671 -0.8492021815265794 0
    outer loop
      vertex -5.555702330196022 -8.314696123025453 3
      vertex -5 -8.660254037844386 25
      vertex -5.555702330196022 -8.314696123025453 25
    endloop
  endfacet
  facet normal -0.7298640726978356 -0.6835923020228712 0
    outer loop
      vertex -7.518398074789775 -6.593458151000688 3
      vertex -7.0710678118654755 -7.0710678118654755 25
      vertex -7.518398074789775 -6.593458151000688 25
    endloop
  endfacet
  facet normal -0.6835923020228712 -0.7298640726978356 0
    outer loop
      vertex -7.0710678118654755 -7.0710678118654755 3
      vertex -6.593458151000688 -7.518398074789775 25
      vertex -7.0710678118654755 -7.0710678118654755 25
    endloop
  endfacet
  facet normal -0.6343932841636444 -0.7730104533627379 0
    outer loop
      vertex -6.593458151000688 -7.518398074789775 3
      vertex -6.087614290087206 -7.933533402912351 25
      vertex -6.593458151000688 -7.518398074789775 25
    endloop
  endfacet
  facet normal -0.910863824921175 -0.41270702980439655 0
    outer loop
      vertex -9.238795325112868 -3.826834323650898 3
      vertex -8.968727415326882 -4.4228869021900135 25
      vertex -9.238795325112868 -3.826834323650898 25
    endloop
  endfacet
  facet normal -0.9359059267573256 -0.3522500479212337 0
    outer loop
      vertex -9.469301294951057 -3.214394653031616 3
      vertex -9.238795325112868 -3.826834323650898 25
      vertex -9.469301294951057 -3.214394653031616 25
    endloop
  endfacet
  facet normal -0.9569403357322092 -0.29028467725446166 0
    outer loop
      vertex -9.659258262890683 -2.5881904510252074 3
      vertex -9.469301294951057 -3.214394653031616 25
      vertex -9.659258262890683 -2.5881904510252074 25
    endloop
  endfacet
  facet normal -0.8819212643483552 -0.4713967368259976 0
    outer loop
      vertex -8.968727415326882 -4.4228869021900135 3
      vertex -8.660254037844386 -5 25
      vertex -8.968727415326882 -4.4228869021900135 25
    endloop
  endfacet
  facet normal -0.8492021815265794 -0.5280678506503671 0
    outer loop
      vertex -8.660254037844386 -5 3
      vertex -8.314696123025453 -5.555702330196022 25
      vertex -8.660254037844386 -5 25
    endloop
  endfacet
  facet normal -0.9738769792773337 -0.22707626303437287 0
    outer loop
      vertex -9.807852804032304 -1.9509032201612824 3
      vertex -9.659258262890683 -2.5881904510252074 25
      vertex -9.807852804032304 -1.9509032201612824 25
    endloop
  endfacet
  facet normal -0.986643332084879 -0.16289547339458896 0
    outer loop
      vertex -9.914448613738104 -1.3052619222005157 3
      vertex -9.807852804032304 -1.9509032201612824 25
      vertex -9.914448613738104 -1.3052619222005157 25
    endloop
  endfacet
  facet normal -0.9951847266721967 -0.09801714032956096 0
    outer loop
      vertex -9.978589232386035 -0.6540312923014306 3
      vertex -9.914448613738104 -1.3052619222005157 25
      vertex -9.978589232386035 -0.6540312923014306 25
    endloop
  endfacet
  facet normal -0.9994645874763657 -0.03271908282177589 4.9275337928888695e-20
    outer loop
      vertex -9.978589232386035 -0.6540312923014306 25
      vertex -10 0 25
      vertex -10 0 3
    endloop
  endfacet
  facet normal -0.4713967368259976 -0.8819212643483552 0
    outer loop
      vertex -5 -8.660254037844386 3
      vertex -4.4228869021900135 -8.968727415326882 25
      vertex -5 -8.660254037844386 25
    endloop
  endfacet
  facet normal -0.41270702980439655 -0.910863824921175 0
    outer loop
      vertex -4.4228869021900135 -8.968727415326882 3
      vertex -3.826834323650898 -9.238795325112868 25
      vertex -4.4228869021900135 -8.968727415326882 25
    endloop
  endfacet
  facet normal -0.3522500479212337 -0.9359059267573256 0
    outer loop
      vertex -3.826834323650898 -9.238795325112868 3
      vertex -3.214394653031616 -9.469301294951057 25
      vertex -3.826834323650898 -9.238795325112868 25
    endloop
  endfacet
  facet normal -0.29028467725446166 -0.9569403357322092 0
    outer loop
      vertex -3.214394653031616 -9.469301294951057 3
      vertex -2.5881904510252074 -9.659258262890683 25
      vertex -3.214394653031616 -9.469301294951057 25
    endloop
  endfacet
  facet normal -0.22707626303437287 -0.9738769792773337 0
    outer loop
      vertex -2.5881904510252074 -9.659258262890683 3
      vertex -1.9509032201612824 -9.807852804032304 25
      vertex -2.5881904510252074 -9.659258262890683 25
    endloop
  endfacet
  facet normal -0.16289547339458896 -0.986643332084879 0
    outer loop
      vertex -1.9509032201612824 -9.807852804032304 3
      vertex -1.3052619222005157 -9.914448613738104 25
      vertex -1.9509032201612824 -9.807852804032304 25
    endloop
  endfacet
  facet normal -0.09801714032956096 -0.9951847266721967 0
    outer loop
      vertex -1.3052619222005157 -9.914448613738104 3
      vertex -0.6540312923014306 -9.978589232386035 25
      vertex -1.3052619222005157 -9.914448613738104 25
    endloop
  endfacet
  facet normal -0.03271908282177589 -0.9994645874763657 0
    outer loop
      vertex -0.6540312923014306 -9.978589232386035 3
      vertex 0 -10 25
      vertex -0.6540312923014306 -9.978589232386035 25
    endloop
  endfacet
  facet normal 0 0 1
    outer loop
      vertex -7.518398074789775 -6.593458151000688 25
      vertex -7.0710678118654755 -7.0710678118654755 25
      vertex -7.391036260090294 -3.0614674589207183 25
    endloop
  endfacet
  facet normal 0 0 1
    outer loop
      vertex -6.593458151000688 -7.518398074789775 25
      vertex -6.928203230275509 -4 25
      vertex -7.0710678118654755 -7.0710678118654755 25
    endloop
  endfacet
  facet normal 0 0 1
    outer loop
      vertex -6.593458151000688 -7.518398074789775 25
      vertex -6.346826722329881 -4.870091432069765 25
      vertex -6.651756898420362 -4.444561864156817 25
    endloop
  endfacet
  facet normal 0 0 1
    outer loop
      vertex -6.593458151000688 -7.518398074789775 25
      vertex -6.651756898420362 -4.444561864156817 25
      vertex -6.928203230275509 -4 25
    endloop
  endfacet
  facet normal 0 0 1
    outer loop
      vertex -6.087614290087206 -7.933533402912351 25
      vertex -6.346826722329881 -4.870091432069765 25
      vertex -6.593458151000688 -7.518398074789775 25
    endloop
  endfacet
  facet normal 0 0 1
    outer loop
      vertex -6.087614290087206 -7.933533402912351 25
      vertex -5.555702330196022 -8.314696123025453 25
      vertex -5.656854249492381 -5.656854249492381 25
    endloop
  endfacet
  facet normal 0 0 1
    outer loop
      vertex -5.555702330196022 -8.314696123025453 25
      vertex -5 -8.660254037844386 25
      vertex -5.274766520800551 -6.01471845983182 25
    endloop
  endfacet
  facet normal 0 0 1
    outer loop
      vertex -5.555702330196022 -8.314696123025453 25
      vertex -5.274766520800551 -6.01471845983182 25
      vertex -5.656854249492381 -5.656854249492381 25
    endloop
  endfacet
  facet normal 0 0 1
    outer loop
      vertex -6.087614290087206 -7.933533402912351 25
      vertex -5.656854249492381 -5.656854249492381 25
      vertex -6.01471845983182 -5.274766520800551 25
    endloop
  endfacet
  facet normal 0 0 1
    outer loop
      vertex -6.087614290087206 -7.933533402912351 25
      vertex -6.01471845983182 -5.274766520800551 25
      vertex -6.346826722329881 -4.870091432069765 25
    endloop
  endfacet
  facet normal 0 0 1
    outer loop
      vertex -7.933533402912351 -6.087614290087206 25
      vertex -7.7274066103125465 -2.070552360820166 25
      vertex -7.8462822432258434 -1.560722576129026 25
    endloop
  endfacet
  facet normal 0 0 1
    outer loop
      vertex -7.933533402912351 -6.087614290087206 25
      vertex -7.8462822432258434 -1.560722576129026 25
      vertex -7.931558890990483 -1.0442095377604126 25
    endloop
  endfacet
  facet normal 0 0 1
    outer loop
      vertex -9.238795325112868 -3.826834323650898 25
      vertex -8.968727415326882 -4.4228869021900135 25
      vertex -9.238795325112868 3.826834323650898 25
    endloop
  endfacet
  facet normal 0 0 1
    outer loop
      vertex -9.807852804032304 -1.9509032201612824 25
      vertex -9.659258262890683 -2.5881904510252074 25
      vertex -9.807852804032304 1.9509032201612824 25
    endloop
  endfacet
  facet normal 0 0 1
    outer loop
      vertex -9.807852804032304 -1.9509032201612824 25
      vertex -9.914448613738104 1.3052619222005157 25
      vertex -9.914448613738104 -1.3052619222005157 25
    endloop
  endfacet
  facet normal 0 0 1
    outer loop
      vertex -9.914448613738104 -1.3052619222005157 25
      vertex -9.978589232386035 0.6540312923014306 25
      vertex -9.978589232386035 -0.6540312923014306 25
    endloop
  endfacet
  facet normal 0 0 1
    outer loop
      vertex -9.469301294951057 -3.214394653031616 25
      vertex -9.659258262890683 2.5881904510252074 25
      vertex -9.659258262890683 -2.5881904510252074 25
    endloop
  endfacet
  facet normal 0 0 1
    outer loop
      vertex -9.238795325112868 -3.826834323650898 25
      vertex -9.469301294951057 3.214394653031616 25
      vertex -9.469301294951057 -3.214394653031616 25
    endloop
  endfacet
  facet normal 0 0 1
    outer loop
      vertex -8.660254037844386 -5 25
      vertex -8.968727415326882 4.4228869021900135 25
      vertex -8.968727415326882 -4.4228869021900135 25
    endloop
  endfacet
  facet normal 0 0 1
    outer loop
      vertex -8.314696123025453 -5.555702330196022 25
      vertex -8.660254037844386 5 25
      vertex -8.660254037844386 -5 25
    endloop
  endfacet
  facet normal 0 0 1
    outer loop
      vertex -7.933533402912351 -6.087614290087206 25
      vertex -8.314696123025453 5.555702330196022 25
      vertex -8.314696123025453 -5.555702330196022 25
    endloop
  endfacet
  facet normal 0 0 1
    outer loop
      vertex -7.933533402912351 -6.087614290087206 25
      vertex -7.931558890990483 -1.0442095377604126 25
      vertex -7.982871385908828 -0.5232250338411445 25
    endloop
  endfacet
  facet normal 0 0 1
    outer loop
      vertex -7.933533402912351 -6.087614290087206 25
      vertex -7.982871385908828 -0.5232250338411445 25
      vertex -8 0 25
    endloop
  endfacet
  facet normal 0 0 1
    outer loop
      vertex -7.933533402912351 -6.087614290087206 25
      vertex -8 0 25
      vertex -8.314696123025453 5.555702330196022 25
    endloop
  endfacet
  facet normal 0 0 1
    outer loop
      vertex -7.933533402912351 -6.087614290087206 25
      vertex -7.518398074789775 -6.593458151000688 25
      vertex -7.7274066103125465 -2.070552360820166 25
    endloop
  endfacet
  facet normal 0 0 1
    outer loop
      vertex -7.0710678118654755 -7.0710678118654755 25
      vertex -7.174981932261506 -3.5383095217520104 25
      vertex -7.391036260090294 -3.0614674589207183 25
    endloop
  endfacet
  facet normal 0 0 1
    outer loop
      vertex -7.518398074789775 -6.593458151000688 25
      vertex -7.391036260090294 -3.0614674589207183 25
      vertex -7.5754410359608455 -2.5715157224252927 25
    endloop
  endfacet
  facet normal 0 0 1
    outer loop
      vertex -7.0710678118654755 -7.0710678118654755 25
      vertex -6.928203230275509 -4 25
      vertex -7.174981932261506 -3.5383095217520104 25
    endloop
  endfacet
  facet normal 0 0 1
    outer loop
      vertex -7.518398074789775 -6.593458151000688 25
      vertex -7.5754410359608455 -2.5715157224252927 25
      vertex -7.7274066103125465 -2.070552360820166 25
    endloop
  endfacet
  facet normal 0 0 1
    outer loop
      vertex -5 -8.660254037844386 25
      vertex -4.4228869021900135 -8.968727415326882 25
      vertex -4.870091432069765 -6.346826722329881 25
    endloop
  endfacet
  facet normal 0 0 1
    outer loop
      vertex -4.4228869021900135 -8.968727415326882 25
      vertex -3.826834323650898 -9.238795325112868 25
      vertex -4 -6.928203230275509 25
    endloop
  endfacet
  facet normal 0 0 1
    outer loop
      vertex -3.826834323650898 -9.238795325112868 25
      vertex -3.214394653031616 -9.469301294951057 25
      vertex -3.5383095217520104 -7.174981932261506 25
    endloop
  endfacet
  facet normal 0 0 1
    outer loop
      vertex -3.214394653031616 -9.469301294951057 25
      vertex -3.0614674589207183 -7.391036260090294 25
      vertex -3.5383095217520104 -7.174981932261506 25
    endloop
  endfacet
  facet normal 0 0 1
    outer loop
      vertex -3.214394653031616 -9.469301294951057 25
      vertex -2.5881904510252074 -9.659258262890683 25
      vertex -3.0614674589207183 -7.391036260090294 25
    endloop
  endfacet
  facet normal 0 0 1
    outer loop
      vertex -2.5881904510252074 -9.659258262890683 25
      vertex -2.5715157224252927 -7.5754410359608455 25
      vertex -3.0614674589207183 -7.391036260090294 25
    endloop
  endfacet
  facet normal 0 0 1
    outer loop
      vertex -4.4228869021900135 -8.968727415326882 25
      vertex -4.444561864156817 -6.651756898420362 25
      vertex -4.870091432069765 -6.346826722329881 25
    endloop
  endfacet
  facet normal 0 0 1
    outer loop
      vertex -5 -8.660254037844386 25
      vertex -4.870091432069765 -6.346826722329881 25
      vertex -5.274766520800551 -6.01471845983182 25
    endloop
  endfacet
  facet normal 0 0 1
    outer loop
      vertex -4.4228869021900135 -8.968727415326882 25
      vertex -4 -6.928203230275509 25
      vertex -4.444561864156817 -6.651756898420362 25
    endloop
  endfacet
  facet normal 0 0 1
    outer loop
      vertex -3.826834323650898 -9.238795325112868 25
      vertex -3.5383095217520104 -7.174981932261506 25
      vertex -4 -6.928203230275509 25
    endloop
  endfacet
  facet normal 0 0 1
    outer loop
      vertex -1.9509032201612824 -9.807852804032304 25
      vertex -1.3052619222005157 -9.914448613738104 25
      vertex -1.560722576129026 -7.8462822432258434 25
    endloop
  endfacet
  facet normal 0 0 1
    outer loop
      vertex -1.9509032201612824 -9.807852804032304 25
      vertex -2.070552360820166 -7.7274066103125465 25
      vertex -2.5881904510252074 -9.659258262890683 25
    endloop
  endfacet
  facet normal 0 0 1
    outer loop
      vertex -2.5881904510252074 -9.659258262890683 25
      vertex -2.070552360820166 -7.7274066103125465 25
      vertex -2.5715157224252927 -7.5754410359608455 25
    endloop
  endfacet
  facet normal 0 0 1
    outer loop
      vertex -1.9509032201612824 -9.807852804032304 25
      vertex -1.560722576129026 -7.8462822432258434 25
      vertex -2.070552360820166 -7.7274066103125465 25
    endloop
  endfacet
  facet normal 0 0 1
    outer loop
      vertex -1.3052619222005157 -9.914448613738104 25
      vertex -1.0442095377604126 -7.931558890990483 25
      vertex -1.560722576129026 -7.8462822432258434 25
    endloop
  endfacet
  facet normal 0 0 1
    outer loop
      vertex -1.3052619222005157 -9.914448613738104 25
      vertex -0.6540312923014306 -9.978589232386035 25
      vertex -1.0442095377604126 -7.931558890990483 25
    endloop
  endfacet
  facet normal 0 0 1
    outer loop
      vertex -0.6540312923014306 -9.978589232386035 25
      vertex 0 -10 25
      vertex -0.5232250338411445 -7.982871385908828 25
    endloop
  endfacet
  facet normal 0 0 1
    outer loop
      vertex -0.6540312923014306 -9.978589232386035 25
      vertex -0.5232250338411445 -7.982871385908828 25
      vertex -1.0442095377604126 -7.931558890990483 25
    endloop
  endfacet
  facet normal 0 0 1
    outer loop
      vertex 0 -10 25
      vertex 0 -8 25
      vertex -0.5232250338411445 -7.982871385908828 25
    endloop
  endfacet
  facet normal -0.9994645874763657 0.03271908282177589 0
    outer loop
      vertex -10 0 3
      vertex -10 0 25
      vertex -9.978589232386035 0.6540312923014306 3
    endloop
  endfacet
  facet normal -0.9951847266721967 0.09801714032956096 0
    outer loop
      vertex -9.978589232386035 0.6540312923014306 3
      vertex -9.978589232386035 0.6540312923014306 25
      vertex -9.914448613738104 1.3052619222005157 3
    endloop
  endfacet
  facet normal -0.986643332084879 0.16289547339458896 0
    outer loop
      vertex -9.914448613738104 1.3052619222005157 3
      vertex -9.914448613738104 1.3052619222005157 25
      vertex -9.807852804032304 1.9509032201612824 3
    endloop
  endfacet
  facet normal -0.9738769792773337 0.22707626303437287 0
    outer loop
      vertex -9.807852804032304 1.9509032201612824 3
      vertex -9.807852804032304 1.9509032201612824 25
      vertex -9.659258262890683 2.5881904510252074 3
    endloop
  endfacet
  facet normal -0.9569403357322092 0.29028467725446166 0
    outer loop
      vertex -9.659258262890683 2.5881904510252074 3
      vertex -9.659258262890683 2.5881904510252074 25
      vertex -9.469301294951057 3.214394653031616 3
    endloop
  endfacet
  facet normal -0.9359059267573256 0.3522500479212337 0
    outer loop
      vertex -9.469301294951057 3.214394653031616 3
      vertex -9.469301294951057 3.214394653031616 25
      vertex -9.238795325112868 3.826834323650898 3
    endloop
  endfacet
  facet normal -0.910863824921175 0.41270702980439655 0
    outer loop
      vertex -9.238795325112868 3.826834323650898 3
      vertex -9.238795325112868 3.826834323650898 25
      vertex -8.968727415326882 4.4228869021900135 3
    endloop
  endfacet
  facet normal -0.8819212643483552 0.4713967368259976 0
    outer loop
      vertex -8.968727415326882 4.4228869021900135 3
      vertex -8.968727415326882 4.4228869021900135 25
      vertex -8.660254037844386 5 3
    endloop
  endfacet
  facet normal -0.8492021815265794 0.5280678506503671 0
    outer loop
      vertex -8.660254037844386 5 3
      vertex -8.660254037844386 5 25
      vertex -8.314696123025453 5.555702330196022 3
    endloop
  endfacet
  facet normal -0.8128466845916148 0.5824776968678026 0
    outer loop
      vertex -8.314696123025453 5.555702330196022 3
      vertex -8.314696123025453 5.555702330196022 25
      vertex -7.933533402912351 6.087614290087206 3
    endloop
  endfacet
  facet normal -0.7730104533627379 0.6343932841636444 0
    outer loop
      vertex -7.933533402912351 6.087614290087206 3
      vertex -7.933533402912351 6.087614290087206 25
      vertex -7.518398074789775 6.593458151000688 3
    endloop
  endfacet
  facet normal -0.7298640726978356 0.6835923020228712 0
    outer loop
      vertex -7.518398074789775 6.593458151000688 3
      vertex -7.518398074789775 6.593458151000688 25
      vertex -7.0710678118654755 7.0710678118654755 3
    endloop
  endfacet
  facet normal -0.6835923020228712 0.7298640726978356 0
    outer loop
      vertex -7.0710678118654755 7.0710678118654755 3
      vertex -7.0710678118654755 7.0710678118654755 25
      vertex -6.593458151000688 7.518398074789775 3
    endloop
  endfacet
  facet normal -0.6343932841636444 0.7730104533627379 0
    outer loop
      vertex -6.593458151000688 7.518398074789775 3
      vertex -6.593458151000688 7.518398074789775 25
      vertex -6.087614290087206 7.933533402912351 3
    endloop
  endfacet
  facet normal -0.5824776968678026 0.8128466845916148 0
    outer loop
      vertex -6.087614290087206 7.933533402912351 3
      vertex -6.087614290087206 7.933533402912351 25
      vertex -5.555702330196022 8.314696123025453 3
    endloop
  endfacet
  facet normal -0.5280678506503671 0.8492021815265794 0
    outer loop
      vertex -5.555702330196022 8.314696123025453 3
      vertex -5.555702330196022 8.314696123025453 25
      vertex -5 8.660254037844386 3
    endloop
  endfacet
  facet normal -0.4713967368259976 0.8819212643483552 0
    outer loop
      vertex -5 8.660254037844386 3
      vertex -5 8.660254037844386 25
      vertex -4.4228869021900135 8.968727415326882 3
    endloop
  endfacet
  facet normal -0.41270702980439655 0.910863824921175 0
    outer loop
      vertex -4.4228869021900135 8.968727415326882 3
      vertex -4.4228869021900135 8.968727415326882 25
      vertex -3.826834323650898 9.238795325112868 3
    endloop
  endfacet
  facet normal -0.3522500479212337 0.9359059267573256 0
    outer loop
      vertex -3.826834323650898 9.238795325112868 3
      vertex -3.826834323650898 9.238795325112868 25
      vertex -3.214394653031616 9.469301294951057 3
    endloop
  endfacet
  facet normal -0.29028467725446166 0.9569403357322092 0
    outer loop
      vertex -3.214394653031616 9.469301294951057 3
      vertex -3.214394653031616 9.469301294951057 25
      vertex -2.5881904510252074 9.659258262890683 3
    endloop
  endfacet
  facet normal -0.22707626303437287 0.9738769792773337 0
    outer loop
      vertex -2.5881904510252074 9.659258262890683 3
      vertex -2.5881904510252074 9.659258262890683 25
      vertex -1.9509032201612824 9.807852804032304 3
    endloop
  endfacet
  facet normal -0.16289547339458896 0.986643332084879 0
    outer loop
      vertex -1.9509032201612824 9.807852804032304 3
      vertex -1.9509032201612824 9.807852804032304 25
      vertex -1.3052619222005157 9.914448613738104 3
    endloop
  endfacet
  facet normal -0.09801714032956096 0.9951847266721967 0
    outer loop
      vertex -1.3052619222005157 9.914448613738104 3
      vertex -1.3052619222005157 9.914448613738104 25
      vertex -0.6540312923014306 9.978589232386035 3
    endloop
  endfacet
  facet normal -0.03271908282177589 0.9994645874763657 0
    outer loop
      vertex -0.6540312923014306 9.978589232386035 3
      vertex -0.6540312923014306 9.978589232386035 25
      vertex 0 10 3
    endloop
  endfacet
  facet normal -0.9994645874763657 0.03271908282177589 0
    outer loop
      vertex -9.978589232386035 0.6540312923014306 3
      vertex -10 0 25
      vertex -9.978589232386035 0.6540312923014306 25
    endloop
  endfacet
  facet normal -0.9951847266721967 0.09801714032956096 0
    outer loop
      vertex -9.914448613738104 1.3052619222005157 3
      vertex -9.978589232386035 0.6540312923014306 25
      vertex -9.914448613738104 1.3052619222005157 25
    endloop
  endfacet
  facet normal -0.986643332084879 0.16289547339458896 0
    outer loop
      vertex -9.807852804032304 1.9509032201612824 3
      vertex -9.914448613738104 1.3052619222005157 25
      vertex -9.807852804032304 1.9509032201612824 25
    endloop
  endfacet
  facet normal -0.9738769792773337 0.22707626303437287 0
    outer loop
      vertex -9.659258262890683 2.5881904510252074 3
      vertex -9.807852804032304 1.9509032201612824 25
      vertex -9.659258262890683 2.5881904510252074 25
    endloop
  endfacet
  facet normal -0.9569403357322092 0.29028467725446166 0
    outer loop
      vertex -9.469301294951057 3.214394653031616 3
      vertex -9.659258262890683 2.5881904510252074 25
      vertex -9.469301294951057 3.214394653031616 25
    endloop
  endfacet
  facet normal -0.9359059267573256 0.3522500479212337 0
    outer loop
      vertex -9.238795325112868 3.826834323650898 3
      vertex -9.469301294951057 3.214394653031616 25
      vertex -9.238795325112868 3.826834323650898 25
    endloop
  endfacet
  facet normal -0.910863824921175 0.41270702980439655 0
    outer loop
      vertex -8.968727415326882 4.4228869021900135 3
      vertex -9.238795325112868 3.826834323650898 25
      vertex -8.968727415326882 4.4228869021900135 25
    endloop
  endfacet
  facet normal -0.8819212643483552 0.4713967368259976 0
    outer loop
      vertex -8.660254037844386 5 3
      vertex -8.968727415326882 4.4228869021900135 25
      vertex -8.660254037844386 5 25
    endloop
  endfacet
  facet normal -0.8492021815265794 0.5280678506503671 0
    outer loop
      vertex -8.314696123025453 5.555702330196022 3
      vertex -8.660254037844386 5 25
      vertex -8.314696123025453 5.555702330196022 25
    endloop
  endfacet
  facet normal -0.8128466845916148 0.5824776968678026 0
    outer loop
      vertex -7.933533402912351 6.087614290087206 3
      vertex -8.314696123025453 5.555702330196022 25
      vertex -7.933533402912351 6.087614290087206 25
    endloop
  endfacet
  facet normal -0.7730104533627379 0.6343932841636444 0
    outer loop
      vertex -7.518398074789775 6.593458151000688 3
      vertex -7.933533402912351 6.087614290087206 25
      vertex -7.518398074789775 6.593458151000688 25
    endloop
  endfacet
  facet normal -0.7298640726978356 0.6835923020228712 0
    outer loop
      vertex -7.0710678118654755 7.0710678118654755 3
      vertex -7.518398074789775 6.593458151000688 25
      vertex -7.0710678118654755 7.0710678118654755 25
    endloop
  endfacet
  facet normal -0.6835923020228712 0.7298640726978356 0
    outer loop
      vertex -6.593458151000688 7.518398074789775 3
      vertex -7.0710678118654755 7.0710678118654755 25
      vertex -6.593458151000688 7.518398074789775 25
    endloop
  endfacet
  facet normal -0.6343932841636444 0.7730104533627379 0
    outer loop
      vertex -6.087614290087206 7.933533402912351 3
      vertex -6.593458151000688 7.518398074789775 25
      vertex -6.087614290087206 7.933533402912351 25
    endloop
  endfacet
  facet normal -0.5824776968678026 0.8128466845916148 0
    outer loop
      vertex -5.555702330196022 8.314696123025453 3
      vertex -6.087614290087206 7.933533402912351 25
      vertex -5.555702330196022 8.314696123025453 25
    endloop
  endfacet
  facet normal -0.5280678506503671 0.8492021815265794 0
    outer loop
      vertex -5 8.660254037844386 3
      vertex -5.555702330196022 8.314696123025453 25
      vertex -5 8.660254037844386 25
    endloop
  endfacet
  facet normal -0.4713967368259976 0.8819212643483552 0
    outer loop
      vertex -4.4228869021900135 8.968727415326882 3
      vertex -5 8.660254037844386 25
      vertex -4.4228869021900135 8.968727415326882 25
    endloop
  endfacet
  facet normal -0.41270702980439655 0.910863824921175 0
    outer loop
      vertex -3.826834323650898 9.238795325112868 3
      vertex -4.4228869021900135 8.968727415326882 25
      vertex -3.826834323650898 9.238795325112868 25
    endloop
  endfacet
  facet normal -0.3522500479212337 0.9359059267573256 0
    outer loop
      vertex -3.214394653031616 9.469301294951057 3
      vertex -3.826834323650898 9.238795325112868 25
      vertex -3.214394653031616 9.469301294951057 25
    endloop
  endfacet
  facet normal -0.29028467725446166 0.9569403357322092 0
    outer loop
      vertex -2.5881904510252074 9.659258262890683 3
      vertex -3.214394653031616 9.469301294951057 25
      vertex -2.5881904510252074 9.659258262890683 25
    endloop
  endfacet
  facet normal -0.22707626303437287 0.9738769792773337 0
    outer loop
      vertex -1.9509032201612824 9.807852804032304 3
      vertex -2.5881904510252074 9.659258262890683 25
      vertex -1.9509032201612824 9.807852804032304 25
    endloop
  endfacet
  facet normal -0.16289547339458896 0.986643332084879 0
    outer loop
      vertex -1.3052619222005157 9.914448613738104 3
      vertex -1.9509032201612824 9.807852804032304 25
      vertex -1.3052619222005157 9.914448613738104 25
    endloop
  endfacet
  facet normal -0.09801714032956096 0.9951847266721967 0
    outer loop
      vertex -0.6540312923014306 9.978589232386035 3
      vertex -1.3052619222005157 9.914448613738104 25
      vertex -0.6540312923014306 9.978589232386035 25
    endloop
  endfacet
  facet normal -0.03271908282177589 0.9994645874763657 -4.9275337928888695e-20
    outer loop
      vertex -0.6540312923014306 9.978589232386035 25
      vertex 0 10 25
      vertex 0 10 3
    endloop
  endfacet
  facet normal 0 0 1
    outer loop
      vertex -9.978589232386035 -0.6540312923014306 25
      vertex -9.978589232386035 0.6540312923014306 25
      vertex -10 0 25
    endloop
  endfacet
  facet normal 0 0 1
    outer loop
      vertex -9.914448613738104 -1.3052619222005157 25
      vertex -9.914448613738104 1.3052619222005157 25
      vertex -9.978589232386035 0.6540312923014306 25
    endloop
  endfacet
  facet normal 0 0 1
    outer loop
      vertex -9.807852804032304 -1.9509032201612824 25
      vertex -9.807852804032304 1.9509032201612824 25
      vertex -9.914448613738104 1.3052619222005157 25
    endloop
  endfacet
  facet normal 0 0 1
    outer loop
      vertex -9.659258262890683 -2.5881904510252074 25
      vertex -9.659258262890683 2.5881904510252074 25
      vertex -9.807852804032304 1.9509032201612824 25
    endloop
  endfacet
  facet normal 0 0 1
    outer loop
      vertex -9.469301294951057 -3.214394653031616 25
      vertex -9.469301294951057 3.214394653031616 25
      vertex -9.659258262890683 2.5881904510252074 25
    endloop
  endfacet
  facet normal 0 0 1
    outer loop
      vertex -9.238795325112868 -3.826834323650898 25
      vertex -9.238795325112868 3.826834323650898 25
      vertex -9.469301294951057 3.214394653031616 25
    endloop
  endfacet
  facet normal 0 0 1
    outer loop
      vertex -8.968727415326882 -4.4228869021900135 25
      vertex -8.968727415326882 4.4228869021900135 25
      vertex -9.238795325112868 3.826834323650898 25
    endloop
  endfacet
  facet normal 0 0 1
    outer loop
      vertex -8.660254037844386 -5 25
      vertex -8.660254037844386 5 25
      vertex -8.968727415326882 4.4228869021900135 25
    endloop
  endfacet
  facet normal 0 0 1
    outer loop
      vertex -8.314696123025453 -5.555702330196022 25
      vertex -8.314696123025453 5.555702330196022 25
      vertex -8.660254037844386 5 25
    endloop
  endfacet
  facet normal 0 0 1
    outer loop
      vertex -8.314696123025453 5.555702330196022 25
      vertex -8 0 25
      vertex -7.982871385908828 0.5232250338411445 25
    endloop
  endfacet
  facet normal 0 0 1
    outer loop
      vertex -8.314696123025453 5.555702330196022 25
      vertex -7.982871385908828 0.5232250338411445 25
      vertex -7.931558890990483 1.0442095377604126 25
    endloop
  endfacet
  facet normal 0 0 1
    outer loop
      vertex -7.933533402912351 6.087614290087206 25
      vertex -7.931558890990483 1.0442095377604126 25
      vertex -7.8462822432258434 1.560722576129026 25
    endloop
  endfacet
  facet normal 0 0 1
    outer loop
      vertex -7.933533402912351 6.087614290087206 25
      vertex -7.8462822432258434 1.560722576129026 25
      vertex -7.7274066103125465 2.070552360820166 25
    endloop
  endfacet
  facet normal 0 0 1
    outer loop
      vertex -8.314696123025453 5.555702330196022 25
      vertex -7.931558890990483 1.0442095377604126 25
      vertex -7.933533402912351 6.087614290087206 25
    endloop
  endfacet
  facet normal 0 0 1
    outer loop
      vertex -7.933533402912351 6.087614290087206 25
      vertex -7.7274066103125465 2.070552360820166 25
      vertex -7.5754410359608455 2.5715157224252927 25
    endloop
  endfacet
  facet normal 0 0 1
    outer loop
      vertex -7.933533402912351 6.087614290087206 25
      vertex -7.5754410359608455 2.5715157224252927 25
      vertex -7.391036260090294 3.0614674589207183 25
    endloop
  endfacet
  facet normal 0 0 1
    outer loop
      vertex -7.518398074789775 6.593458151000688 25
      vertex -7.391036260090294 3.0614674589207183 25
      vertex -7.174981932261506 3.5383095217520104 25
    endloop
  endfacet
  facet normal 0 0 1
    outer loop
      vertex -7.518398074789775 6.593458151000688 25
      vertex -7.174981932261506 3.5383095217520104 25
      vertex -6.928203230275509 4 25
    endloop
  endfacet
  facet normal 0 0 1
    outer loop
      vertex -7.0710678118654755 7.0710678118654755 25
      vertex -6.928203230275509 4 25
      vertex -6.651756898420362 4.444561864156817 25
    endloop
  endfacet
  facet normal 0 0 1
    outer loop
      vertex -7.933533402912351 6.087614290087206 25
      vertex -7.391036260090294 3.0614674589207183 25
      vertex -7.518398074789775 6.593458151000688 25
    endloop
  endfacet
  facet normal 0 0 1
    outer loop
      vertex -7.518398074789775 6.593458151000688 25
      vertex -6.928203230275509 4 25
      vertex -7.0710678118654755 7.0710678118654755 25
    endloop
  endfacet
  facet normal 0 0 1
    outer loop
      vertex -7.0710678118654755 7.0710678118654755 25
      vertex -6.651756898420362 4.444561864156817 25
      vertex -6.346826722329881 4.870091432069765 25
    endloop
  endfacet
  facet normal 0 0 1
    outer loop
      vertex -7.0710678118654755 7.0710678118654755 25
      vertex -6.346826722329881 4.870091432069765 25
      vertex -6.593458151000688 7.518398074789775 25
    endloop
  endfacet
  facet normal 0 0 1
    outer loop
      vertex -6.593458151000688 7.518398074789775 25
      vertex -6.346826722329881 4.870091432069765 25
      vertex -6.01471845983182 5.274766520800551 25
    endloop
  endfacet
  facet normal 0 0 1
    outer loop
      vertex -6.087614290087206 7.933533402912351 25
      vertex -6.01471845983182 5.274766520800551 25
      vertex -5.656854249492381 5.656854249492381 25
    endloop
  endfacet
  facet normal 0 0 1
    outer loop
      vertex -6.593458151000688 7.518398074789775 25
      vertex -6.01471845983182 5.274766520800551 25
      vertex -6.087614290087206 7.933533402912351 25
    endloop
  endfacet
  facet normal 0 0 1
    outer loop
      vertex -6.087614290087206 7.933533402912351 25
      vertex -5.656854249492381 5.656854249492381 25
      vertex -5.274766520800551 6.01471845983182 25
    endloop
  endfacet
  facet normal 0 0 1
    outer loop
      vertex -5.555702330196022 8.314696123025453 25
      vertex -5.274766520800551 6.01471845983182 25
      vertex -4.870091432069765 6.346826722329881 25
    endloop
  endfacet
  facet normal 0 0 1
    outer loop
      vertex -6.087614290087206 7.933533402912351 25
      vertex -5.274766520800551 6.01471845983182 25
      vertex -5.555702330196022 8.314696123025453 25
    endloop
  endfacet
  facet normal 0 0 1
    outer loop
      vertex -5.555702330196022 8.314696123025453 25
      vertex -4.870091432069765 6.346826722329881 25
      vertex -5 8.660254037844386 25
    endloop
  endfacet
  facet normal 0 0 1
    outer loop
      vertex -5 8.660254037844386 25
      vertex -4.870091432069765 6.346826722329881 25
      vertex -4.444561864156817 6.651756898420362 25
    endloop
  endfacet
  facet normal 0 0 1
    outer loop
      vertex -5 8.660254037844386 25
      vertex -4.444561864156817 6.651756898420362 25
      vertex -4 6.928203230275509 25
    endloop
  endfacet
  facet normal 0 0 1
    outer loop
      vertex -4.4228869021900135 8.968727415326882 25
      vertex -4 6.928203230275509 25
      vertex -3.5383095217520104 7.174981932261506 25
    endloop
  endfacet
  facet normal 0 0 1
    outer loop
      vertex -5 8.660254037844386 25
      vertex -4 6.928203230275509 25
      vertex -4.4228869021900135 8.968727415326882 25
    endloop
  endfacet
  facet normal 0 0 1
    outer loop
      vertex -4.4228869021900135 8.968727415326882 25
      vertex -3.5383095217520104 7.174981932261506 25
      vertex -3.826834323650898 9.238795325112868 25
    endloop
  endfacet
  facet normal 0 0 1
    outer loop
      vertex -3.826834323650898 9.238795325112868 25
      vertex -3.5383095217520104 7.174981932261506 25
      vertex -3.0614674589207183 7.391036260090294 25
    endloop
  endfacet
  facet normal 0 0 1
    outer loop
      vertex -3.826834323650898 9.238795325112868 25
      vertex -3.0614674589207183 7.391036260090294 25
      vertex -3.214394653031616 9.469301294951057 25
    endloop
  endfacet
  facet normal 0 0 1
    outer loop
      vertex -3.214394653031616 9.469301294951057 25
      vertex -3.0614674589207183 7.391036260090294 25
      vertex -2.5715157224252927 7.5754410359608455 25
    endloop
  endfacet
  facet normal 0 0 1
    outer loop
      vertex -3.214394653031616 9.469301294951057 25
      vertex -2.5715157224252927 7.5754410359608455 25
      vertex -2.5881904510252074 9.659258262890683 25
    endloop
  endfacet
  facet normal 0 0 1
    outer loop
      vertex -2.5881904510252074 9.659258262890683 25
      vertex -2.5715157224252927 7.5754410359608455 25
      vertex -2.070552360820166 7.7274066103125465 25
    endloop
  endfacet
  facet normal 0 0 1
    outer loop
      vertex -2.5881904510252074 9.659258262890683 25
      vertex -2.070552360820166 7.7274066103125465 25
      vertex -1.560722576129026 7.8462822432258434 25
    endloop
  endfacet
  facet normal 0 0 1
    outer loop
      vertex -1.9509032201612824 9.807852804032304 25
      vertex -1.560722576129026 7.8462822432258434 25
      vertex -1.0442095377604126 7.931558890990483 25
    endloop
  endfacet
  facet normal 0 0 1
    outer loop
      vertex -2.5881904510252074 9.659258262890683 25
      vertex -1.560722576129026 7.8462822432258434 25
      vertex -1.9509032201612824 9.807852804032304 25
    endloop
  endfacet
  facet normal 0 0 1
    outer loop
      vertex -1.9509032201612824 9.807852804032304 25
      vertex -1.0442095377604126 7.931558890990483 25
      vertex -1.3052619222005157 9.914448613738104 25
    endloop
  endfacet
  facet normal 0 0 1
    outer loop
      vertex -1.3052619222005157 9.914448613738104 25
      vertex -1.0442095377604126 7.931558890990483 25
      vertex -0.5232250338411445 7.982871385908828 25
    endloop
  endfacet
  facet normal 0 0 1
    outer loop
      vertex 0 10 25
      vertex -0.5232250338411445 7.982871385908828 25
      vertex 0 8 25
    endloop
  endfacet
  facet normal 0 0 1
    outer loop
      vertex -1.3052619222005157 9.914448613738104 25
      vertex -0.5232250338411445 7.982871385908828 25
      vertex -0.6540312923014306 9.978589232386035 25
    endloop
  endfacet
  facet normal 0 0 1
    outer loop
      vertex -0.6540312923014306 9.978589232386035 25
      vertex -0.5232250338411445 7.982871385908828 25
      vertex 0 10 25
    endloop
  endfacet
  facet normal 0.03271908282177589 -0.9994645874763657 -4.9275337928888695e-20
    outer loop
      vertex 0 -10 3
      vertex 0.6540312923014306 -9.978589232386035 3
      vertex 0.6540312923014306 -9.978589232386035 25
    endloop
  endfacet
  facet normal 0.09801714032956096 -0.9951847266721967 -5.723179548049795e-20
    outer loop
      vertex 0.6540312923014306 -9.978589232386035 3
      vertex 1.3052619222005157 -9.914448613738104 3
      vertex 1.3052619222005157 -9.914448613738104 25
    endloop
  endfacet
  facet normal 0.16289547339458896 -0.986643332084879 -5.345893898559372e-20
    outer loop
      vertex 1.3052619222005157 -9.914448613738104 3
      vertex 1.9509032201612824 -9.807852804032304 3
      vertex 1.9509032201612824 -9.807852804032304 25
    endloop
  endfacet
  facet normal 0.22707626303437287 -0.9738769792773337 1.7473948323866125e-20
    outer loop
      vertex 1.9509032201612824 -9.807852804032304 3
      vertex 2.5881904510252074 -9.659258262890683 3
      vertex 2.5881904510252074 -9.659258262890683 25
    endloop
  endfacet
  facet normal 0.29028467725446166 -0.9569403357322092 3.7379180218332536e-19
    outer loop
      vertex 2.5881904510252074 -9.659258262890683 3
      vertex 3.214394653031616 -9.469301294951057 3
      vertex 3.214394653031616 -9.469301294951057 25
    endloop
  endfacet
  facet normal 0.3522500479212337 -0.9359059267573256 -5.144632029439156e-19
    outer loop
      vertex 3.214394653031616 -9.469301294951057 3
      vertex 3.826834323650898 -9.238795325112868 3
      vertex 3.826834323650898 -9.238795325112868 25
    endloop
  endfacet
  facet normal 0.41270702980439655 -0.910863824921175 -7.836396538110384e-19
    outer loop
      vertex 3.826834323650898 -9.238795325112868 3
      vertex 4.4228869021900135 -8.968727415326882 3
      vertex 4.4228869021900135 -8.968727415326882 25
    endloop
  endfacet
  facet normal 0.4713967368259976 -0.8819212643483552 -6.271397435132263e-19
    outer loop
      vertex 4.4228869021900135 -8.968727415326882 3
      vertex 5 -8.660254037844386 3
      vertex 5 -8.660254037844386 25
    endloop
  endfacet
  facet normal 0.5280678506503671 -0.8492021815265794 8.458769370627114e-19
    outer loop
      vertex 5 -8.660254037844386 3
      vertex 5.555702330196022 -8.314696123025453 3
      vertex 5.555702330196022 -8.314696123025453 25
    endloop
  endfacet
  facet normal 0.5824776968678026 -0.8128466845916148 -7.401423390179596e-19
    outer loop
      vertex 5.555702330196022 -8.314696123025453 3
      vertex 6.087614290087206 -7.933533402912351 3
      vertex 6.087614290087206 -7.933533402912351 25
    endloop
  endfacet
  facet normal 0.6343932841636444 -0.7730104533627379 -4.548737415198479e-20
    outer loop
      vertex 6.087614290087206 -7.933533402912351 3
      vertex 6.593458151000688 -7.518398074789775 3
      vertex 6.593458151000688 -7.518398074789775 25
    endloop
  endfacet
  facet normal 0.6835923020228712 -0.7298640726978356 6.220499871073559e-19
    outer loop
      vertex 6.593458151000688 -7.518398074789775 3
      vertex 7.0710678118654755 -7.0710678118654755 3
      vertex 7.0710678118654755 -7.0710678118654755 25
    endloop
  endfacet
  facet normal 0.7298640726978356 -0.6835923020228712 6.220499871073559e-19
    outer loop
      vertex 7.0710678118654755 -7.0710678118654755 3
      vertex 7.518398074789775 -6.593458151000688 3
      vertex 7.518398074789775 -6.593458151000688 25
    endloop
  endfacet
  facet normal 0.7730104533627379 -0.6343932841636444 -4.548737415198479e-20
    outer loop
      vertex 7.518398074789775 -6.593458151000688 3
      vertex 7.933533402912351 -6.087614290087206 3
      vertex 7.933533402912351 -6.087614290087206 25
    endloop
  endfacet
  facet normal 0.8128466845916148 -0.5824776968678026 -7.401423390179596e-19
    outer loop
      vertex 7.933533402912351 -6.087614290087206 3
      vertex 8.314696123025453 -5.555702330196022 3
      vertex 8.314696123025453 -5.555702330196022 25
    endloop
  endfacet
  facet normal 0.8492021815265794 -0.5280678506503671 8.458769370627114e-19
    outer loop
      vertex 8.314696123025453 -5.555702330196022 3
      vertex 8.660254037844386 -5 3
      vertex 8.660254037844386 -5 25
    endloop
  endfacet
  facet normal 0.8819212643483552 -0.4713967368259976 -6.271397435132263e-19
    outer loop
      vertex 8.660254037844386 -5 3
      vertex 8.968727415326882 -4.4228869021900135 3
      vertex 8.968727415326882 -4.4228869021900135 25
    endloop
  endfacet
  facet normal 0.910863824921175 -0.41270702980439655 -7.836396538110384e-19
    outer loop
      vertex 8.968727415326882 -4.4228869021900135 3
      vertex 9.238795325112868 -3.826834323650898 3
      vertex 9.238795325112868 -3.826834323650898 25
    endloop
  endfacet
  facet normal 0.9359059267573256 -0.3522500479212337 -5.144632029439156e-19
    outer loop
      vertex 9.238795325112868 -3.826834323650898 3
      vertex 9.469301294951057 -3.214394653031616 3
      vertex 9.469301294951057 -3.214394653031616 25
    endloop
  endfacet
  facet normal 0.9569403357322092 -0.29028467725446166 3.7379180218332536e-19
    outer loop
      vertex 9.469301294951057 -3.214394653031616 3
      vertex 9.659258262890683 -2.5881904510252074 3
      vertex 9.659258262890683 -2.5881904510252074 25
    endloop
  endfacet
  facet normal 0.9738769792773337 -0.22707626303437287 1.7473948323866125e-20
    outer loop
      vertex 9.659258262890683 -2.5881904510252074 3
      vertex 9.807852804032304 -1.9509032201612824 3
      vertex 9.807852804032304 -1.9509032201612824 25
    endloop
  endfacet
  facet normal 0.986643332084879 -0.16289547339458896 -5.345893898559372e-20
    outer loop
      vertex 9.807852804032304 -1.9509032201612824 3
      vertex 9.914448613738104 -1.3052619222005157 3
      vertex 9.914448613738104 -1.3052619222005157 25
    endloop
  endfacet
  facet normal 0.9951847266721967 -0.09801714032956096 -5.723179548049795e-20
    outer loop
      vertex 9.914448613738104 -1.3052619222005157 3
      vertex 9.978589232386035 -0.6540312923014306 3
      vertex 9.978589232386035 -0.6540312923014306 25
    endloop
  endfacet
  facet normal 0.9994645874763657 -0.03271908282177589 -4.9275337928888695e-20
    outer loop
      vertex 9.978589232386035 -0.6540312923014306 3
      vertex 10 0 3
      vertex 10 0 25
    endloop
  endfacet
  facet normal 0.03271908282177589 -0.9994645874763657 0
    outer loop
      vertex 0 -10 3
      vertex 0.6540312923014306 -9.978589232386035 25
      vertex 0 -10 25
    endloop
  endfacet
  facet normal 0.09801714032956096 -0.9951847266721967 0
    outer loop
      vertex 0.6540312923014306 -9.978589232386035 3
      vertex 1.3052619222005157 -9.914448613738104 25
      vertex 0.6540312923014306 -9.978589232386035 25
    endloop
  endfacet
  facet normal 0.16289547339458896 -0.986643332084879 0
    outer loop
      vertex 1.3052619222005157 -9.914448613738104 3
      vertex 1.9509032201612824 -9.807852804032304 25
      vertex 1.3052619222005157 -9.914448613738104 25
    endloop
  endfacet
  facet normal 0.22707626303437287 -0.9738769792773337 0
    outer loop
      vertex 1.9509032201612824 -9.807852804032304 3
      vertex 2.5881904510252074 -9.659258262890683 25
      vertex 1.9509032201612824 -9.807852804032304 25
    endloop
  endfacet
  facet normal 0.29028467725446166 -0.9569403357322092 0
    outer loop
      vertex 2.5881904510252074 -9.659258262890683 3
      vertex 3.214394653031616 -9.469301294951057 25
      vertex 2.5881904510252074 -9.659258262890683 25
    endloop
  endfacet
  facet normal 0.3522500479212337 -0.9359059267573256 0
    outer loop
      vertex 3.214394653031616 -9.469301294951057 3
      vertex 3.826834323650898 -9.238795325112868 25
      vertex 3.214394653031616 -9.469301294951057 25
    endloop
  endfacet
  facet normal 0.41270702980439655 -0.910863824921175 0
    outer loop
      vertex 3.826834323650898 -9.238795325112868 3
      vertex 4.4228869021900135 -8.968727415326882 25
      vertex 3.826834323650898 -9.238795325112868 25
    endloop
  endfacet
  facet normal 0.4713967368259976 -0.8819212643483552 0
    outer loop
      vertex 4.4228869021900135 -8.968727415326882 3
      vertex 5 -8.660254037844386 25
      vertex 4.4228869021900135 -8.968727415326882 25
    endloop
  endfacet
  facet normal 0.5280678506503671 -0.8492021815265794 0
    outer loop
      vertex 5 -8.660254037844386 3
      vertex 5.555702330196022 -8.314696123025453 25
      vertex 5 -8.660254037844386 25
    endloop
  endfacet
  facet normal 0.5824776968678026 -0.8128466845916148 0
    outer loop
      vertex 5.555702330196022 -8.314696123025453 3
      vertex 6.087614290087206 -7.933533402912351 25
      vertex 5.555702330196022 -8.314696123025453 25
    endloop
  endfacet
  facet normal 0.6343932841636444 -0.7730104533627379 0
    outer loop
      vertex 6.087614290087206 -7.933533402912351 3
      vertex 6.593458151000688 -7.518398074789775 25
      vertex 6.087614290087206 -7.933533402912351 25
    endloop
  endfacet
  facet normal 0.6835923020228712 -0.7298640726978356 0
    outer loop
      vertex 6.593458151000688 -7.518398074789775 3
      vertex 7.0710678118654755 -7.0710678118654755 25
      vertex 6.593458151000688 -7.518398074789775 25
    endloop
  endfacet
  facet normal 0.7298640726978356 -0.6835923020228712 0
    outer loop
      vertex 7.0710678118654755 -7.0710678118654755 3
      vertex 7.518398074789775 -6.593458151000688 25
      vertex 7.0710678118654755 -7.0710678118654755 25
    endloop
  endfacet
  facet normal 0.7730104533627379 -0.6343932841636444 0
    outer loop
      vertex 7.518398074789775 -6.593458151000688 3
      vertex 7.933533402912351 -6.087614290087206 25
      vertex 7.518398074789775 -6.593458151000688 25
    endloop
  endfacet
  facet normal 0.8128466845916148 -0.5824776968678026 0
    outer loop
      vertex 7.933533402912351 -6.087614290087206 3
      vertex 8.314696123025453 -5.555702330196022 25
      vertex 7.933533402912351 -6.087614290087206 25
    endloop
  endfacet
  facet normal 0.8492021815265794 -0.5280678506503671 0
    outer loop
      vertex 8.314696123025453 -5.555702330196022 3
      vertex 8.660254037844386 -5 25
      vertex 8.314696123025453 -5.555702330196022 25
    endloop
  endfacet
  facet normal 0.8819212643483552 -0.4713967368259976 0
    outer loop
      vertex 8.660254037844386 -5 3
      vertex 8.968727415326882 -4.4228869021900135 25
      vertex 8.660254037844386 -5 25
    endloop
  endfacet
  facet normal 0.910863824921175 -0.41270702980439655 0
    outer loop
      vertex 8.968727415326882 -4.4228869021900135 3
      vertex 9.238795325112868 -3.826834323650898 25
      vertex 8.968727415326882 -4.4228869021900135 25
    endloop
  endfacet
  facet normal 0.9359059267573256 -0.3522500479212337 0
    outer loop
      vertex 9.238795325112868 -3.826834323650898 3
      vertex 9.469301294951057 -3.214394653031616 25
      vertex 9.238795325112868 -3.826834323650898 25
    endloop
  endfacet
  facet normal 0.9569403357322092 -0.29028467725446166 0
    outer loop
      vertex 9.469301294951057 -3.214394653031616 3
      vertex 9.659258262890683 -2.5881904510252074 25
      vertex 9.469301294951057 -3.214394653031616 25
    endloop
  endfacet
  facet normal 0.9738769792773337 -0.22707626303437287 0
    outer loop
      vertex 9.659258262890683 -2.5881904510252074 3
      vertex 9.807852804032304 -1.9509032201612824 25
      vertex 9.659258262890683 -2.5881904510252074 25
    endloop
  endfacet
  facet normal 0.986643332084879 -0.16289547339458896 0
    outer loop
      vertex 9.807852804032304 -1.9509032201612824 3
      vertex 9.914448613738104 -1.3052619222005157 25
      vertex 9.807852804032304 -1.9509032201612824 25
    endloop
  endfacet
  facet normal 0.9951847266721967 -0.09801714032956096 0
    outer loop
      vertex 9.914448613738104 -1.3052619222005157 3
      vertex 9.978589232386035 -0.6540312923014306 25
      vertex 9.914448613738104 -1.3052619222005157 25
    endloop
  endfacet
  facet normal 0.9994645874763657 -0.03271908282177589 0
    outer loop
      vertex 9.978589232386035 -0.6540312923014306 3
      vertex 10 0 25
      vertex 9.978589232386035 -0.6540312923014306 25
    endloop
  endfacet
  facet normal 0 0 1
    outer loop
      vertex 0 -10 25
      vertex 0.6540312923014306 -9.978589232386035 25
      vertex 0.5232250338411445 -7.982871385908828 25
    endloop
  endfacet
  facet normal 0 0 1
    outer loop
      vertex 0.6540312923014306 -9.978589232386035 25
      vertex 1.3052619222005157 -9.914448613738104 25
      vertex 0.5232250338411445 -7.982871385908828 25
    endloop
  endfacet
  facet normal 0 0 1
    outer loop
      vertex 0 -10 25
      vertex 0.5232250338411445 -7.982871385908828 25
      vertex 0 -8 25
    endloop
  endfacet
  facet normal 0 0 1
    outer loop
      vertex 1.3052619222005157 -9.914448613738104 25
      vertex 1.0442095377604126 -7.931558890990483 25
      vertex 0.5232250338411445 -7.982871385908828 25
    endloop
  endfacet
  facet normal 0 0 1
    outer loop
      vertex 1.3052619222005157 -9.914448613738104 25
      vertex 1.9509032201612824 -9.807852804032304 25
      vertex 1.0442095377604126 -7.931558890990483 25
    endloop
  endfacet
  facet normal 0 0 1
    outer loop
      vertex 1.9509032201612824 -9.807852804032304 25
      vertex 2.5881904510252074 -9.659258262890683 25
      vertex 1.560722576129026 -7.8462822432258434 25
    endloop
  endfacet
  facet normal 0 0 1
    outer loop
      vertex 1.9509032201612824 -9.807852804032304 25
      vertex 1.560722576129026 -7.8462822432258434 25
      vertex 1.0442095377604126 -7.931558890990483 25
    endloop
  endfacet
  facet normal 0 0 1
    outer loop
      vertex 2.5881904510252074 -9.659258262890683 25
      vertex 2.070552360820166 -7.7274066103125465 25
      vertex 1.560722576129026 -7.8462822432258434 25
    endloop
  endfacet
  facet normal 0 0 1
    outer loop
      vertex 2.5881904510252074 -9.659258262890683 25
      vertex 2.5715157224252927 -7.5754410359608455 25
      vertex 2.070552360820166 -7.7274066103125465 25
    endloop
  endfacet
  facet normal 0 0 1
    outer loop
      vertex 2.5881904510252074 -9.659258262890683 25
      vertex 3.214394653031616 -9.469301294951057 25
      vertex 2.5715157224252927 -7.5754410359608455 25
    endloop
  endfacet
  facet normal 0 0 1
    outer loop
      vertex 3.214394653031616 -9.469301294951057 25
      vertex 3.0614674589207183 -7.391036260090294 25
      vertex 2.5715157224252927 -7.5754410359608455 25
    endloop
  endfacet
  facet normal 0 0 1
    outer loop
      vertex 3.214394653031616 -9.469301294951057 25
      vertex 3.826834323650898 -9.238795325112868 25
      vertex 3.0614674589207183 -7.391036260090294 25
    endloop
  endfacet
  facet normal 0 0 1
    outer loop
      vertex 3.826834323650898 -9.238795325112868 25
      vertex 3.5383095217520104 -7.174981932261506 25
      vertex 3.0614674589207183 -7.391036260090294 25
    endloop
  endfacet
  facet normal 0 0 1
    outer loop
      vertex 3.826834323650898 -9.238795325112868 25
      vertex 4.4228869021900135 -8.968727415326882 25
      vertex 3.5383095217520104 -7.174981932261506 25
    endloop
  endfacet
  facet normal 0 0 1
    outer loop
      vertex 4.4228869021900135 -8.968727415326882 25
      vertex 5 -8.660254037844386 25
      vertex 4 -6.928203230275509 25
    endloop
  endfacet
  facet normal 0 0 1
    outer loop
      vertex 4.4228869021900135 -8.968727415326882 25
      vertex 4 -6.928203230275509 25
      vertex 3.5383095217520104 -7.174981932261506 25
    endloop
  endfacet
  facet normal 0 0 1
    outer loop
      vertex 5 -8.660254037844386 25
      vertex 4.444561864156817 -6.651756898420362 25
      vertex 4 -6.928203230275509 25
    endloop
  endfacet
  facet normal 0 0 1
    outer loop
      vertex 5 -8.660254037844386 25
      vertex 4.870091432069765 -6.346826722329881 25
      vertex 4.444561864156817 -6.651756898420362 25
    endloop
  endfacet
  facet normal 0 0 1
    outer loop
      vertex 5 -8.660254037844386 25
      vertex 5.555702330196022 -8.314696123025453 25
      vertex 4.870091432069765 -6.346826722329881 25
    endloop
  endfacet
  facet normal 0 0 1
    outer loop
      vertex 5.555702330196022 -8.314696123025453 25
      vertex 6.087614290087206 -7.933533402912351 25
      vertex 5.274766520800551 -6.01471845983182 25
    endloop
  endfacet
  facet normal 0 0 1
    outer loop
      vertex 5.555702330196022 -8.314696123025453 25
      vertex 5.274766520800551 -6.01471845983182 25
      vertex 4.870091432069765 -6.346826722329881 25
    endloop
  endfacet
  facet normal 0 0 1
    outer loop
      vertex 6.087614290087206 -7.933533402912351 25
      vertex 5.656854249492381 -5.656854249492381 25
      vertex 5.274766520800551 -6.01471845983182 25
    endloop
  endfacet
  facet normal 0 0 1
    outer loop
      vertex 6.087614290087206 -7.933533402912351 25
      vertex 6.593458151000688 -7.518398074789775 25
      vertex 6.01471845983182 -5.274766520800551 25
    endloop
  endfacet
  facet normal 0 0 1
    outer loop
      vertex 6.087614290087206 -7.933533402912351 25
      vertex 6.01471845983182 -5.274766520800551 25
      vertex 5.656854249492381 -5.656854249492381 25
    endloop
  endfacet
  facet normal 0 0 1
    outer loop
      vertex 6.593458151000688 -7.518398074789775 25
      vertex 6.346826722329881 -4.870091432069765 25
      vertex 6.01471845983182 -5.274766520800551 25
    endloop
  endfacet
  facet normal 0 0 1
    outer loop
      vertex 6.593458151000688 -7.518398074789775 25
      vertex 7.0710678118654755 -7.0710678118654755 25
      vertex 6.346826722329881 -4.870091432069765 25
    endloop
  endfacet
  facet normal 0 0 1
    outer loop
      vertex 7.0710678118654755 -7.0710678118654755 25
      vertex 6.651756898420362 -4.444561864156817 25
      vertex 6.346826722329881 -4.870091432069765 25
    endloop
  endfacet
  facet normal 0 0 1
    outer loop
      vertex 7.0710678118654755 -7.0710678118654755 25
      vertex 7.518398074789775 -6.593458151000688 25
      vertex 6.928203230275509 -4 25
    endloop
  endfacet
  facet normal 0 0 1
    outer loop
      vertex 7.518398074789775 -6.593458151000688 25
      vertex 7.933533402912351 -6.087614290087206 25
      vertex 7.391036260090294 -3.0614674589207183 25
    endloop
  endfacet
  facet normal 0 0 1
    outer loop
      vertex 7.0710678118654755 -7.0710678118654755 25
      vertex 6.928203230275509 -4 25
      vertex 6.651756898420362 -4.444561864156817 25
    endloop
  endfacet
  facet normal 0 0 1
    outer loop
      vertex 7.518398074789775 -6.593458151000688 25
      vertex 7.174981932261506 -3.5383095217520104 25
      vertex 6.928203230275509 -4 25
    endloop
  endfacet
  facet normal 0 0 1
    outer loop
      vertex 7.518398074789775 -6.593458151000688 25
      vertex 7.391036260090294 -3.0614674589207183 25
      vertex 7.174981932261506 -3.5383095217520104 25
    endloop
  endfacet
  facet normal 0 0 1
    outer loop
      vertex 7.933533402912351 -6.087614290087206 25
      vertex 7.5754410359608455 -2.5715157224252927 25
      vertex 7.391036260090294 -3.0614674589207183 25
    endloop
  endfacet
  facet normal 0 0 1
    outer loop
      vertex 7.933533402912351 -6.087614290087206 25
      vertex 7.7274066103125465 -2.070552360820166 25
      vertex 7.5754410359608455 -2.5715157224252927 25
    endloop
  endfacet
  facet normal 0 0 1
    outer loop
      vertex 7.933533402912351 -6.087614290087206 25
      vertex 8.314696123025453 -5.555702330196022 25
      vertex 7.931558890990483 -1.0442095377604126 25
    endloop
  endfacet
  facet normal 0 0 1
    outer loop
      vertex 7.933533402912351 -6.087614290087206 25
      vertex 7.8462822432258434 -1.560722576129026 25
      vertex 7.7274066103125465 -2.070552360820166 25
    endloop
  endfacet
  facet normal 0 0 1
    outer loop
      vertex 7.933533402912351 -6.087614290087206 25
      vertex 7.931558890990483 -1.0442095377604126 25
      vertex 7.8462822432258434 -1.560722576129026 25
    endloop
  endfacet
  facet normal 0 0 1
    outer loop
      vertex 8.314696123025453 -5.555702330196022 25
      vertex 7.982871385908828 -0.5232250338411445 25
      vertex 7.931558890990483 -1.0442095377604126 25
    endloop
  endfacet
  facet normal 0 0 1
    outer loop
      vertex 8.314696123025453 -5.555702330196022 25
      vertex 8 0 25
      vertex 7.982871385908828 -0.5232250338411445 25
    endloop
  endfacet
  facet normal 0 0 1
    outer loop
      vertex 8.314696123025453 -5.555702330196022 25
      vertex 8.660254037844386 -5 25
      vertex 8.314696123025453 5.555702330196022 25
    endloop
  endfacet
  facet normal 0 0 1
    outer loop
      vertex 8.660254037844386 -5 25
      vertex 8.968727415326882 -4.4228869021900135 25
      vertex 8.660254037844386 5 25
    endloop
  endfacet
  facet normal 0 0 1
    outer loop
      vertex 8.968727415326882 -4.4228869021900135 25
      vertex 9.238795325112868 -3.826834323650898 25
      vertex 8.968727415326882 4.4228869021900135 25
    endloop
  endfacet
  facet normal 0 0 1
    outer loop
      vertex 9.238795325112868 -3.826834323650898 25
      vertex 9.469301294951057 -3.214394653031616 25
      vertex 9.238795325112868 3.826834323650898 25
    endloop
  endfacet
  facet normal 0 0 1
    outer loop
      vertex 9.469301294951057 -3.214394653031616 25
      vertex 9.659258262890683 -2.5881904510252074 25
      vertex 9.469301294951057 3.214394653031616 25
    endloop
  endfacet
  facet normal 0 0 1
    outer loop
      vertex 9.659258262890683 -2.5881904510252074 25
      vertex 9.807852804032304 -1.9509032201612824 25
      vertex 9.659258262890683 2.5881904510252074 25
    endloop
  endfacet
  facet normal 0 0 1
    outer loop
      vertex 9.807852804032304 -1.9509032201612824 25
      vertex 9.914448613738104 -1.3052619222005157 25
      vertex 9.807852804032304 1.9509032201612824 25
    endloop
  endfacet
  facet normal 0 0 1
    outer loop
      vertex 9.914448613738104 -1.3052619222005157 25
      vertex 9.978589232386035 -0.6540312923014306 25
      vertex 9.914448613738104 1.3052619222005157 25
    endloop
  endfacet
  facet normal 0.03271908282177589 0.9994645874763657 0
    outer loop
      vertex 0 10 3
      vertex 0 10 25
      vertex 0.6540312923014306 9.978589232386035 3
    endloop
  endfacet
  facet normal 0.09801714032956096 0.9951847266721967 0
    outer loop
      vertex 0.6540312923014306 9.978589232386035 3
      vertex 0.6540312923014306 9.978589232386035 25
      vertex 1.3052619222005157 9.914448613738104 3
    endloop
  endfacet
  facet normal 0.16289547339458896 0.986643332084879 0
    outer loop
      vertex 1.3052619222005157 9.914448613738104 3
      vertex 1.3052619222005157 9.914448613738104 25
      vertex 1.9509032201612824 9.807852804032304 3
    endloop
  endfacet
  facet normal 0.22707626303437287 0.9738769792773337 -1.7473948323866125e-20
    outer loop
      vertex 2.5881904510252074 9.659258262890683 3
      vertex 1.9509032201612824 9.807852804032304 3
      vertex 1.9509032201612824 9.807852804032304 25
    endloop
  endfacet
  facet normal 0.29028467725446166 0.9569403357322092 0
    outer loop
      vertex 2.5881904510252074 9.659258262890683 3
      vertex 2.5881904510252074 9.659258262890683 25
      vertex 3.214394653031616 9.469301294951057 3
    endloop
  endfacet
  facet normal 0.3522500479212337 0.9359059267573256 0
    outer loop
      vertex 3.214394653031616 9.469301294951057 3
      vertex 3.214394653031616 9.469301294951057 25
      vertex 3.826834323650898 9.238795325112868 3
    endloop
  endfacet
  facet normal 0.4713967368259976 0.8819212643483552 0
    outer loop
      vertex 4.4228869021900135 8.968727415326882 3
      vertex 4.4228869021900135 8.968727415326882 25
      vertex 5 8.660254037844386 3
    endloop
  endfacet
  facet normal 0.5280678506503671 0.8492021815265794 0
    outer loop
      vertex 5 8.660254037844386 3
      vertex 5 8.660254037844386 25
      vertex 5.555702330196022 8.314696123025453 3
    endloop
  endfacet
  facet normal 0.41270702980439655 0.910863824921175 0
    outer loop
      vertex 3.826834323650898 9.238795325112868 3
      vertex 3.826834323650898 9.238795325112868 25
      vertex 4.4228869021900135 8.968727415326882 3
    endloop
  endfacet
  facet normal 0.9994645874763657 0.03271908282177589 4.9275337928888695e-20
    outer loop
      vertex 10 0 3
      vertex 9.978589232386035 0.6540312923014306 3
      vertex 9.978589232386035 0.6540312923014306 25
    endloop
  endfacet
  facet normal 0.9951847266721967 0.09801714032956096 5.723179548049795e-20
    outer loop
      vertex 9.978589232386035 0.6540312923014306 3
      vertex 9.914448613738104 1.3052619222005157 3
      vertex 9.914448613738104 1.3052619222005157 25
    endloop
  endfacet
  facet normal 0.9738769792773337 0.22707626303437287 0
    outer loop
      vertex 9.659258262890683 2.5881904510252074 3
      vertex 9.659258262890683 2.5881904510252074 25
      vertex 9.807852804032304 1.9509032201612824 3
    endloop
  endfacet
  facet normal 0.986643332084879 0.16289547339458896 5.345893898559372e-20
    outer loop
      vertex 9.914448613738104 1.3052619222005157 3
      vertex 9.807852804032304 1.9509032201612824 3
      vertex 9.807852804032304 1.9509032201612824 25
    endloop
  endfacet
  facet normal 0.910863824921175 0.41270702980439655 0
    outer loop
      vertex 8.968727415326882 4.4228869021900135 3
      vertex 8.968727415326882 4.4228869021900135 25
      vertex 9.238795325112868 3.826834323650898 3
    endloop
  endfacet
  facet normal 0.8819212643483552 0.4713967368259976 6.271397435132263e-19
    outer loop
      vertex 8.968727415326882 4.4228869021900135 3
      vertex 8.660254037844386 5 3
      vertex 8.660254037844386 5 25
    endloop
  endfacet
  facet normal 0.9569403357322092 0.29028467725446166 -3.7379180218332536e-19
    outer loop
      vertex 9.659258262890683 2.5881904510252074 3
      vertex 9.469301294951057 3.214394653031616 3
      vertex 9.469301294951057 3.214394653031616 25
    endloop
  endfacet
  facet normal 0.9359059267573256 0.3522500479212337 5.144632029439156e-19
    outer loop
      vertex 9.469301294951057 3.214394653031616 3
      vertex 9.238795325112868 3.826834323650898 3
      vertex 9.238795325112868 3.826834323650898 25
    endloop
  endfacet
  facet normal 0.7730104533627379 0.6343932841636444 0
    outer loop
      vertex 7.518398074789775 6.593458151000688 3
      vertex 7.518398074789775 6.593458151000688 25
      vertex 7.933533402912351 6.087614290087206 3
    endloop
  endfacet
  facet normal 0.6835923020228712 0.7298640726978356 -6.220499871073559e-19
    outer loop
      vertex 7.0710678118654755 7.0710678118654755 3
      vertex 6.593458151000688 7.518398074789775 3
      vertex 6.593458151000688 7.518398074789775 25
    endloop
  endfacet
  facet normal 0.7298640726978356 0.6835923020228712 0
    outer loop
      vertex 7.0710678118654755 7.0710678118654755 3
      vertex 7.0710678118654755 7.0710678118654755 25
      vertex 7.518398074789775 6.593458151000688 3
    endloop
  endfacet
  facet normal 0.5824776968678026 0.8128466845916148 0
    outer loop
      vertex 5.555702330196022 8.314696123025453 3
      vertex 5.555702330196022 8.314696123025453 25
      vertex 6.087614290087206 7.933533402912351 3
    endloop
  endfacet
  facet normal 0.6343932841636444 0.7730104533627379 4.548737415198479e-20
    outer loop
      vertex 6.593458151000688 7.518398074789775 3
      vertex 6.087614290087206 7.933533402912351 3
      vertex 6.087614290087206 7.933533402912351 25
    endloop
  endfacet
  facet normal 0.8492021815265794 0.5280678506503671 -8.458769370627114e-19
    outer loop
      vertex 8.660254037844386 5 3
      vertex 8.314696123025453 5.555702330196022 3
      vertex 8.314696123025453 5.555702330196022 25
    endloop
  endfacet
  facet normal 0.8128466845916148 0.5824776968678026 7.401423390179596e-19
    outer loop
      vertex 8.314696123025453 5.555702330196022 3
      vertex 7.933533402912351 6.087614290087206 3
      vertex 7.933533402912351 6.087614290087206 25
    endloop
  endfacet
  facet normal 0.03271908282177589 0.9994645874763657 0
    outer loop
      vertex 0.6540312923014306 9.978589232386035 3
      vertex 0 10 25
      vertex 0.6540312923014306 9.978589232386035 25
    endloop
  endfacet
  facet normal 0.09801714032956096 0.9951847266721967 0
    outer loop
      vertex 1.3052619222005157 9.914448613738104 3
      vertex 0.6540312923014306 9.978589232386035 25
      vertex 1.3052619222005157 9.914448613738104 25
    endloop
  endfacet
  facet normal 0.16289547339458896 0.986643332084879 0
    outer loop
      vertex 1.9509032201612824 9.807852804032304 3
      vertex 1.3052619222005157 9.914448613738104 25
      vertex 1.9509032201612824 9.807852804032304 25
    endloop
  endfacet
  facet normal 0.22707626303437287 0.9738769792773337 0
    outer loop
      vertex 2.5881904510252074 9.659258262890683 3
      vertex 1.9509032201612824 9.807852804032304 25
      vertex 2.5881904510252074 9.659258262890683 25
    endloop
  endfacet
  facet normal 0.29028467725446166 0.9569403357322092 0
    outer loop
      vertex 3.214394653031616 9.469301294951057 3
      vertex 2.5881904510252074 9.659258262890683 25
      vertex 3.214394653031616 9.469301294951057 25
    endloop
  endfacet
  facet normal 0.3522500479212337 0.9359059267573256 0
    outer loop
      vertex 3.826834323650898 9.238795325112868 3
      vertex 3.214394653031616 9.469301294951057 25
      vertex 3.826834323650898 9.238795325112868 25
    endloop
  endfacet
  facet normal 0.41270702980439655 0.910863824921175 0
    outer loop
      vertex 4.4228869021900135 8.968727415326882 3
      vertex 3.826834323650898 9.238795325112868 25
      vertex 4.4228869021900135 8.968727415326882 25
    endloop
  endfacet
  facet normal 0.4713967368259976 0.8819212643483552 0
    outer loop
      vertex 5 8.660254037844386 3
      vertex 4.4228869021900135 8.968727415326882 25
      vertex 5 8.660254037844386 25
    endloop
  endfacet
  facet normal 0.9994645874763657 0.03271908282177589 0
    outer loop
      vertex 10 0 3
      vertex 9.978589232386035 0.6540312923014306 25
      vertex 10 0 25
    endloop
  endfacet
  facet normal 0.9951847266721967 0.09801714032956096 0
    outer loop
      vertex 9.978589232386035 0.6540312923014306 3
      vertex 9.914448613738104 1.3052619222005157 25
      vertex 9.978589232386035 0.6540312923014306 25
    endloop
  endfacet
  facet normal 0.986643332084879 0.16289547339458896 0
    outer loop
      vertex 9.914448613738104 1.3052619222005157 3
      vertex 9.807852804032304 1.9509032201612824 25
      vertex 9.914448613738104 1.3052619222005157 25
    endloop
  endfacet
  facet normal 0.9738769792773337 0.22707626303437287 0
    outer loop
      vertex 9.807852804032304 1.9509032201612824 3
      vertex 9.659258262890683 2.5881904510252074 25
      vertex 9.807852804032304 1.9509032201612824 25
    endloop
  endfacet
  facet normal 0.8492021815265794 0.5280678506503671 0
    outer loop
      vertex 8.660254037844386 5 3
      vertex 8.314696123025453 5.555702330196022 25
      vertex 8.660254037844386 5 25
    endloop
  endfacet
  facet normal 0.8819212643483552 0.4713967368259976 0
    outer loop
      vertex 8.968727415326882 4.4228869021900135 3
      vertex 8.660254037844386 5 25
      vertex 8.968727415326882 4.4228869021900135 25
    endloop
  endfacet
  facet normal 0.9569403357322092 0.29028467725446166 0
    outer loop
      vertex 9.659258262890683 2.5881904510252074 3
      vertex 9.469301294951057 3.214394653031616 25
      vertex 9.659258262890683 2.5881904510252074 25
    endloop
  endfacet
  facet normal 0.9359059267573256 0.3522500479212337 0
    outer loop
      vertex 9.469301294951057 3.214394653031616 3
      vertex 9.238795325112868 3.826834323650898 25
      vertex 9.469301294951057 3.214394653031616 25
    endloop
  endfacet
  facet normal 0.910863824921175 0.41270702980439655 0
    outer loop
      vertex 9.238795325112868 3.826834323650898 3
      vertex 8.968727415326882 4.4228869021900135 25
      vertex 9.238795325112868 3.826834323650898 25
    endloop
  endfacet
  facet normal 0.6343932841636444 0.7730104533627379 0
    outer loop
      vertex 6.593458151000688 7.518398074789775 3
      vertex 6.087614290087206 7.933533402912351 25
      vertex 6.593458151000688 7.518398074789775 25
    endloop
  endfacet
  facet normal 0.6835923020228712 0.7298640726978356 0
    outer loop
      vertex 7.0710678118654755 7.0710678118654755 3
      vertex 6.593458151000688 7.518398074789775 25
      vertex 7.0710678118654755 7.0710678118654755 25
    endloop
  endfacet
  facet normal 0.7298640726978356 0.6835923020228712 0
    outer loop
      vertex 7.518398074789775 6.593458151000688 3
      vertex 7.0710678118654755 7.0710678118654755 25
      vertex 7.518398074789775 6.593458151000688 25
    endloop
  endfacet
  facet normal 0.5280678506503671 0.8492021815265794 0
    outer loop
      vertex 5.555702330196022 8.314696123025453 3
      vertex 5 8.660254037844386 25
      vertex 5.555702330196022 8.314696123025453 25
    endloop
  endfacet
  facet normal 0.5824776968678026 0.8128466845916148 0
    outer loop
      vertex 6.087614290087206 7.933533402912351 3
      vertex 5.555702330196022 8.314696123025453 25
      vertex 6.087614290087206 7.933533402912351 25
    endloop
  endfacet
  facet normal 0.8128466845916148 0.5824776968678026 0
    outer loop
      vertex 8.314696123025453 5.555702330196022 3
      vertex 7.933533402912351 6.087614290087206 25
      vertex 8.314696123025453 5.555702330196022 25
    endloop
  endfacet
  facet normal 0.7730104533627379 0.6343932841636444 0
    outer loop
      vertex 7.933533402912351 6.087614290087206 3
      vertex 7.518398074789775 6.593458151000688 25
      vertex 7.933533402912351 6.087614290087206 25
    endloop
  endfacet
  facet normal 0 0 1
    outer loop
      vertex 0 10 25
      vertex 0 8 25
      vertex 0.5232250338411445 7.982871385908828 25
    endloop
  endfacet
  facet normal 0 0 1
    outer loop
      vertex 0.6540312923014306 9.978589232386035 25
      vertex 0.5232250338411445 7.982871385908828 25
      vertex 1.0442095377604126 7.931558890990483 25
    endloop
  endfacet
  facet normal 0 0 1
    outer loop
      vertex 0 10 25
      vertex 0.5232250338411445 7.982871385908828 25
      vertex 0.6540312923014306 9.978589232386035 25
    endloop
  endfacet
  facet normal 0 0 1
    outer loop
      vertex 0.6540312923014306 9.978589232386035 25
      vertex 1.0442095377604126 7.931558890990483 25
      vertex 1.3052619222005157 9.914448613738104 25
    endloop
  endfacet
  facet normal 0 0 1
    outer loop
      vertex 1.3052619222005157 9.914448613738104 25
      vertex 1.0442095377604126 7.931558890990483 25
      vertex 1.560722576129026 7.8462822432258434 25
    endloop
  endfacet
  facet normal 0 0 1
    outer loop
      vertex 1.9509032201612824 9.807852804032304 25
      vertex 1.560722576129026 7.8462822432258434 25
      vertex 2.070552360820166 7.7274066103125465 25
    endloop
  endfacet
  facet normal 0 0 1
    outer loop
      vertex 2.5881904510252074 9.659258262890683 25
      vertex 2.070552360820166 7.7274066103125465 25
      vertex 2.5715157224252927 7.5754410359608455 25
    endloop
  endfacet
  facet normal 0 0 1
    outer loop
      vertex 2.5881904510252074 9.659258262890683 25
      vertex 1.9509032201612824 9.807852804032304 25
      vertex 2.070552360820166 7.7274066103125465 25
    endloop
  endfacet
  facet normal 0 0 1
    outer loop
      vertex 1.3052619222005157 9.914448613738104 25
      vertex 1.560722576129026 7.8462822432258434 25
      vertex 1.9509032201612824 9.807852804032304 25
    endloop
  endfacet
  facet normal 0 0 1
    outer loop
      vertex 3.826834323650898 9.238795325112868 25
      vertex 3.5383095217520104 7.174981932261506 25
      vertex 4 6.928203230275509 25
    endloop
  endfacet
  facet normal 0 0 1
    outer loop
      vertex 4.4228869021900135 8.968727415326882 25
      vertex 4 6.928203230275509 25
      vertex 4.444561864156817 6.651756898420362 25
    endloop
  endfacet
  facet normal 0 0 1
    outer loop
      vertex 5 8.660254037844386 25
      vertex 4.870091432069765 6.346826722329881 25
      vertex 5.274766520800551 6.01471845983182 25
    endloop
  endfacet
  facet normal 0 0 1
    outer loop
      vertex 4.4228869021900135 8.968727415326882 25
      vertex 4.444561864156817 6.651756898420362 25
      vertex 4.870091432069765 6.346826722329881 25
    endloop
  endfacet
  facet normal 0 0 1
    outer loop
      vertex 2.5881904510252074 9.659258262890683 25
      vertex 2.5715157224252927 7.5754410359608455 25
      vertex 3.0614674589207183 7.391036260090294 25
    endloop
  endfacet
  facet normal 0 0 1
    outer loop
      vertex 2.5881904510252074 9.659258262890683 25
      vertex 3.0614674589207183 7.391036260090294 25
      vertex 3.214394653031616 9.469301294951057 25
    endloop
  endfacet
  facet normal 0 0 1
    outer loop
      vertex 3.214394653031616 9.469301294951057 25
      vertex 3.0614674589207183 7.391036260090294 25
      vertex 3.5383095217520104 7.174981932261506 25
    endloop
  endfacet
  facet normal 0 0 1
    outer loop
      vertex 3.214394653031616 9.469301294951057 25
      vertex 3.5383095217520104 7.174981932261506 25
      vertex 3.826834323650898 9.238795325112868 25
    endloop
  endfacet
  facet normal 0 0 1
    outer loop
      vertex 3.826834323650898 9.238795325112868 25
      vertex 4 6.928203230275509 25
      vertex 4.4228869021900135 8.968727415326882 25
    endloop
  endfacet
  facet normal 0 0 1
    outer loop
      vertex 4.4228869021900135 8.968727415326882 25
      vertex 4.870091432069765 6.346826722329881 25
      vertex 5 8.660254037844386 25
    endloop
  endfacet
  facet normal 0 0 1
    outer loop
      vertex 7.518398074789775 6.593458151000688 25
      vertex 7.5754410359608455 2.5715157224252927 25
      vertex 7.7274066103125465 2.070552360820166 25
    endloop
  endfacet
  facet normal 0 0 1
    outer loop
      vertex 7.0710678118654755 7.0710678118654755 25
      vertex 6.928203230275509 4 25
      vertex 7.174981932261506 3.5383095217520104 25
    endloop
  endfacet
  facet normal 0 0 1
    outer loop
      vertex 7.518398074789775 6.593458151000688 25
      vertex 7.391036260090294 3.0614674589207183 25
      vertex 7.5754410359608455 2.5715157224252927 25
    endloop
  endfacet
  facet normal 0 0 1
    outer loop
      vertex 7.0710678118654755 7.0710678118654755 25
      vertex 7.174981932261506 3.5383095217520104 25
      vertex 7.391036260090294 3.0614674589207183 25
    endloop
  endfacet
  facet normal 0 0 1
    outer loop
      vertex 7.518398074789775 6.593458151000688 25
      vertex 7.7274066103125465 2.070552360820166 25
      vertex 7.933533402912351 6.087614290087206 25
    endloop
  endfacet
  facet normal 0 0 1
    outer loop
      vertex 8.314696123025453 -5.555702330196022 25
      vertex 7.933533402912351 6.087614290087206 25
      vertex 8 0 25
    endloop
  endfacet
  facet normal 0 0 1
    outer loop
      vertex 7.933533402912351 6.087614290087206 25
      vertex 7.982871385908828 0.5232250338411445 25
      vertex 8 0 25
    endloop
  endfacet
  facet normal 0 0 1
    outer loop
      vertex 7.933533402912351 6.087614290087206 25
      vertex 7.931558890990483 1.0442095377604126 25
      vertex 7.982871385908828 0.5232250338411445 25
    endloop
  endfacet
  facet normal 0 0 1
    outer loop
      vertex 8.314696123025453 -5.555702330196022 25
      vertex 8.314696123025453 5.555702330196022 25
      vertex 7.933533402912351 6.087614290087206 25
    endloop
  endfacet
  facet normal 0 0 1
    outer loop
      vertex 8.660254037844386 -5 25
      vertex 8.660254037844386 5 25
      vertex 8.314696123025453 5.555702330196022 25
    endloop
  endfacet
  facet normal 0 0 1
    outer loop
      vertex 8.968727415326882 -4.4228869021900135 25
      vertex 8.968727415326882 4.4228869021900135 25
      vertex 8.660254037844386 5 25
    endloop
  endfacet
  facet normal 0 0 1
    outer loop
      vertex 9.469301294951057 -3.214394653031616 25
      vertex 9.469301294951057 3.214394653031616 25
      vertex 9.238795325112868 3.826834323650898 25
    endloop
  endfacet
  facet normal 0 0 1
    outer loop
      vertex 9.659258262890683 -2.5881904510252074 25
      vertex 9.659258262890683 2.5881904510252074 25
      vertex 9.469301294951057 3.214394653031616 25
    endloop
  endfacet
  facet normal 0 0 1
    outer loop
      vertex 9.978589232386035 -0.6540312923014306 25
      vertex 10 0 25
      vertex 9.978589232386035 0.6540312923014306 25
    endloop
  endfacet
  facet normal 0 0 1
    outer loop
      vertex 9.978589232386035 -0.6540312923014306 25
      vertex 9.978589232386035 0.6540312923014306 25
      vertex 9.914448613738104 1.3052619222005157 25
    endloop
  endfacet
  facet normal 0 0 1
    outer loop
      vertex 9.914448613738104 -1.3052619222005157 25
      vertex 9.914448613738104 1.3052619222005157 25
      vertex 9.807852804032304 1.9509032201612824 25
    endloop
  endfacet
  facet normal 0 0 1
    outer loop
      vertex 9.807852804032304 -1.9509032201612824 25
      vertex 9.807852804032304 1.9509032201612824 25
      vertex 9.659258262890683 2.5881904510252074 25
    endloop
  endfacet
  facet normal 0 0 1
    outer loop
      vertex 9.238795325112868 -3.826834323650898 25
      vertex 9.238795325112868 3.826834323650898 25
      vertex 8.968727415326882 4.4228869021900135 25
    endloop
  endfacet
  facet normal 0 0 1
    outer loop
      vertex 7.933533402912351 6.087614290087206 25
      vertex 7.8462822432258434 1.560722576129026 25
      vertex 7.931558890990483 1.0442095377604126 25
    endloop
  endfacet
  facet normal 0 0 1
    outer loop
      vertex 7.933533402912351 6.087614290087206 25
      vertex 7.7274066103125465 2.070552360820166 25
      vertex 7.8462822432258434 1.560722576129026 25
    endloop
  endfacet
  facet normal 0 0 1
    outer loop
      vertex 6.087614290087206 7.933533402912351 25
      vertex 6.01471845983182 5.274766520800551 25
      vertex 6.346826722329881 4.870091432069765 25
    endloop
  endfacet
  facet normal 0 0 1
    outer loop
      vertex 6.087614290087206 7.933533402912351 25
      vertex 5.656854249492381 5.656854249492381 25
      vertex 6.01471845983182 5.274766520800551 25
    endloop
  endfacet
  facet normal 0 0 1
    outer loop
      vertex 5.555702330196022 8.314696123025453 25
      vertex 5.274766520800551 6.01471845983182 25
      vertex 5.656854249492381 5.656854249492381 25
    endloop
  endfacet
  facet normal 0 0 1
    outer loop
      vertex 5 8.660254037844386 25
      vertex 5.274766520800551 6.01471845983182 25
      vertex 5.555702330196022 8.314696123025453 25
    endloop
  endfacet
  facet normal 0 0 1
    outer loop
      vertex 5.555702330196022 8.314696123025453 25
      vertex 5.656854249492381 5.656854249492381 25
      vertex 6.087614290087206 7.933533402912351 25
    endloop
  endfacet
  facet normal 0 0 1
    outer loop
      vertex 6.593458151000688 7.518398074789775 25
      vertex 6.087614290087206 7.933533402912351 25
      vertex 6.346826722329881 4.870091432069765 25
    endloop
  endfacet
  facet normal 0 0 1
    outer loop
      vertex 6.593458151000688 7.518398074789775 25
      vertex 6.651756898420362 4.444561864156817 25
      vertex 6.928203230275509 4 25
    endloop
  endfacet
  facet normal 0 0 1
    outer loop
      vertex 6.593458151000688 7.518398074789775 25
      vertex 6.346826722329881 4.870091432069765 25
      vertex 6.651756898420362 4.444561864156817 25
    endloop
  endfacet
  facet normal 0 0 1
    outer loop
      vertex 7.0710678118654755 7.0710678118654755 25
      vertex 6.593458151000688 7.518398074789775 25
      vertex 6.928203230275509 4 25
    endloop
  endfacet
  facet normal 0 0 1
    outer loop
      vertex 7.0710678118654755 7.0710678118654755 25
      vertex 7.391036260090294 3.0614674589207183 25
      vertex 7.518398074789775 6.593458151000688 25
    endloop
  endfacet
  facet normal 0.7298640726978357 0.6835923020228711 0
    outer loop
      vertex -6.01471845983182 -5.274766520800551 25
      vertex -5.656854249492381 -5.656854249492381 0
      vertex -6.01471845983182 -5.274766520800551 0
    endloop
  endfacet
  facet normal 0.6835923020228711 0.7298640726978357 0
    outer loop
      vertex -5.656854249492381 -5.656854249492381 25
      vertex -5.274766520800551 -6.01471845983182 0
      vertex -5.656854249492381 -5.656854249492381 0
    endloop
  endfacet
  facet normal 0.9738769792773339 0.2270762630343726 0
    outer loop
      vertex -7.8462822432258434 -1.560722576129026 25
      vertex -7.7274066103125465 -2.070552360820166 0
      vertex -7.8462822432258434 -1.560722576129026 0
    endloop
  endfacet
  facet normal 0.986643332084879 0.1628954733945886 0
    outer loop
      vertex -7.931558890990483 -1.0442095377604126 25
      vertex -7.8462822432258434 -1.560722576129026 0
      vertex -7.931558890990483 -1.0442095377604126 0
    endloop
  endfacet
  facet normal 0.9951847266721969 0.09801714032956065 -8.005952318743861e-20
    outer loop
      vertex -7.931558890990483 -1.0442095377604126 0
      vertex -7.982871385908828 -0.5232250338411445 0
      vertex -7.982871385908828 -0.5232250338411445 25
    endloop
  endfacet
  facet normal 0.9994645874763656 0.03271908282177657 -1.0010323087382079e-20
    outer loop
      vertex -7.982871385908828 -0.5232250338411445 0
      vertex -8 0 0
      vertex -8 0 25
    endloop
  endfacet
  facet normal 0.8128466845916156 0.5824776968678017 7.481105939273377e-19
    outer loop
      vertex -6.346826722329881 -4.870091432069765 0
      vertex -6.651756898420362 -4.444561864156817 0
      vertex -6.651756898420362 -4.444561864156817 25
    endloop
  endfacet
  facet normal 0.849202181526579 0.5280678506503678 0
    outer loop
      vertex -6.928203230275509 -4 25
      vertex -6.651756898420362 -4.444561864156817 0
      vertex -6.928203230275509 -4 0
    endloop
  endfacet
  facet normal 0.9359059267573255 0.35225004792123404 1.8065488285716917e-19
    outer loop
      vertex -7.391036260090294 -3.0614674589207183 0
      vertex -7.5754410359608455 -2.5715157224252927 0
      vertex -7.5754410359608455 -2.5715157224252927 25
    endloop
  endfacet
  facet normal 0.9108638249211756 0.41270702980439505 0
    outer loop
      vertex -7.391036260090294 -3.0614674589207183 25
      vertex -7.174981932261506 -3.5383095217520104 0
      vertex -7.391036260090294 -3.0614674589207183 0
    endloop
  endfacet
  facet normal 0.8819212643483549 0.47139673682599775 2.9643551724961607e-19
    outer loop
      vertex -6.928203230275509 -4 0
      vertex -7.174981932261506 -3.5383095217520104 0
      vertex -7.174981932261506 -3.5383095217520104 25
    endloop
  endfacet
  facet normal 0.7730104533627374 0.6343932841636448 0
    outer loop
      vertex -6.346826722329881 -4.870091432069765 25
      vertex -6.01471845983182 -5.274766520800551 0
      vertex -6.346826722329881 -4.870091432069765 0
    endloop
  endfacet
  facet normal 0.9569403357322089 0.2902846772544623 0
    outer loop
      vertex -7.7274066103125465 -2.070552360820166 25
      vertex -7.5754410359608455 -2.5715157224252927 0
      vertex -7.7274066103125465 -2.070552360820166 0
    endloop
  endfacet
  facet normal 0.5280678506503678 0.849202181526579 0
    outer loop
      vertex -4.444561864156817 -6.651756898420362 0
      vertex -4.444561864156817 -6.651756898420362 25
      vertex -4 -6.928203230275509 0
    endloop
  endfacet
  facet normal 0.6343932841636448 0.7730104533627374 0
    outer loop
      vertex -5.274766520800551 -6.01471845983182 0
      vertex -5.274766520800551 -6.01471845983182 25
      vertex -4.870091432069765 -6.346826722329881 0
    endloop
  endfacet
  facet normal 0.5824776968678017 0.8128466845916156 0
    outer loop
      vertex -4.870091432069765 -6.346826722329881 0
      vertex -4.870091432069765 -6.346826722329881 25
      vertex -4.444561864156817 -6.651756898420362 0
    endloop
  endfacet
  facet normal 0.41270702980439505 0.9108638249211756 0
    outer loop
      vertex -3.5383095217520104 -7.174981932261506 0
      vertex -3.5383095217520104 -7.174981932261506 25
      vertex -3.0614674589207183 -7.391036260090294 0
    endloop
  endfacet
  facet normal 0.47139673682599775 0.8819212643483549 0
    outer loop
      vertex -4 -6.928203230275509 0
      vertex -4 -6.928203230275509 25
      vertex -3.5383095217520104 -7.174981932261506 0
    endloop
  endfacet
  facet normal 0.35225004792123404 0.9359059267573255 0
    outer loop
      vertex -3.0614674589207183 -7.391036260090294 0
      vertex -3.0614674589207183 -7.391036260090294 25
      vertex -2.5715157224252927 -7.5754410359608455 0
    endloop
  endfacet
  facet normal 0.1628954733945886 0.986643332084879 0
    outer loop
      vertex -1.560722576129026 -7.8462822432258434 25
      vertex -1.0442095377604126 -7.931558890990483 0
      vertex -1.560722576129026 -7.8462822432258434 0
    endloop
  endfacet
  facet normal 0.09801714032956065 0.9951847266721969 0
    outer loop
      vertex -1.0442095377604126 -7.931558890990483 25
      vertex -0.5232250338411445 -7.982871385908828 0
      vertex -1.0442095377604126 -7.931558890990483 0
    endloop
  endfacet
  facet normal 0.03271908282177657 0.9994645874763656 0
    outer loop
      vertex -0.5232250338411445 -7.982871385908828 25
      vertex 0 -8 0
      vertex -0.5232250338411445 -7.982871385908828 0
    endloop
  endfacet
  facet normal 0.2902846772544623 0.9569403357322089 0
    outer loop
      vertex -2.5715157224252927 -7.5754410359608455 0
      vertex -2.5715157224252927 -7.5754410359608455 25
      vertex -2.070552360820166 -7.7274066103125465 0
    endloop
  endfacet
  facet normal 0.2270762630343726 0.9738769792773339 0
    outer loop
      vertex -2.070552360820166 -7.7274066103125465 25
      vertex -1.560722576129026 -7.8462822432258434 0
      vertex -2.070552360820166 -7.7274066103125465 0
    endloop
  endfacet
  facet normal 0.6835923020228711 0.7298640726978357 0
    outer loop
      vertex -5.274766520800551 -6.01471845983182 0
      vertex -5.656854249492381 -5.656854249492381 25
      vertex -5.274766520800551 -6.01471845983182 25
    endloop
  endfacet
  facet normal 0.7298640726978357 0.6835923020228711 -9.688121176752185e-19
    outer loop
      vertex -6.01471845983182 -5.274766520800551 25
      vertex -5.656854249492381 -5.656854249492381 25
      vertex -5.656854249492381 -5.656854249492381 0
    endloop
  endfacet
  facet normal 0.986643332084879 0.1628954733945886 1.1543471909053016e-21
    outer loop
      vertex -7.931558890990483 -1.0442095377604126 25
      vertex -7.8462822432258434 -1.560722576129026 25
      vertex -7.8462822432258434 -1.560722576129026 0
    endloop
  endfacet
  facet normal 0.9951847266721969 0.09801714032956065 -8.005952318743861e-20
    outer loop
      vertex -7.982871385908828 -0.5232250338411445 25
      vertex -7.931558890990483 -1.0442095377604126 25
      vertex -7.931558890990483 -1.0442095377604126 0
    endloop
  endfacet
  facet normal 0.9994645874763656 0.03271908282177657 0
    outer loop
      vertex -7.982871385908828 -0.5232250338411445 0
      vertex -8 0 25
      vertex -7.982871385908828 -0.5232250338411445 25
    endloop
  endfacet
  facet normal 0.849202181526579 0.5280678506503678 2.1974417058937537e-19
    outer loop
      vertex -6.928203230275509 -4 25
      vertex -6.651756898420362 -4.444561864156817 25
      vertex -6.651756898420362 -4.444561864156817 0
    endloop
  endfacet
  facet normal 0.9108638249211756 0.41270702980439505 4.347373839300303e-19
    outer loop
      vertex -7.391036260090294 -3.0614674589207183 25
      vertex -7.174981932261506 -3.5383095217520104 25
      vertex -7.174981932261506 -3.5383095217520104 0
    endloop
  endfacet
  facet normal 0.9359059267573255 0.35225004792123404 1.8065488285716917e-19
    outer loop
      vertex -7.5754410359608455 -2.5715157224252927 25
      vertex -7.391036260090294 -3.0614674589207183 25
      vertex -7.391036260090294 -3.0614674589207183 0
    endloop
  endfacet
  facet normal 0.8819212643483549 0.47139673682599775 2.9643551724961607e-19
    outer loop
      vertex -7.174981932261506 -3.5383095217520104 25
      vertex -6.928203230275509 -4 25
      vertex -6.928203230275509 -4 0
    endloop
  endfacet
  facet normal 0.8128466845916156 0.5824776968678017 7.481105939273377e-19
    outer loop
      vertex -6.651756898420362 -4.444561864156817 25
      vertex -6.346826722329881 -4.870091432069765 25
      vertex -6.346826722329881 -4.870091432069765 0
    endloop
  endfacet
  facet normal 0.7730104533627374 0.6343932841636448 -6.019423721389971e-19
    outer loop
      vertex -6.346826722329881 -4.870091432069765 25
      vertex -6.01471845983182 -5.274766520800551 25
      vertex -6.01471845983182 -5.274766520800551 0
    endloop
  endfacet
  facet normal 0.9569403357322089 0.2902846772544623 -2.0447050475928336e-19
    outer loop
      vertex -7.7274066103125465 -2.070552360820166 25
      vertex -7.5754410359608455 -2.5715157224252927 25
      vertex -7.5754410359608455 -2.5715157224252927 0
    endloop
  endfacet
  facet normal 0.9738769792773339 0.2270762630343726 1.0076104622792693e-19
    outer loop
      vertex -7.8462822432258434 -1.560722576129026 25
      vertex -7.7274066103125465 -2.070552360820166 25
      vertex -7.7274066103125465 -2.070552360820166 0
    endloop
  endfacet
  facet normal 0.5824776968678017 0.8128466845916156 0
    outer loop
      vertex -4.444561864156817 -6.651756898420362 0
      vertex -4.870091432069765 -6.346826722329881 25
      vertex -4.444561864156817 -6.651756898420362 25
    endloop
  endfacet
  facet normal 0.5280678506503678 0.849202181526579 0
    outer loop
      vertex -4 -6.928203230275509 0
      vertex -4.444561864156817 -6.651756898420362 25
      vertex -4 -6.928203230275509 25
    endloop
  endfacet
  facet normal 0.6343932841636448 0.7730104533627374 0
    outer loop
      vertex -4.870091432069765 -6.346826722329881 0
      vertex -5.274766520800551 -6.01471845983182 25
      vertex -4.870091432069765 -6.346826722329881 25
    endloop
  endfacet
  facet normal 0.47139673682599775 0.8819212643483549 0
    outer loop
      vertex -3.5383095217520104 -7.174981932261506 0
      vertex -4 -6.928203230275509 25
      vertex -3.5383095217520104 -7.174981932261506 25
    endloop
  endfacet
  facet normal 0.41270702980439505 0.9108638249211756 0
    outer loop
      vertex -3.0614674589207183 -7.391036260090294 0
      vertex -3.5383095217520104 -7.174981932261506 25
      vertex -3.0614674589207183 -7.391036260090294 25
    endloop
  endfacet
  facet normal 0.35225004792123404 0.9359059267573255 1.8065488285716917e-19
    outer loop
      vertex -3.0614674589207183 -7.391036260090294 25
      vertex -2.5715157224252927 -7.5754410359608455 25
      vertex -2.5715157224252927 -7.5754410359608455 0
    endloop
  endfacet
  facet normal 0.2270762630343726 0.9738769792773339 0
    outer loop
      vertex -1.560722576129026 -7.8462822432258434 25
      vertex -1.560722576129026 -7.8462822432258434 0
      vertex -2.070552360820166 -7.7274066103125465 25
    endloop
  endfacet
  facet normal 0.1628954733945886 0.986643332084879 0
    outer loop
      vertex -1.0442095377604126 -7.931558890990483 25
      vertex -1.0442095377604126 -7.931558890990483 0
      vertex -1.560722576129026 -7.8462822432258434 25
    endloop
  endfacet
  facet normal 0.09801714032956065 0.9951847266721969 0
    outer loop
      vertex -0.5232250338411445 -7.982871385908828 25
      vertex -0.5232250338411445 -7.982871385908828 0
      vertex -1.0442095377604126 -7.931558890990483 25
    endloop
  endfacet
  facet normal 0.03271908282177657 0.9994645874763656 0
    outer loop
      vertex 0 -8 0
      vertex -0.5232250338411445 -7.982871385908828 25
      vertex 0 -8 25
    endloop
  endfacet
  facet normal 0.2902846772544623 0.9569403357322089 0
    outer loop
      vertex -2.070552360820166 -7.7274066103125465 25
      vertex -2.070552360820166 -7.7274066103125465 0
      vertex -2.5715157224252927 -7.5754410359608455 25
    endloop
  endfacet
  facet normal 0.9994645874763656 -0.03271908282177657 1.0010323087382079e-20
    outer loop
      vertex -8 0 0
      vertex -7.982871385908828 0.5232250338411445 0
      vertex -7.982871385908828 0.5232250338411445 25
    endloop
  endfacet
  facet normal 0.9951847266721969 -0.09801714032956065 0
    outer loop
      vertex -7.931558890990483 1.0442095377604126 25
      vertex -7.982871385908828 0.5232250338411445 0
      vertex -7.931558890990483 1.0442095377604126 0
    endloop
  endfacet
  facet normal 0.986643332084879 -0.1628954733945886 0
    outer loop
      vertex -7.8462822432258434 1.560722576129026 25
      vertex -7.931558890990483 1.0442095377604126 0
      vertex -7.8462822432258434 1.560722576129026 0
    endloop
  endfacet
  facet normal 0.9738769792773339 -0.2270762630343726 -1.0076104622792693e-19
    outer loop
      vertex -7.8462822432258434 1.560722576129026 0
      vertex -7.7274066103125465 2.070552360820166 0
      vertex -7.7274066103125465 2.070552360820166 25
    endloop
  endfacet
  facet normal 0.9569403357322089 -0.2902846772544623 2.0447050475928336e-19
    outer loop
      vertex -7.7274066103125465 2.070552360820166 0
      vertex -7.5754410359608455 2.5715157224252927 0
      vertex -7.5754410359608455 2.5715157224252927 25
    endloop
  endfacet
  facet normal 0.9359059267573255 -0.35225004792123404 -1.8065488285716917e-19
    outer loop
      vertex -7.5754410359608455 2.5715157224252927 0
      vertex -7.391036260090294 3.0614674589207183 0
      vertex -7.391036260090294 3.0614674589207183 25
    endloop
  endfacet
  facet normal 0.9108638249211756 -0.41270702980439505 -4.347373839300303e-19
    outer loop
      vertex -7.391036260090294 3.0614674589207183 0
      vertex -7.174981932261506 3.5383095217520104 0
      vertex -7.174981932261506 3.5383095217520104 25
    endloop
  endfacet
  facet normal 0.8819212643483549 -0.47139673682599775 -2.9643551724961607e-19
    outer loop
      vertex -7.174981932261506 3.5383095217520104 0
      vertex -6.928203230275509 4 0
      vertex -6.928203230275509 4 25
    endloop
  endfacet
  facet normal 0.849202181526579 -0.5280678506503678 -2.1974417058937537e-19
    outer loop
      vertex -6.928203230275509 4 0
      vertex -6.651756898420362 4.444561864156817 0
      vertex -6.651756898420362 4.444561864156817 25
    endloop
  endfacet
  facet normal 0.8128466845916156 -0.5824776968678017 -7.481105939273377e-19
    outer loop
      vertex -6.651756898420362 4.444561864156817 0
      vertex -6.346826722329881 4.870091432069765 0
      vertex -6.346826722329881 4.870091432069765 25
    endloop
  endfacet
  facet normal 0.7730104533627374 -0.6343932841636448 0
    outer loop
      vertex -6.01471845983182 5.274766520800551 25
      vertex -6.346826722329881 4.870091432069765 0
      vertex -6.01471845983182 5.274766520800551 0
    endloop
  endfacet
  facet normal 0.7298640726978357 -0.6835923020228711 9.688121176752185e-19
    outer loop
      vertex -6.01471845983182 5.274766520800551 0
      vertex -5.656854249492381 5.656854249492381 0
      vertex -5.656854249492381 5.656854249492381 25
    endloop
  endfacet
  facet normal 0.6835923020228711 -0.7298640726978357 0
    outer loop
      vertex -5.274766520800551 6.01471845983182 0
      vertex -5.274766520800551 6.01471845983182 25
      vertex -5.656854249492381 5.656854249492381 0
    endloop
  endfacet
  facet normal 0.6343932841636448 -0.7730104533627374 0
    outer loop
      vertex -4.870091432069765 6.346826722329881 0
      vertex -4.870091432069765 6.346826722329881 25
      vertex -5.274766520800551 6.01471845983182 0
    endloop
  endfacet
  facet normal 0.5824776968678017 -0.8128466845916156 0
    outer loop
      vertex -4.444561864156817 6.651756898420362 0
      vertex -4.444561864156817 6.651756898420362 25
      vertex -4.870091432069765 6.346826722329881 0
    endloop
  endfacet
  facet normal 0.5280678506503678 -0.849202181526579 0
    outer loop
      vertex -4 6.928203230275509 0
      vertex -4 6.928203230275509 25
      vertex -4.444561864156817 6.651756898420362 0
    endloop
  endfacet
  facet normal 0.47139673682599775 -0.8819212643483549 0
    outer loop
      vertex -3.5383095217520104 7.174981932261506 0
      vertex -3.5383095217520104 7.174981932261506 25
      vertex -4 6.928203230275509 0
    endloop
  endfacet
  facet normal 0.41270702980439505 -0.9108638249211756 0
    outer loop
      vertex -3.0614674589207183 7.391036260090294 0
      vertex -3.0614674589207183 7.391036260090294 25
      vertex -3.5383095217520104 7.174981932261506 0
    endloop
  endfacet
  facet normal 0.35225004792123404 -0.9359059267573255 0
    outer loop
      vertex -2.5715157224252927 7.5754410359608455 25
      vertex -3.0614674589207183 7.391036260090294 0
      vertex -2.5715157224252927 7.5754410359608455 0
    endloop
  endfacet
  facet normal 0.2902846772544623 -0.9569403357322089 0
    outer loop
      vertex -2.070552360820166 7.7274066103125465 25
      vertex -2.5715157224252927 7.5754410359608455 0
      vertex -2.070552360820166 7.7274066103125465 0
    endloop
  endfacet
  facet normal 0.2270762630343726 -0.9738769792773339 0
    outer loop
      vertex -1.560722576129026 7.8462822432258434 25
      vertex -2.070552360820166 7.7274066103125465 0
      vertex -1.560722576129026 7.8462822432258434 0
    endloop
  endfacet
  facet normal 0.1628954733945886 -0.986643332084879 0
    outer loop
      vertex -1.0442095377604126 7.931558890990483 25
      vertex -1.560722576129026 7.8462822432258434 0
      vertex -1.0442095377604126 7.931558890990483 0
    endloop
  endfacet
  facet normal 0.09801714032956071 -0.9951847266721969 -1.3058506320215197e-18
    outer loop
      vertex -0.5232250338411445 7.982871385908828 25
      vertex -1.0442095377604126 7.931558890990483 0
      vertex -0.5232250338411448 7.982871385908828 0
    endloop
  endfacet
  facet normal 0.032719082821776546 -0.9994645874763656 0
    outer loop
      vertex 0 8 25
      vertex -0.5232250338411448 7.982871385908828 0
      vertex 0 8 0
    endloop
  endfacet
  facet normal 0.9994645874763656 -0.03271908282177657 0
    outer loop
      vertex -8 0 0
      vertex -7.982871385908828 0.5232250338411445 25
      vertex -8 0 25
    endloop
  endfacet
  facet normal 0.9951847266721969 -0.09801714032956065 8.005952318743861e-20
    outer loop
      vertex -7.931558890990483 1.0442095377604126 25
      vertex -7.982871385908828 0.5232250338411445 25
      vertex -7.982871385908828 0.5232250338411445 0
    endloop
  endfacet
  facet normal 0.986643332084879 -0.1628954733945886 -1.1543471909053016e-21
    outer loop
      vertex -7.8462822432258434 1.560722576129026 25
      vertex -7.931558890990483 1.0442095377604126 25
      vertex -7.931558890990483 1.0442095377604126 0
    endloop
  endfacet
  facet normal 0.9738769792773339 -0.2270762630343726 -1.0076104622792693e-19
    outer loop
      vertex -7.7274066103125465 2.070552360820166 25
      vertex -7.8462822432258434 1.560722576129026 25
      vertex -7.8462822432258434 1.560722576129026 0
    endloop
  endfacet
  facet normal 0.9569403357322089 -0.2902846772544623 0
    outer loop
      vertex -7.7274066103125465 2.070552360820166 0
      vertex -7.5754410359608455 2.5715157224252927 25
      vertex -7.7274066103125465 2.070552360820166 25
    endloop
  endfacet
  facet normal 0.9359059267573255 -0.35225004792123404 -1.8065488285716917e-19
    outer loop
      vertex -7.391036260090294 3.0614674589207183 25
      vertex -7.5754410359608455 2.5715157224252927 25
      vertex -7.5754410359608455 2.5715157224252927 0
    endloop
  endfacet
  facet normal 0.9108638249211756 -0.41270702980439505 0
    outer loop
      vertex -7.391036260090294 3.0614674589207183 0
      vertex -7.174981932261506 3.5383095217520104 25
      vertex -7.391036260090294 3.0614674589207183 25
    endloop
  endfacet
  facet normal 0.8819212643483549 -0.47139673682599775 -2.9643551724961607e-19
    outer loop
      vertex -6.928203230275509 4 25
      vertex -7.174981932261506 3.5383095217520104 25
      vertex -7.174981932261506 3.5383095217520104 0
    endloop
  endfacet
  facet normal 0.849202181526579 -0.5280678506503678 0
    outer loop
      vertex -6.928203230275509 4 0
      vertex -6.651756898420362 4.444561864156817 25
      vertex -6.928203230275509 4 25
    endloop
  endfacet
  facet normal 0.8128466845916156 -0.5824776968678017 -7.481105939273377e-19
    outer loop
      vertex -6.346826722329881 4.870091432069765 25
      vertex -6.651756898420362 4.444561864156817 25
      vertex -6.651756898420362 4.444561864156817 0
    endloop
  endfacet
  facet normal 0.7730104533627374 -0.6343932841636448 6.019423721389971e-19
    outer loop
      vertex -6.01471845983182 5.274766520800551 25
      vertex -6.346826722329881 4.870091432069765 25
      vertex -6.346826722329881 4.870091432069765 0
    endloop
  endfacet
  facet normal 0.7298640726978357 -0.6835923020228711 9.688121176752185e-19
    outer loop
      vertex -5.656854249492381 5.656854249492381 25
      vertex -6.01471845983182 5.274766520800551 25
      vertex -6.01471845983182 5.274766520800551 0
    endloop
  endfacet
  facet normal 0.6835923020228711 -0.7298640726978357 0
    outer loop
      vertex -5.656854249492381 5.656854249492381 0
      vertex -5.274766520800551 6.01471845983182 25
      vertex -5.656854249492381 5.656854249492381 25
    endloop
  endfacet
  facet normal 0.6343932841636448 -0.7730104533627374 0
    outer loop
      vertex -5.274766520800551 6.01471845983182 0
      vertex -4.870091432069765 6.346826722329881 25
      vertex -5.274766520800551 6.01471845983182 25
    endloop
  endfacet
  facet normal 0.5824776968678017 -0.8128466845916156 0
    outer loop
      vertex -4.870091432069765 6.346826722329881 0
      vertex -4.444561864156817 6.651756898420362 25
      vertex -4.870091432069765 6.346826722329881 25
    endloop
  endfacet
  facet normal 0.5280678506503678 -0.849202181526579 0
    outer loop
      vertex -4.444561864156817 6.651756898420362 0
      vertex -4 6.928203230275509 25
      vertex -4.444561864156817 6.651756898420362 25
    endloop
  endfacet
  facet normal 0.47139673682599775 -0.8819212643483549 0
    outer loop
      vertex -4 6.928203230275509 0
      vertex -3.5383095217520104 7.174981932261506 25
      vertex -4 6.928203230275509 25
    endloop
  endfacet
  facet normal 0.41270702980439505 -0.9108638249211756 0
    outer loop
      vertex -3.5383095217520104 7.174981932261506 0
      vertex -3.0614674589207183 7.391036260090294 25
      vertex -3.5383095217520104 7.174981932261506 25
    endloop
  endfacet
  facet normal 0.35225004792123404 -0.9359059267573255 0
    outer loop
      vertex -3.0614674589207183 7.391036260090294 0
      vertex -2.5715157224252927 7.5754410359608455 25
      vertex -3.0614674589207183 7.391036260090294 25
    endloop
  endfacet
  facet normal 0.2902846772544623 -0.9569403357322089 0
    outer loop
      vertex -2.5715157224252927 7.5754410359608455 25
      vertex -2.5715157224252927 7.5754410359608455 0
      vertex -2.070552360820166 7.7274066103125465 25
    endloop
  endfacet
  facet normal 0.2270762630343726 -0.9738769792773339 0
    outer loop
      vertex -2.070552360820166 7.7274066103125465 25
      vertex -2.070552360820166 7.7274066103125465 0
      vertex -1.560722576129026 7.8462822432258434 25
    endloop
  endfacet
  facet normal 0.1628954733945886 -0.986643332084879 0
    outer loop
      vertex -1.560722576129026 7.8462822432258434 25
      vertex -1.560722576129026 7.8462822432258434 0
      vertex -1.0442095377604126 7.931558890990483 25
    endloop
  endfacet
  facet normal 0.09801714032956065 -0.9951847266721969 0
    outer loop
      vertex -1.0442095377604126 7.931558890990483 25
      vertex -1.0442095377604126 7.931558890990483 0
      vertex -0.5232250338411445 7.982871385908828 25
    endloop
  endfacet
  facet normal 0.03271908282177657 -0.9994645874763656 -3.876299818287136e-19
    outer loop
      vertex 0 8 25
      vertex -0.5232250338411445 7.982871385908828 25
      vertex -0.5232250338411448 7.982871385908828 0
    endloop
  endfacet
  facet normal -0.032719082821776546 0.9994645874763656 0
    outer loop
      vertex 0 -8 0
      vertex 0 -8 25
      vertex 0.5232250338411448 -7.982871385908828 0
    endloop
  endfacet
  facet normal -0.09801714032956071 0.9951847266721969 -1.3058506320215197e-18
    outer loop
      vertex 0.5232250338411448 -7.982871385908828 0
      vertex 0.5232250338411445 -7.982871385908828 25
      vertex 1.0442095377604126 -7.931558890990483 0
    endloop
  endfacet
  facet normal -0.1628954733945886 0.986643332084879 0
    outer loop
      vertex 1.0442095377604126 -7.931558890990483 0
      vertex 1.0442095377604126 -7.931558890990483 25
      vertex 1.560722576129026 -7.8462822432258434 0
    endloop
  endfacet
  facet normal -0.2270762630343726 0.9738769792773339 0
    outer loop
      vertex 1.560722576129026 -7.8462822432258434 0
      vertex 1.560722576129026 -7.8462822432258434 25
      vertex 2.070552360820166 -7.7274066103125465 0
    endloop
  endfacet
  facet normal -0.2902846772544623 0.9569403357322089 0
    outer loop
      vertex 2.070552360820166 -7.7274066103125465 0
      vertex 2.070552360820166 -7.7274066103125465 25
      vertex 2.5715157224252927 -7.5754410359608455 0
    endloop
  endfacet
  facet normal -0.35225004792123404 0.9359059267573255 0
    outer loop
      vertex 2.5715157224252927 -7.5754410359608455 25
      vertex 3.0614674589207183 -7.391036260090294 0
      vertex 2.5715157224252927 -7.5754410359608455 0
    endloop
  endfacet
  facet normal -0.41270702980439505 0.9108638249211756 0
    outer loop
      vertex 3.0614674589207183 -7.391036260090294 0
      vertex 3.0614674589207183 -7.391036260090294 25
      vertex 3.5383095217520104 -7.174981932261506 0
    endloop
  endfacet
  facet normal -0.47139673682599775 0.8819212643483549 0
    outer loop
      vertex 3.5383095217520104 -7.174981932261506 25
      vertex 4 -6.928203230275509 0
      vertex 3.5383095217520104 -7.174981932261506 0
    endloop
  endfacet
  facet normal -0.5280678506503678 0.849202181526579 0
    outer loop
      vertex 4 -6.928203230275509 25
      vertex 4.444561864156817 -6.651756898420362 0
      vertex 4 -6.928203230275509 0
    endloop
  endfacet
  facet normal -0.5824776968678017 0.8128466845916156 0
    outer loop
      vertex 4.444561864156817 -6.651756898420362 25
      vertex 4.870091432069765 -6.346826722329881 0
      vertex 4.444561864156817 -6.651756898420362 0
    endloop
  endfacet
  facet normal -0.6343932841636448 0.7730104533627374 0
    outer loop
      vertex 4.870091432069765 -6.346826722329881 25
      vertex 5.274766520800551 -6.01471845983182 0
      vertex 4.870091432069765 -6.346826722329881 0
    endloop
  endfacet
  facet normal -0.6835923020228711 0.7298640726978357 0
    outer loop
      vertex 5.274766520800551 -6.01471845983182 25
      vertex 5.656854249492381 -5.656854249492381 0
      vertex 5.274766520800551 -6.01471845983182 0
    endloop
  endfacet
  facet normal -0.7298640726978357 0.6835923020228711 0
    outer loop
      vertex 5.656854249492381 -5.656854249492381 0
      vertex 5.656854249492381 -5.656854249492381 25
      vertex 6.01471845983182 -5.274766520800551 0
    endloop
  endfacet
  facet normal -0.7730104533627374 0.6343932841636448 6.019423721389971e-19
    outer loop
      vertex 6.346826722329881 -4.870091432069765 0
      vertex 6.01471845983182 -5.274766520800551 0
      vertex 6.01471845983182 -5.274766520800551 25
    endloop
  endfacet
  facet normal -0.8128466845916156 0.5824776968678017 0
    outer loop
      vertex 6.346826722329881 -4.870091432069765 25
      vertex 6.651756898420362 -4.444561864156817 0
      vertex 6.346826722329881 -4.870091432069765 0
    endloop
  endfacet
  facet normal -0.849202181526579 0.5280678506503678 0
    outer loop
      vertex 6.651756898420362 -4.444561864156817 25
      vertex 6.928203230275509 -4 0
      vertex 6.651756898420362 -4.444561864156817 0
    endloop
  endfacet
  facet normal -0.8819212643483549 0.47139673682599775 0
    outer loop
      vertex 6.928203230275509 -4 25
      vertex 7.174981932261506 -3.5383095217520104 0
      vertex 6.928203230275509 -4 0
    endloop
  endfacet
  facet normal -0.9108638249211756 0.41270702980439505 0
    outer loop
      vertex 7.174981932261506 -3.5383095217520104 25
      vertex 7.391036260090294 -3.0614674589207183 0
      vertex 7.174981932261506 -3.5383095217520104 0
    endloop
  endfacet
  facet normal -0.9359059267573255 0.35225004792123404 0
    outer loop
      vertex 7.391036260090294 -3.0614674589207183 25
      vertex 7.5754410359608455 -2.5715157224252927 0
      vertex 7.391036260090294 -3.0614674589207183 0
    endloop
  endfacet
  facet normal -0.9569403357322089 0.2902846772544623 0
    outer loop
      vertex 7.5754410359608455 -2.5715157224252927 25
      vertex 7.7274066103125465 -2.070552360820166 0
      vertex 7.5754410359608455 -2.5715157224252927 0
    endloop
  endfacet
  facet normal -0.9738769792773339 0.2270762630343726 0
    outer loop
      vertex 7.7274066103125465 -2.070552360820166 25
      vertex 7.8462822432258434 -1.560722576129026 0
      vertex 7.7274066103125465 -2.070552360820166 0
    endloop
  endfacet
  facet normal -0.986643332084879 0.1628954733945886 -1.1543471909053016e-21
    outer loop
      vertex 7.931558890990483 -1.0442095377604126 0
      vertex 7.8462822432258434 -1.560722576129026 0
      vertex 7.8462822432258434 -1.560722576129026 25
    endloop
  endfacet
  facet normal -0.9951847266721969 0.09801714032956065 8.005952318743861e-20
    outer loop
      vertex 7.982871385908828 -0.5232250338411445 0
      vertex 7.931558890990483 -1.0442095377604126 0
      vertex 7.931558890990483 -1.0442095377604126 25
    endloop
  endfacet
  facet normal -0.9994645874763656 0.03271908282177657 0
    outer loop
      vertex 7.982871385908828 -0.5232250338411445 0
      vertex 7.982871385908828 -0.5232250338411445 25
      vertex 8 0 0
    endloop
  endfacet
  facet normal -0.03271908282177657 0.9994645874763656 -4.359057491202454e-19
    outer loop
      vertex 0.5232250338411448 -7.982871385908828 0
      vertex 0 -8 25
      vertex 0.5232250338411445 -7.982871385908828 25
    endloop
  endfacet
  facet normal -0.09801714032956065 0.9951847266721969 0
    outer loop
      vertex 1.0442095377604126 -7.931558890990483 0
      vertex 0.5232250338411445 -7.982871385908828 25
      vertex 1.0442095377604126 -7.931558890990483 25
    endloop
  endfacet
  facet normal -0.1628954733945886 0.986643332084879 0
    outer loop
      vertex 1.560722576129026 -7.8462822432258434 0
      vertex 1.0442095377604126 -7.931558890990483 25
      vertex 1.560722576129026 -7.8462822432258434 25
    endloop
  endfacet
  facet normal -0.2270762630343726 0.9738769792773339 0
    outer loop
      vertex 2.070552360820166 -7.7274066103125465 0
      vertex 1.560722576129026 -7.8462822432258434 25
      vertex 2.070552360820166 -7.7274066103125465 25
    endloop
  endfacet
  facet normal -0.2902846772544623 0.9569403357322089 0
    outer loop
      vertex 2.5715157224252927 -7.5754410359608455 0
      vertex 2.070552360820166 -7.7274066103125465 25
      vertex 2.5715157224252927 -7.5754410359608455 25
    endloop
  endfacet
  facet normal -0.35225004792123404 0.9359059267573255 0
    outer loop
      vertex 3.0614674589207183 -7.391036260090294 0
      vertex 2.5715157224252927 -7.5754410359608455 25
      vertex 3.0614674589207183 -7.391036260090294 25
    endloop
  endfacet
  facet normal -0.41270702980439505 0.9108638249211756 0
    outer loop
      vertex 3.5383095217520104 -7.174981932261506 25
      vertex 3.5383095217520104 -7.174981932261506 0
      vertex 3.0614674589207183 -7.391036260090294 25
    endloop
  endfacet
  facet normal -0.47139673682599775 0.8819212643483549 0
    outer loop
      vertex 4 -6.928203230275509 25
      vertex 4 -6.928203230275509 0
      vertex 3.5383095217520104 -7.174981932261506 25
    endloop
  endfacet
  facet normal -0.5280678506503678 0.849202181526579 0
    outer loop
      vertex 4.444561864156817 -6.651756898420362 25
      vertex 4.444561864156817 -6.651756898420362 0
      vertex 4 -6.928203230275509 25
    endloop
  endfacet
  facet normal -0.5824776968678017 0.8128466845916156 0
    outer loop
      vertex 4.870091432069765 -6.346826722329881 25
      vertex 4.870091432069765 -6.346826722329881 0
      vertex 4.444561864156817 -6.651756898420362 25
    endloop
  endfacet
  facet normal -0.6343932841636448 0.7730104533627374 0
    outer loop
      vertex 5.274766520800551 -6.01471845983182 25
      vertex 5.274766520800551 -6.01471845983182 0
      vertex 4.870091432069765 -6.346826722329881 25
    endloop
  endfacet
  facet normal -0.6835923020228711 0.7298640726978357 0
    outer loop
      vertex 5.656854249492381 -5.656854249492381 25
      vertex 5.656854249492381 -5.656854249492381 0
      vertex 5.274766520800551 -6.01471845983182 25
    endloop
  endfacet
  facet normal -0.7298640726978357 0.6835923020228711 9.688121176752185e-19
    outer loop
      vertex 5.656854249492381 -5.656854249492381 25
      vertex 6.01471845983182 -5.274766520800551 25
      vertex 6.01471845983182 -5.274766520800551 0
    endloop
  endfacet
  facet normal -0.7730104533627374 0.6343932841636448 6.019423721389971e-19
    outer loop
      vertex 6.01471845983182 -5.274766520800551 25
      vertex 6.346826722329881 -4.870091432069765 25
      vertex 6.346826722329881 -4.870091432069765 0
    endloop
  endfacet
  facet normal -0.8128466845916156 0.5824776968678017 -7.481105939273377e-19
    outer loop
      vertex 6.346826722329881 -4.870091432069765 25
      vertex 6.651756898420362 -4.444561864156817 25
      vertex 6.651756898420362 -4.444561864156817 0
    endloop
  endfacet
  facet normal -0.849202181526579 0.5280678506503678 -2.1974417058937537e-19
    outer loop
      vertex 6.651756898420362 -4.444561864156817 25
      vertex 6.928203230275509 -4 25
      vertex 6.928203230275509 -4 0
    endloop
  endfacet
  facet normal -0.8819212643483549 0.47139673682599775 -2.9643551724961607e-19
    outer loop
      vertex 6.928203230275509 -4 25
      vertex 7.174981932261506 -3.5383095217520104 25
      vertex 7.174981932261506 -3.5383095217520104 0
    endloop
  endfacet
  facet normal -0.9108638249211756 0.41270702980439505 -4.347373839300303e-19
    outer loop
      vertex 7.174981932261506 -3.5383095217520104 25
      vertex 7.391036260090294 -3.0614674589207183 25
      vertex 7.391036260090294 -3.0614674589207183 0
    endloop
  endfacet
  facet normal -0.9359059267573255 0.35225004792123404 -1.8065488285716917e-19
    outer loop
      vertex 7.391036260090294 -3.0614674589207183 25
      vertex 7.5754410359608455 -2.5715157224252927 25
      vertex 7.5754410359608455 -2.5715157224252927 0
    endloop
  endfacet
  facet normal -0.9569403357322089 0.2902846772544623 2.0447050475928336e-19
    outer loop
      vertex 7.5754410359608455 -2.5715157224252927 25
      vertex 7.7274066103125465 -2.070552360820166 25
      vertex 7.7274066103125465 -2.070552360820166 0
    endloop
  endfacet
  facet normal -0.9738769792773339 0.2270762630343726 -1.0076104622792693e-19
    outer loop
      vertex 7.7274066103125465 -2.070552360820166 25
      vertex 7.8462822432258434 -1.560722576129026 25
      vertex 7.8462822432258434 -1.560722576129026 0
    endloop
  endfacet
  facet normal -0.986643332084879 0.1628954733945886 0
    outer loop
      vertex 7.931558890990483 -1.0442095377604126 0
      vertex 7.8462822432258434 -1.560722576129026 25
      vertex 7.931558890990483 -1.0442095377604126 25
    endloop
  endfacet
  facet normal -0.9951847266721969 0.09801714032956065 8.005952318743861e-20
    outer loop
      vertex 7.931558890990483 -1.0442095377604126 25
      vertex 7.982871385908828 -0.5232250338411445 25
      vertex 7.982871385908828 -0.5232250338411445 0
    endloop
  endfacet
  facet normal -0.9994645874763656 0.03271908282177657 1.0010323087382079e-20
    outer loop
      vertex 7.982871385908828 -0.5232250338411445 25
      vertex 8 0 25
      vertex 8 0 0
    endloop
  endfacet
  facet normal -0.2270762630343726 -0.9738769792773339 0
    outer loop
      vertex 2.070552360820166 7.7274066103125465 0
      vertex 2.070552360820166 7.7274066103125465 25
      vertex 1.560722576129026 7.8462822432258434 0
    endloop
  endfacet
  facet normal -0.2902846772544623 -0.9569403357322089 0
    outer loop
      vertex 2.5715157224252927 7.5754410359608455 0
      vertex 2.5715157224252927 7.5754410359608455 25
      vertex 2.070552360820166 7.7274066103125465 0
    endloop
  endfacet
  facet normal -0.03271908282177657 -0.9994645874763656 0
    outer loop
      vertex 0.5232250338411445 7.982871385908828 0
      vertex 0.5232250338411445 7.982871385908828 25
      vertex 0 8 0
    endloop
  endfacet
  facet normal -0.09801714032956065 -0.9951847266721969 0
    outer loop
      vertex 1.0442095377604126 7.931558890990483 0
      vertex 1.0442095377604126 7.931558890990483 25
      vertex 0.5232250338411445 7.982871385908828 0
    endloop
  endfacet
  facet normal -0.1628954733945886 -0.986643332084879 0
    outer loop
      vertex 1.560722576129026 7.8462822432258434 0
      vertex 1.560722576129026 7.8462822432258434 25
      vertex 1.0442095377604126 7.931558890990483 0
    endloop
  endfacet
  facet normal -0.35225004792123404 -0.9359059267573255 0
    outer loop
      vertex 3.0614674589207183 7.391036260090294 0
      vertex 3.0614674589207183 7.391036260090294 25
      vertex 2.5715157224252927 7.5754410359608455 0
    endloop
  endfacet
  facet normal -0.47139673682599775 -0.8819212643483549 0
    outer loop
      vertex 4 6.928203230275509 0
      vertex 4 6.928203230275509 25
      vertex 3.5383095217520104 7.174981932261506 0
    endloop
  endfacet
  facet normal -0.41270702980439505 -0.9108638249211756 0
    outer loop
      vertex 3.5383095217520104 7.174981932261506 0
      vertex 3.5383095217520104 7.174981932261506 25
      vertex 3.0614674589207183 7.391036260090294 0
    endloop
  endfacet
  facet normal -0.5824776968678017 -0.8128466845916156 0
    outer loop
      vertex 4.870091432069765 6.346826722329881 0
      vertex 4.870091432069765 6.346826722329881 25
      vertex 4.444561864156817 6.651756898420362 0
    endloop
  endfacet
  facet normal -0.6343932841636448 -0.7730104533627374 0
    outer loop
      vertex 5.274766520800551 6.01471845983182 0
      vertex 5.274766520800551 6.01471845983182 25
      vertex 4.870091432069765 6.346826722329881 0
    endloop
  endfacet
  facet normal -0.5280678506503678 -0.849202181526579 0
    outer loop
      vertex 4.444561864156817 6.651756898420362 25
      vertex 4 6.928203230275509 0
      vertex 4.444561864156817 6.651756898420362 0
    endloop
  endfacet
  facet normal -0.9569403357322089 -0.2902846772544623 -2.0447050475928336e-19
    outer loop
      vertex 7.5754410359608455 2.5715157224252927 0
      vertex 7.7274066103125465 2.070552360820166 0
      vertex 7.7274066103125465 2.070552360820166 25
    endloop
  endfacet
  facet normal -0.7730104533627374 -0.6343932841636448 -6.019423721389971e-19
    outer loop
      vertex 6.01471845983182 5.274766520800551 0
      vertex 6.346826722329881 4.870091432069765 0
      vertex 6.346826722329881 4.870091432069765 25
    endloop
  endfacet
  facet normal -0.8819212643483549 -0.47139673682599775 0
    outer loop
      vertex 7.174981932261506 3.5383095217520104 25
      vertex 6.928203230275509 4 0
      vertex 7.174981932261506 3.5383095217520104 0
    endloop
  endfacet
  facet normal -0.9108638249211756 -0.41270702980439505 4.347373839300303e-19
    outer loop
      vertex 7.174981932261506 3.5383095217520104 0
      vertex 7.391036260090294 3.0614674589207183 0
      vertex 7.391036260090294 3.0614674589207183 25
    endloop
  endfacet
  facet normal -0.9359059267573255 -0.35225004792123404 0
    outer loop
      vertex 7.5754410359608455 2.5715157224252927 25
      vertex 7.391036260090294 3.0614674589207183 0
      vertex 7.5754410359608455 2.5715157224252927 0
    endloop
  endfacet
  facet normal -0.849202181526579 -0.5280678506503678 2.1974417058937537e-19
    outer loop
      vertex 6.651756898420362 4.444561864156817 0
      vertex 6.928203230275509 4 0
      vertex 6.928203230275509 4 25
    endloop
  endfacet
  facet normal -0.8128466845916156 -0.5824776968678017 0
    outer loop
      vertex 6.651756898420362 4.444561864156817 25
      vertex 6.346826722329881 4.870091432069765 0
      vertex 6.651756898420362 4.444561864156817 0
    endloop
  endfacet
  facet normal -0.9994645874763656 -0.03271908282177657 0
    outer loop
      vertex 8 0 0
      vertex 8 0 25
      vertex 7.982871385908828 0.5232250338411445 0
    endloop
  endfacet
  facet normal -0.9951847266721969 -0.09801714032956065 0
    outer loop
      vertex 7.982871385908828 0.5232250338411445 25
      vertex 7.931558890990483 1.0442095377604126 0
      vertex 7.982871385908828 0.5232250338411445 0
    endloop
  endfacet
  facet normal -0.986643332084879 -0.1628954733945886 1.1543471909053016e-21
    outer loop
      vertex 7.8462822432258434 1.560722576129026 0
      vertex 7.931558890990483 1.0442095377604126 0
      vertex 7.931558890990483 1.0442095377604126 25
    endloop
  endfacet
  facet normal -0.9738769792773339 -0.2270762630343726 1.0076104622792693e-19
    outer loop
      vertex 7.7274066103125465 2.070552360820166 0
      vertex 7.8462822432258434 1.560722576129026 0
      vertex 7.8462822432258434 1.560722576129026 25
    endloop
  endfacet
  facet normal -0.6835923020228711 -0.7298640726978357 -9.688121176752185e-19
    outer loop
      vertex 5.274766520800551 6.01471845983182 0
      vertex 5.656854249492381 5.656854249492381 0
      vertex 5.656854249492381 5.656854249492381 25
    endloop
  endfacet
  facet normal -0.7298640726978357 -0.6835923020228711 -9.688121176752185e-19
    outer loop
      vertex 5.656854249492381 5.656854249492381 0
      vertex 6.01471845983182 5.274766520800551 0
      vertex 6.01471845983182 5.274766520800551 25
    endloop
  endfacet
  facet normal -0.2902846772544623 -0.9569403357322089 0
    outer loop
      vertex 2.070552360820166 7.7274066103125465 0
      vertex 2.5715157224252927 7.5754410359608455 25
      vertex 2.070552360820166 7.7274066103125465 25
    endloop
  endfacet
  facet normal -0.03271908282177657 -0.9994645874763656 0
    outer loop
      vertex 0 8 0
      vertex 0.5232250338411445 7.982871385908828 25
      vertex 0 8 25
    endloop
  endfacet
  facet normal -0.09801714032956065 -0.9951847266721969 0
    outer loop
      vertex 0.5232250338411445 7.982871385908828 0
      vertex 1.0442095377604126 7.931558890990483 25
      vertex 0.5232250338411445 7.982871385908828 25
    endloop
  endfacet
  facet normal -0.1628954733945886 -0.986643332084879 0
    outer loop
      vertex 1.0442095377604126 7.931558890990483 0
      vertex 1.560722576129026 7.8462822432258434 25
      vertex 1.0442095377604126 7.931558890990483 25
    endloop
  endfacet
  facet normal -0.2270762630343726 -0.9738769792773339 0
    outer loop
      vertex 1.560722576129026 7.8462822432258434 0
      vertex 2.070552360820166 7.7274066103125465 25
      vertex 1.560722576129026 7.8462822432258434 25
    endloop
  endfacet
  facet normal -0.35225004792123404 -0.9359059267573255 1.8065488285716917e-19
    outer loop
      vertex 3.0614674589207183 7.391036260090294 25
      vertex 2.5715157224252927 7.5754410359608455 25
      vertex 2.5715157224252927 7.5754410359608455 0
    endloop
  endfacet
  facet normal -0.41270702980439505 -0.9108638249211756 0
    outer loop
      vertex 3.0614674589207183 7.391036260090294 0
      vertex 3.5383095217520104 7.174981932261506 25
      vertex 3.0614674589207183 7.391036260090294 25
    endloop
  endfacet
  facet normal -0.47139673682599775 -0.8819212643483549 0
    outer loop
      vertex 3.5383095217520104 7.174981932261506 0
      vertex 4 6.928203230275509 25
      vertex 3.5383095217520104 7.174981932261506 25
    endloop
  endfacet
  facet normal -0.6343932841636448 -0.7730104533627374 0
    outer loop
      vertex 4.870091432069765 6.346826722329881 0
      vertex 5.274766520800551 6.01471845983182 25
      vertex 4.870091432069765 6.346826722329881 25
    endloop
  endfacet
  facet normal -0.5280678506503678 -0.849202181526579 0
    outer loop
      vertex 4 6.928203230275509 0
      vertex 4.444561864156817 6.651756898420362 25
      vertex 4 6.928203230275509 25
    endloop
  endfacet
  facet normal -0.5824776968678017 -0.8128466845916156 0
    outer loop
      vertex 4.444561864156817 6.651756898420362 25
      vertex 4.444561864156817 6.651756898420362 0
      vertex 4.870091432069765 6.346826722329881 25
    endloop
  endfacet
  facet normal -0.9738769792773339 -0.2270762630343726 0
    outer loop
      vertex 7.7274066103125465 2.070552360820166 0
      vertex 7.8462822432258434 1.560722576129026 25
      vertex 7.7274066103125465 2.070552360820166 25
    endloop
  endfacet
  facet normal -0.9569403357322089 -0.2902846772544623 -2.0447050475928336e-19
    outer loop
      vertex 7.7274066103125465 2.070552360820166 25
      vertex 7.5754410359608455 2.5715157224252927 25
      vertex 7.5754410359608455 2.5715157224252927 0
    endloop
  endfacet
  facet normal -0.7730104533627374 -0.6343932841636448 -6.019423721389971e-19
    outer loop
      vertex 6.346826722329881 4.870091432069765 25
      vertex 6.01471845983182 5.274766520800551 25
      vertex 6.01471845983182 5.274766520800551 0
    endloop
  endfacet
  facet normal -0.8128466845916156 -0.5824776968678017 7.481105939273377e-19
    outer loop
      vertex 6.651756898420362 4.444561864156817 25
      vertex 6.346826722329881 4.870091432069765 25
      vertex 6.346826722329881 4.870091432069765 0
    endloop
  endfacet
  facet normal -0.8819212643483549 -0.47139673682599775 2.9643551724961607e-19
    outer loop
      vertex 7.174981932261506 3.5383095217520104 25
      vertex 6.928203230275509 4 25
      vertex 6.928203230275509 4 0
    endloop
  endfacet
  facet normal -0.9359059267573255 -0.35225004792123404 1.8065488285716917e-19
    outer loop
      vertex 7.5754410359608455 2.5715157224252927 25
      vertex 7.391036260090294 3.0614674589207183 25
      vertex 7.391036260090294 3.0614674589207183 0
    endloop
  endfacet
  facet normal -0.9108638249211756 -0.41270702980439505 4.347373839300303e-19
    outer loop
      vertex 7.391036260090294 3.0614674589207183 25
      vertex 7.174981932261506 3.5383095217520104 25
      vertex 7.174981932261506 3.5383095217520104 0
    endloop
  endfacet
  facet normal -0.849202181526579 -0.5280678506503678 2.1974417058937537e-19
    outer loop
      vertex 6.928203230275509 4 25
      vertex 6.651756898420362 4.444561864156817 25
      vertex 6.651756898420362 4.444561864156817 0
    endloop
  endfacet
  facet normal -0.9994645874763656 -0.03271908282177657 -1.0010323087382079e-20
    outer loop
      vertex 8 0 25
      vertex 7.982871385908828 0.5232250338411445 25
      vertex 7.982871385908828 0.5232250338411445 0
    endloop
  endfacet
  facet normal -0.9951847266721969 -0.09801714032956065 -8.005952318743861e-20
    outer loop
      vertex 7.982871385908828 0.5232250338411445 25
      vertex 7.931558890990483 1.0442095377604126 25
      vertex 7.931558890990483 1.0442095377604126 0
    endloop
  endfacet
  facet normal -0.986643332084879 -0.1628954733945886 0
    outer loop
      vertex 7.8462822432258434 1.560722576129026 0
      vertex 7.931558890990483 1.0442095377604126 25
      vertex 7.8462822432258434 1.560722576129026 25
    endloop
  endfacet
  facet normal -0.7298640726978357 -0.6835923020228711 0
    outer loop
      vertex 5.656854249492381 5.656854249492381 0
      vertex 6.01471845983182 5.274766520800551 25
      vertex 5.656854249492381 5.656854249492381 25
    endloop
  endfacet
  facet normal -0.6835923020228711 -0.7298640726978357 0
    outer loop
      vertex 5.274766520800551 6.01471845983182 0
      vertex 5.656854249492381 5.656854249492381 25
      vertex 5.274766520800551 6.01471845983182 25
    endloop
  endfacet
endsolid OpenSCAD_Model
